movie_id,title_ka,release_year,genre,studio,runtime_min,premiere_date,director,writer,cinematographer,production_designer,composer,sound,editor,cast,detail_url,poster_url,fix_status
505,დათა თუთაშხია,1978,,"სს ""ქართული ფილმი""",489,,"გრიგოლ (გიგა) ლორთქიფანიძე, გურამ (გიზო) გაბესკირია",მზეჭაბუკ (ჭაბუა) ამირეჯიბი,ლევან ნამგალაშვილი,კახი ხუციშვილი,"ბიძინა (ალექსანდრე) კვერნაძე, ჯანსუღ კახიძე",გარი კუნცევი,ვასილ დოლენკო,"ოთარ მეღვინეთუხუცესი, თენგიზ არჩვაძე, იური იარვეტი, გრიგოლ წიტაიშვილი, კარლო საკანდელიძე, აკაკი ვასაძე, ვლადიმერ სოლოდნიკოვი, სოფიკო ჭიაურელი, ჯემალ სიხარულიძე, გიორგი (გოგი) ხარაბაძე, ქეთევან კიკნაძე, გრიგოლ (გიგოლა) თალაკვაძე, გივი (გურამ) ფირცხალავა, იმედა კახიანი, იპოლიტე ხვიჩია, რუსლან მიქაბერიძე, იოსებ (სოსო) გოგიჩაიშვილი, მალხაზ გორგილაძე, გიგლა ებრალიძე, გიორგი საღარაძე, გიორგი გელოვანი, გივი ბერიკაშვილი, ზურაბ ქაფიანიძე, გურამ საღარაძე, დავით(დოდო) აბაშიძე, ვასილ ჩხაიძე, სესილია თაყაიშვილი, ზურაბ (კუკური) ლაფერაძე, ია ხობუა, ოთარ კობერიძე, ლია ელიავა, გიორგი გეგეჭკორი, ივანე საყვარელიძე, ლეო ანთაძე, იზა გიგოშვილი, ბონდო გოგინავა, ელენე საყვარელიძე, გურანდა გაბუნია, მამუკა ყუფარაძე, ეფიმ ბაიკოვსკი, ანზორ ურდია, ლეო (ლევან) ფილფანი, ბუხუტი ზაქარიაძე, ნატო გაგნიძე, ვარლამ (ვალოდია) წულაძე, ზაზა მიქაშავიძე, მალხაზ ბებურიშვილი, ალექსანდრე (საშკა) იოსელიანი, იური ვასაძე, ბესარიონ ხიდეშელი, ვიქტორ ნინიძე, ვასილ შავგულიძე, ზინაიდა კვერენჩხილაძე, თამარ (თათული) დოლიძე, მიხეილ ვაშაძე, ვლადიმერ ბრეგვაძე, ფლორა (ფეოდოსია) შედანია, ვლადიმერ გულიაევი, ნოდარ მგალობლიშვილი, მარლენ ეგუტია, ავთანდილ მიქაძე, ნიკოლოზ (ბიჭიკო) ანდრონიკაშვილი, ტარიელ საყვარელიძე, თენგიზ მაისურაძე, ოთარ ზაუტაშვილი, ავთანდილ ვერულეიშვილი, ირაკლი ქოქრაშვილი, თეიმურაზ წიქორიძე, ლია კაპანაძე, დავით ოქროსცვარიძე, ბორის წიფურია, ვაჟა ფირცხალაიშვილი, ვაჟა ქოქრაშვილი, ვაჟა (სულთან) კვიტაიშვილი",http://geocinema.ge/ka/movies/505,http://geocinema.ge/uploads/MV5BOTNkNDhiMTktZGM3Ni00ZTIwLWJkMDgtMmE2YmVjNzYzNDA2XkEyXkFqcGdeQXVyNTI2NTY2MDI@._V1_.jpg,ok
516,თეთრი ბაირაღები,1990,დრამა,"სს ""ქართული ფილმი""",170,,გრიგოლ (გიგა) ლორთქიფანიძე,გრიგოლ (გიგა) ლორთქიფანიძე,ლევან ნამგალაშვილი,კახი ხუციშვილი,ბიძინა (ალექსანდრე) კვერნაძე,თამაზ მჭედლიძე,ნაზი (ლეილა) მუხიგულაშვილი,"გიორგი ხობუა, ქეთევან კიკნაძე, ოთარ მეღვინეთუხუცესი, გიორგი (გია) ბურჯანაძე, რამაზ ჩხიკვაძე, გივი ბერიკაშვილი, ლეო ანთაძე, გივი (გურამ) ფირცხალავა, ბაადურ (ბადრი) ბეგალიშვილი, თენგიზ მაისურაძე, იური ვასაძე, ნინო ლორთქიფანიძე, იოსებ (სოსო) გოგიჩაიშვილი, ვიქტორ ნინიძე, იოსებ (სოსო) ჯაჭვლიანი, ანზორ ურდია, დავით დვალიშვილი, ტრისტან ყველაიძე, გულნარა ემხვარი, ვალერი ტორონჯაძე, ნანა ლორთქიფანიძე, გიორგი (უცნობი) გაჩეჩილაძე",http://geocinema.ge/ka/movies/516,http://geocinema.ge/uploads/tetri-bairagebi.jpg,ok
620,უძინართა მზე,1992,დრამა,"სტუდია ""ადამი და ევა""",130,,თემურ ბაბლუანი,თემურ ბაბლუანი,"ვიქტორ ანდრიევსკი, ნუგზარ ნოზაძე","თემურ ხმალაძე, თამაზ ლომია",,ედიშერ გიორგაძე,გიული გრიგორიანი,"დავით კაზიშვილი, ელგუჯა ბურდული, ლია ბაბლუანი, ეკა საათაშვილი, გივი სიხარულიძე, ფლორა (ფეოდოსია) შედანია, ლეო (ლევან) ფილფანი, გივი თოხაძე, ჯ. დელიბაშვილი, მიხეილ მჟავია, რ. ტურძელაძე, ი. ელოშვილი, ს. სვეტლოვი, ზურაბ ერისთავი, თამაზ კიკნაძე, გივი ხახიძე, იოსებ (სოსო) ჯაჭვლიანი, ლიკა ქავჟარაძე, ს. ხუციშვილი, თეიმურაზ კვანტალიანი, იური ვასაძე, მამუკა კიკალეიშვილი, მ. ჯაფარიძე, მარლენ ეგუტია, თამარ ბუხნიკაშვილი, ეკა ქუთათელაძე, ვაჟა (სულთან) კვიტაიშვილი, ოთარ (II) ლითანიშვილი",http://geocinema.ge/ka/movies/620,http://geocinema.ge/uploads/Udzinarta.jpg,ok
720,სიყვარული ვენახში,2000,კომედია,"სს ""ქართული ფილმი""",29,,გიორგი შენგელაია,"გიორგი შენგელაია, ლევან კიტია, კოტე ჯანდიერი",გენო ჩირაძე,ნიკოლოზ (ნიკუშა) შენგელაია,დავით ევგენიძე,,სოფიო მაჩაიძე,"ია ფარულავა, ზაზა პაპუაშვილი, სელინა ვიუჩორეკი, მიხეილ (მიშა) გომიაშვილი, ტრისტან სარალიძე",http://geocinema.ge/ka/movies/720,http://geocinema.ge/uploads/Farulava_Ia-001.jpg,ok
964,გაღმა ნაპირი,2009,,ეროვნული კინოცენტრი,90,,გიორგი ოვაშვილი,ნუგზარ შატაიძე,შაჰრიარ ასადი,მერაბ ჯოხაძე,იოსებ (სოსო) ბარდანაშვილი,"ვლადიმერ გოლოვნიცკი, ნეზამედინ კიაიე",სუნ-მინ კიმი,"თედო ბექაური, გალობა გამბარია, ნიკა ალაჯაჯევი, თამარ მესხი, ჯანო იზორია, ლია აბულაძე, არჩილ თაბუკაშვილი, თემო გოგინავა, ბერდია ინწკირველი, ლერი ზარდიაშვილი, ლეილა ქოქოსაძე, სოფო გვრიტიშვილი, იოსებ (სოსო) ხაინდრავა, ენვერ ჩაიძე, ნოდარ ხუციშვილი, ნოდარ იაკობიძე",http://geocinema.ge/ka/movies/964,http://geocinema.ge/uploads/1gagma.jpg,ok
819,ქურდი,2007,,სტუდია ”თი-ბი-სი TV”,13,,ზაზა მერაბიშვილი,ზაზა მერაბიშვილი,ლევან მახარაძე,უშანგი იმერლიშვილი,ზაზა მარჯანიშვილი,ირაკლი ქაცარავა,კახა ხოშტარია,"ნიკოლოზ ჩხიკვაძე, მირიან საღარეიშვილი, ირაკლი კასრელიშვილი, თინა ჩაკვეტაძე, ლიზა ვადაჭკორია",http://geocinema.ge/ka/movies/819,http://geocinema.ge/uploads/ქურდი.jpg,ok
606,გარიგება,1993,კომედია,"სტუდია ""ასპიროზი""",60,,ზაქარია (ზაზა) კოლელიშვილი,"ნუნუ მატარაძე, ნათია გოგოჭური",დავით გოგილაშვილი,დავით აფციაური,გიორგი (გოგი) ჩლაიძე,გურამ შუბლაძე,მარინა კოლხიდაშვილი,"ნანული სარაჯიშვილი, გიორგი (გოგა) პიპინაშვილი, მარინა საღარაძე, დემეტრე (დუტა) სხირტლაძე, რუსლან მიქაბერიძე, მამუკა ლორია, ნინო კოლელიშვილი, ლია აბაშიძე, მერი ბალღიაშვილი, მზეო გოგოჭური",http://geocinema.ge/ka/movies/606,http://geocinema.ge/uploads/garigeba.jpg,ok
847,კიდევ ერთი ქართული ისტორია,2003,დრამა,ეროვნული კინოცენტრი,89,,ერეკლე ბადურაშვილი,ლაშა იმედაშვილი,ნუგზარ ნოზაძე,"ლევან ბზვანელი, გიორგი ხუციშვილი",დავით საყვარელიძე,ლევან კიკვიძე,,"ზაზა შერეზადიშვილი, თენგიზ არჩვაძე, ლალი ბადურაშვილი, ნანიკო ხაზარაძე, ნინი ბადურაშვილი, ზურაბ ყიფშიძე, გივი (გურამ) ფირცხალავა, გია აბესალაშვილი, გოჩა კაპანაძე, გია ფირცხალავა, გიორგი გურგულია, ირაკლი ხუნწარია, დათო ცირეკიძე, მალხაზ კუხიანიძე, გიორგი ცაავა, გოგა გველესიანი, გოგოლა კალანდაძე, თამარ (II) დათუაშვილი, იოსებ (სოსო) ლაღიძე, ზურაბ ცინცქილაძე, გია როინიშვილი, გიორგი ხუციშვილი, დავით (ჯაპანა) ხურცილავა",http://geocinema.ge/ka/movies/847,http://geocinema.ge/uploads/download.jpg,ok
129,აბეზარა,1956,კომედია,"სს ""ქართული ფილმი""",85,19.06.1957,ნიკოლოზ სანიშვილი,ალექსანდრე ვიტენზონი,დიმიტრი ფელდმანი,"ლეონიდ მამალაძე, ევგენი მაჭავარიანი, ტატიანა კრიმკოვსკაია",სულხან ცინცაძე,დავით ლომიძე,,"ლეილა აბაშიძე, თენგიზ მუშკუდიანი, გიორგი გეგეჭკორი, მარინე თბილელი, აკაკი (კაკო) კვანტალიანი, ჟუჟუნა დუგლაძე, ალექსანდრე (სანდრო) ჟორჟოლიანი, სესილია თაყაიშვილი, ივანე გვინჩიძე, ვახტანგ ფირცხალავა, გოჩა აბაშიძე, ალექსანდრე ომიაძე, ნინო (ჩიტოლია) ჩხეიძე, ნინელი ცინცაძე, ნინო ლაფაჩი, ალექსანდრე კვალიაშვილი, ალექსანდრე (ალეკო) ნინუა, მიხეილ (მამუკა) ხერხეულიძე, მიხეილ მგელაძე, მიხეილ სულთანიშვილი, ფარსმან სონღულაშვილი, იუსუფ (იოსებ) კობალაძე",http://geocinema.ge/ka/movies/129,http://geocinema.ge/uploads/220px-აბეზარა_პოსტერი_(ქართულად).jpg,ok
855,გასეირნება ყარაბაღში,2005,დრამა,"სტუდია ""რემკა""",107,,ლევან თუთბერიძე,"აკა მორჩილაძე, ირაკლი სოლომანაშვილი",გორან პავიჩევიჩი,"გიორგი (გოგი) ტატიშვილი, კოტე ჯაფარიძე",ნუკრი აბაშიძე,მიხაილ ჰოუდეკი,"ნიკო ტარიელაშვილი, ბორის მაჩიტკა","ლევან დობორჯგინიძე, მიშა (უმც) მესხი, ნინო (ნუცა) კუხიანიძე, დარია დროზდოვსკაია, ნინო კასრაძე, ართავაზ ფალოიანი, გაგიკ მელქუმოვი, ლევონ ჩიდილიანი, გიორგი გურგულია, გიორგი (უცნობი) გაჩეჩილაძე, დავით იაშვილი, ალექსანდრე (სანდრო) კაკულია, გიორგი (გოგი) ხარაბაძე, რობერტ სტურუა, ილგარი შახინგაროვი, ფიზული მამედოვი, ავეტიკი სანოსიანი, სანდრო ქუტიძე",http://geocinema.ge/ka/movies/855,http://geocinema.ge/uploads/gaseirneba.jpg,ok
851,"ზაფხული, ანუ  27 დაკარგული კოცნა",2000,,"ფილმმწარმოებელი ""სტუდია 99""",96,,ნანა ჯორჯაძე,"ირაკლი კვირიკაძე, მარინა ზვერევა, ნანა ჯორჯაძე",ფედონ პაპამიხაელი,ვაჟა ჯალაღანია,გორან ბრეგოვიჩი,,ვესელა მარჩევსკი,"ნინო (ნუცა) კუხიანიძე, ევგენი სიდიხინი, შალვა (შაკო) იაშვილი, პიერ რიშარი, ამალია მორდვინოვა, ნინო კობერიძე, ლევან უჩანეიშვილი, დავით გოგიბედაშვილი, ელგუჯა ბურდული, ბაია (ბარბარე) დვალიშვილი, ხათუნა იოსელიანი, მარინა კახიანი, გია როინიშვილი, ნანა შონია, თამარ სხირტლაძე, ნინო თარხან-მოურავი, ბაადურ წულაძე, სპარტაკ ფარჯიანი",http://geocinema.ge/ka/movies/851,http://geocinema.ge/uploads/27_missing_kisses.jpg,ok
809,სვანი,2007,დრამა,სტუდია ”თეთნულდი”,95,,"იოსებ (სოსო) ჯაჭვლიანი, ბადრი ჯაჭვლიანი","იოსებ (სოსო) ჯაჭვლიანი, ბადრი ჯაჭვლიანი, ამირან ჭიჭინაძე, ამირან (I) დოლიძე, ეკა ჯანგველაძე, ირმა ფირცხალაიშვილი",ევგენი მუზრუკოვი,თეიმურაზ არჯევანიძე,ჭაბუკა ამირანაშვილი,პაატა გოძიაშვილი,"თემურ ქოთოლაშვილი, პაატა გოძიაშვილი","ბადრი ჯაჭვლიანი, დარეჯან ხარშილაძე, ელენა ველიკანოვა, ელგუჯა ბურდული, ონისე ონიანი, ალექსანდრე სპოტნიკოვი, ზურაბ ბეგალიშვილი, ნუგზარ ყურაშვილი, იოსებ (სოსო) ჯაჭვლიანი, ზურაბ ცინცქილაძე, სალომე გასვიანი, ჯარჯი გოლეთიანი, პაატა მოისწრაფიშვილი, ნიკა ჯაჭვლიანი, ავთანდილ ახალბედაშვილი, ბერდია ახალბედაშვილი, ზურაბ მაღალაშვილი, მაია ფარჯიანი, დენიზ გონობოლინი, გეგი ფალიანი, გია ჯაფარიძე, ქართლოს მარადიშვილი, სპარტაკ ფარჯიანი",http://geocinema.ge/ka/movies/809,http://geocinema.ge/uploads/svani.jpg,ok
1001,მაიტა ნასოსი,2010,კომედია,ტელეკომპანია ”რუსთავი 2”,95,,"იოსებ (სოსო) ჯაჭვლიანი, გიორგი კაჭარავა","გიორგი კაჭარავა, იოსებ (სოსო) ჯაჭვლიანი, ირაკლი ჩიკვაიძე",კოტე გაბრიჩიძე,გელა ჯაფარიძე,ჭაბუკა ამირანაშვილი,სანდრო მაზიაშვილი,ალეკო დარჩია,"იოსებ (სოსო) ჯაჭვლიანი, გიორგი კაჭარავა, გივი (გურამ) ფირცხალავა, შორენა ბეგაშვილი, გია ჯაფარიძე, დათო როსტომაშვილი, ნიკა არაბიძე, გიორგი (ჯაბა) კილაძე, სიკო ჭუმბურიძე, დავით დავითულიანი, ნოდარ ხუციშვილი, დავით ცხვარაძე, დათო ცირეკიძე, ნუკრი გურეშიძე, ერეკლე საღლიანი, ერეკლე გურჩიანი, ლია გუდაძე, გია მუჯირი, ნინო გიორგობიანი, ხათუნა ბოკუჩავა, გურამ გუჯეჯიანი, სპარტაკ ფარჯიანი, გია ლეჟავა, დავით ბეჟიტაშვილი, ხათუნა ჟოლიძე, მანანა ორბელიანი, ნიკა ნიკოლაიშვილი, ოქსანა ტარაშჩენკო",http://geocinema.ge/ka/movies/1001,http://geocinema.ge/uploads/maita.jpg,ok
939,სამი სახლი,2008,რომანტიკული კომედია,შპს კინოსტუდია ”დამოუკიდებელი კინოპროექტი ”,96,,ზაზა ურუშაძე,ზაზა ურუშაძე,"გიორგი შველიძე, გიორგი ბერიძე",თეა თელია,გიორგი ცინცაძე,პაატა გოძიაშვილი,ალექსანდრე (ალიკა) კურანოვი,"ჟანრი ლოლაშვილი, ზურაბ ყიფშიძე, მურმან ჯინორია, დავით იაშვილი, თორნიკე ბზიავა, ნინელი ჭანკვეტაძე, ნინო ბურდული, ნინო ქორიძე, ეკატერინე (ეკა) ანდრონიკაშვილი, ნატო მურვანიძე, ვასილ ბახტაძე, სოფიკო კერვალიშვილი, მალხაზ აბულაძე, პაატა პაპუაშვილი, ანა ნიკოლაშვილი, ზაზა ქაშიბაძე, გიორგი ლორია, ზურა ინგოროყვა",http://geocinema.ge/ka/movies/939,http://geocinema.ge/uploads/Sami_Sakhli_Poster.jpg,ok
993,ქუჩის დღეები,2010,,შპს კინოსტუდია ”დამოუკიდებელი კინოპროექტი ”,86,,ლევან კოღუაშვილი,"ლევან კოღუაშვილი, ბორის ფრუმინი, ნიკოლოზ (ნიკა) მარი",არჩილ ახვლედიანი,კოტე ჯაფარიძე,რეზო კიკნაძე,"პაატა გოძიაშვილი, იაკუბ ჩეხი",ნოდარ ნოზაძე,"გუგა კოტეტიშვილი, თემო გოგიძე, ლევან ჟივიძე, ზურაბ ბეგალიშვილი, ალექსანდრე (ალეკო) ბეგალიშვილი, ზურა შარია, ლეო ანთაძე, ირაკლი რამიშვილი, ზაზა სალია, რუსუდან კობიაშვილი, ლია გუდაძე, გიორგი ყიფშიძე, გია გოგიშვილი, ნინო (II) კაკაბაძე, ალექსანდრე (სანდრო) მინდიაშვილი, ირაკლი ლოლაძე, ლევან (II) ერისთავი, ზუკა ოქროპირიძე, თამარ მელიქიშვილი, ზაქარია (ზაზა) კოლელიშვილი, ეკა ჩხეიძე, ნიკოლოზ (ნიკა) მარი, ეკა ქუთათელაძე",http://geocinema.ge/ka/movies/993,http://geocinema.ge/uploads/Street_Days.jpg,ok
166,უდიპლომო სასიძო,1961,კომედია,"სს ""ქართული ფილმი""",89,25.08.1963,ლევან ხოტივარი,"რევაზ (რეზო) ებრალიძე, ოთარ რაზმაძე, ლევან ხოტივარი",ლევ სუხოვი,"ოთარ (I) ლითანიშვილი, ლერი კენჭოშვილი",ბიძინა (ალექსანდრე) კვერნაძე,რაფიელ კეზელი,ვასილ დოლენკო,"კონსტანტინე (კოტე) მგალობლიშვილი, ბელა მირიანაშვილი, აკაკი (კაკო) კვანტალიანი, დუდუხანა წეროძე, ვახტანგ ნინუა, თენგიზ მაისურაძე, დავით(დოდო) აბაშიძე, ზანდა იოსელიანი, აკაკი ვასაძე, რევაზ ხობუა, ალექსანდრე (სანდრო) ჟორჟოლიანი, ჰენრიეტა ლეჟავა, ქართლოს კასრაძე, ალექსანდრე კვალიაშვილი, ბიჭიკო(კონსტანტინე) ამაღლობელი",http://geocinema.ge/ka/movies/166,http://geocinema.ge/uploads/udiplomo.webp,ok
104,გიორგი სააკაძე,1943,ისტორიულ-ბიოგრაფიული,თბილისის კინოსტუდია,170,14.09.1942,მიხეილ ჭიაურელი,"ანა ანტონოვსკაია, ბორის ჩორნი",ალექსანდრე დიღმელოვი,"მიხეილ გოცირიძე, რევაზ მირზაშვილი, ი. შვეცი, კონსტანტინე (კოტე) კვალიაშვილი",ანდრია ბალანჩივაძე,"ვლადიმერ დოლიძე, დავით ლომიძე",ვასილ დოლენკო,"აკაკი ხორავა, ვერიკო ანჯაფარიძე, ლიანა ასათიანი, მერაბ კოკოჩაშვილი, გაიოზ შარაშიძე, ყარამან (გუგული) მგელაძე, ზურაბ ლეჟავა, სპარტაკ ბაღაშვილი, მედეა ჯაფარიძე, სერგო ზაქარიაძე, შალვა ღამბაშიძე, ალექსანდრე (სანდრო) ჟორჟოლიანი, ალექსანდრე ომიაძე, კირილე მაჭარაძე, ნიკოლოზ მამულაშვილი, გიორგი შავგულიძე, კოხტა ყარალაშვილი, აკაკი ვასაძე, მიხეილ ჩიხლაძე, არტემ ლუსინიანი, გიორგი როსება (ბაღოღიშვილი), კოტე დაუშვილი, გიორგი ფრონისპირელი, ივანე პერესტიანი, დიმიტრი სუხიტაშვილი-გლდანელი, ვასილ ბალანჩივაძე, გიორგი დავითაშვილი, ალექსანდრე ეძგვერაძე, ზაალ ტერიშვილი, შალვა ხუსკივაძე, ალექსანდრე (შურა) ჯაგარბეკოვი, ივანე (ვანო) თოიძე, პეტრე მორსკოი, ელენე ჩოხელი",http://geocinema.ge/ka/movies/104,http://geocinema.ge/uploads/giorgi saakadze.jpg,ok
933,რევერსი (უბრალოდ თამაში),2006,კომედია,ეროვნული კინოცენტრი,60,,დიმიტრი (დიტო) ცინცაძე,"დიმიტრი (დიტო) ცინცაძე, ქეთევან გალდავაძე, გიორგი (მირიანი) მირიანაშვილი",გიორგი ბერიძე,"გიორგი ჭკუასელი, მაგდა გოლიაძე, კოტე მეფარიშვილი",,გურამ გოგუა,ალექსანდრე (ალიკა) კურანოვი,"მარიშა მაისურაძე, გიორგი ნაკაშიძე, კახა აბუაშვილი, გიორგი ყიფშიძე, ირაკლი ჩოლოყაშვილი, ნანკა კალატოზიშვილი, ეკა ნიჟარაძე, ნინო გალდავაძე, ანი ჩიქვილაძე, ვიკა გიორგობიანი, მაკა ძაგანია, თეკო ჩუბინიძე, ანი გამსახურდია, ელისო ჯულაყიძე, ნუცა ცინცაძე, დიმიტრი (დიტო) ცინცაძე",http://geocinema.ge/ka/movies/933,http://geocinema.ge/uploads/old/poster/p933.jpg,ok
227,დიდოსტატის მარჯვენა,1970,,"სს ""ქართული ფილმი""",159,,"ვახტანგ ტაბლიაშვილი, დევი აბაშიძე","კონსტანტინე გამსახურდია, ვახტანგ ტაბლიაშვილი",გიორგი ჭელიძე,"შოთა გოგოლაშვილი, კახი ხუციშვილი",არჩილ კერესელიძე,რაფიელ კეზელი,"ვასილ დოლენკო, ლარისა დიღმელოვა, ქეთევან თაღნიაშვილი","ოთარ მეღვინეთუხუცესი, სოფიკო მაღალაშვილი, ვასო გოძიაშვილი, ჯუანშერ ჯურხაძე, აკაკი ვასაძე, გიორგი გელოვანი, დიმიტრი მჭედლიძე, ლალი ბადურაშვილი, ლიანა ასათიანი, თენგიზ არჩვაძე, ვერიკო ანჯაფარიძე, დავით(დოდო) აბაშიძე, თენგიზ მუშკუდიანი, სესილია თაყაიშვილი, ლეილა აბაშიძე, ამირან ტაკიძე, სპარტაკ ბაღაშვილი, მიხეილ სულთანიშვილი, კოტე დაუშვილი, გივი თოხაძე, ზურაბ ქაფიანიძე, ცაცა (ეკატერინე) ამირეჯიბი, თამარ ციციშვილი, ტარიელ საყვარელიძე, მიხეილ ვაშაძე, მიხეილ ჩიხლაძე, შალვა ბეჟუაშვილი, ანდრო კობალაძე, ირაკლი ქოქრაშვილი, ალექსანდრე (სესიკა) კუპრაშვილი, გივი ტორონჯაძე, ვლადიმერ (ლადო) ცხვარიაშვილი, დიმიტრი ყიფიანი, არჩილ მაჩაბელი, ელენე საყვარელიძე, თათია ხაინდრავა, თამარ თუშიშვილი, ელენე (ლიკა) ჭავჭავაძე, ქართლოს მარადიშვილი, ირინე მაღალაშვილი, ნუნუ მაჭავარიანი, გიორგი ჟუჟუნაშვილი, მერაბ გეგეჭკორი",http://geocinema.ge/ka/movies/227,http://geocinema.ge/uploads/didostati.jpg,ok
169,"მე, ბებია, ილიკო და ილარიონი",1962,,"სს ""ქართული ფილმი""",92,08.06.1963,თენგიზ აბულაძე,"ნოდარ დუმბაძე, თენგიზ აბულაძე",გიორგი კალატოზიშვილი,"გივი გიგაური, კახი ხუციშვილი","არჩილ კერესელიძე, ნუგზარ ვაწაძე",რაფიელ კეზელი,,"სერგო ორჯონიკიძე, სესილია თაყაიშვილი, ალექსანდრე (სანდრო) ჟორჟოლიანი, გრიგოლ ტყაბლაძე, მანანა აბაზაძე, კირა (უმც) ანდრონიკაშვილი, თენგიზ დაუშვილი, იოსებ (სოსო) გოგიჩაიშვილი, შალვა ხერხეულიძე, ალექსანდრე გომელაური, ვახტანგ სულაქველიძე, როლანდ (მიხო) ბორაშვილი, ეკატერინე ვერულეიშვილი, ნანი ჩიქვინიძე, გია კიტია",http://geocinema.ge/ka/movies/169,http://geocinema.ge/uploads/me bebia.jpg,ok
290,ნატვრის ხე,1976,დრამა,"სს ""ქართული ფილმი""",87,,თენგიზ აბულაძე,"რევაზ ინანიშვილი, თენგიზ აბულაძე",ლომერ ახვლედიანი,რევაზ მირზაშვილი,"ბიძინა (ალექსანდრე) კვერნაძე, იაკობ ბობოხიძე",თენგიზ ნანობაშვილი,გულნარა (გულიკო) ომიაძე,"ლიკა ქავჟარაძე, იოსებ (სოსო) ჯაჭვლიანი, ზაქარია (ზაზა) კოლელიშვილი, კოტე დაუშვილი, სოფიკო ჭიაურელი, კახი კავსაძე, ეროსი მანჯგალაძე, ოთარ მეღვინეთუხუცესი, რამაზ ჩხიკვაძე, გიორგი გეგეჭკორი, სესილია თაყაიშვილი, გიორგი ხობუა, გივი ბერიკაშვილი, ჯემალ ღაღანიძე, დავით პაპუაშვილი, ბორის წიფურია, ია ხობუა, მზია მახვილაძე, თემინა ტუაევა, დათო აბაშიძე, თინათინ ბურბუთაშვილი, შოთა სხირტლაძე, ბერტა ხაფავა, ლეილა ძიგრაშვილი, ა. დოლენჯიშვილი, ზაზა ხალვაში, ნათელა მახალდიანი, მ. ჭაბაშვილი, გ. მეჭურჭლიშვილი, ასმათ ტყაბლაძე, დავით უფლისაშვილი, გივი ჭიჭინაძე, დავით კვირცხალია",http://geocinema.ge/ka/movies/290,http://geocinema.ge/uploads/natvris xe.jpg,ok
1009,უშენოდ მგონი მოვკვდები,2010,,ეროვნული კინოცენტრი,102,,ლევან თუთბერიძე,აკა მორჩილაძე,გიორგი შველიძე,ვაჟა ჯალაღანია,ნუკრი აბაშიძე,პაატა გოძიაშვილი,,"გიორგი ზანგური, ირაკლი სანაია, ია სუხიტაშვილი, შორენა ბეგაშვილი, მიხეილ (მიშა) გომიაშვილი, ლევან ხურცია, კახა კინწურაშვილი",http://geocinema.ge/ka/movies/1009,http://geocinema.ge/uploads/ushenod.jpg,ok
316,ყვარყვარე,1978,კომედია,"სს ""ქართული ფილმი""",87,,დევი აბაშიძე,"რეზო ჭეიშვილი, დევი აბაშიძე",იგორ ამასიისკი,"დიმიტრი ერისთავი, ბორის ცხაკაია",ჯანსუღ კახიძე,იმერი მანჯგალაძე,"ვასილ დოლენკო, როზა ჯიკაევა","დავით(დოდო) აბაშიძე, გულჩინა დადიანი, ნანა ესაკია, ქეთევან შარიქაძე, მიხეილ ვაშაძე, ეროსი მანჯგალაძე, შოთა გაბელაია, ვიქტორ ნინიძე, კახი კავსაძე, გივი თოხაძე, გივი (გურამ) ფირცხალავა, ბაადურ წულაძე, გიგლა ფირცხალავა, ნიკოლოზ (ბიჭიკო) ანდრონიკაშვილი, ანზორ ურდია, გია გამყრელიძე-ძნელაძე, აბესალომ ლორია, დავით კვირცხალია, იოსებ (სოსო) ლაღიძე, ვაჟა (სულთან) კვიტაიშვილი, სესილია თაყაიშვილი, დუდუხანა წეროძე, გრიგოლ ტყაბლაძე, დავით ოქროსცვარიძე, ნ. ქამუშაძე, როდერ ჩაჩანიძე, მანანა გამცემლიძე, ც. კუტალაძე, ირინა ჯაბადარი, კ. ლომიძე, გურამ ნიკოლაიშვილი, კოტე ბურჯანაძე, თამაზ დანელია, ირაკლი ქოქრაშვილი, გიორგი ჟუჟუნაშვილი, შალვა ჯანიაშვილი, იოსებ (სოსო) ხაინდრავა, ვასილ ჩხაიძე, რ. დოიაშვილი, ალექსანდრე ეძგვერაძე, მიხეილ (მამუკა) ხერხეულიძე, ბონდო გოგინავა, ვახტანგ ნინუა, ჯუმბერ ძიძავა, რევაზ ასათიანი, ლ. მორჩილაძე, გ. ვახტანგიშვილი",http://geocinema.ge/ka/movies/316,http://geocinema.ge/uploads/kvarkvare1.jpg,ok
249,მხიარული რომანი,1972,კომედია,"სს ""ქართული ფილმი""",70,,ლევან ხოტივარი,"ოთარ რაზმაძე, ანზორ სალუქვაძე, ლევან ხოტივარი",დუდარ მარგიევი,დიმიტრი თაყაიშვილი,გიორგი ცაბაძე,რაფიელ კეზელი,"ლარისა დიღმელოვა, ეთერ თავაძე","იპოლიტე ხვიჩია, ხათუნა კოტრიკაძე, რამაზ გიორგობიანი, მეგი წულუკიძე, ელენე ჩოხელი, მედეა ჩახავა, ზურაბ (კუკური) ლაფერაძე, დავით(დოდო) აბაშიძე, ბაადურ ყიფიანი, გრიგოლ (გიგოლა) თალაკვაძე, ნოდარ ფირანიშვილი, თენგიზ ჩანტლაძე, ოთარ ზაუტაშვილი, გიორგი გაბელაშვილი, ალექსანდრე (სესიკა) კუპრაშვილი, ალექსანდრე ეძგვერაძე, გიორგი ჟუჟუნაშვილი",http://geocinema.ge/ka/movies/249,http://geocinema.ge/uploads/mxiaruli.jpg,ok
118,ქეთო და კოტე,1948,მუსიკალური კომედია,თბილისის კინოსტუდია,90,08.06.1953,"ვახტანგ ტაბლიაშვილი, შალვა გედევანიშვილი",სვიმონ (სიკო) ფაშალიშვილი,ალექსანდრე დიღმელოვი,"იოსებ სუმბათაშვილი, ფარნაოზ ლაპიაშვილი","ვიქტორ დოლიძე, არჩილ კერესელიძე",როსტისლავ ლაპინსკი,ვასილ დოლენკო,"მედეა ჯაფარიძე, ბათუ კრავეიშვილი, პეტრე ამირანაშვილი, შალვა ღამბაშიძე, თამარ ჭავჭავაძე, მერი დავითაშვილი, ვასო გოძიაშვილი, გიორგი შავგულიძე, ელისაბედ ჩერქეზიშვილი, თამარ ციციშვილი, ალექსანდრე (სანდრო) ჟორჟოლიანი, აკაკი (კაკო) კვანტალიანი, ზურაბ ლეჟავა, გიორგი გელოვანი, ვერიკო ანჯაფარიძე, სესილია თაყაიშვილი, ცეცილია წუწუნავა, სერგო ზაქარიაძე, ირაკლი ქოქრაშვილი, მიხეილ მგელაძე, გიორგი ტატიშვილი, ედიშერ მაღალაშვილი, ანდრო კობალაძე, ვახტანგ ფირცხალავა, გიორგი ქორიძე, გიორგი თოლორდავა, ნატო ვაჩნაძე, იაკობ ტრიპოლსკი, დავით ჩხეიძე, ლაზარე ყაზაიშვილი, ოთარ კობერიძე, ცაცა (ეკატერინე) ამირეჯიბი, კირილე მაჭარაძე, ვალერიან დოლიძე, დავით ქუთათელაძე, ალექსანდრა თოიძე, მერაბ გეგეჭკორი, პეტრე მორსკოი, ირინე მაღალაშვილი, ვასილ ბალანჩივაძე, ლეილა ამაღლობელი, ხათუნა მახათელი, ალექსანდრე (შურა) ჯაგარბეკოვი, ივანე (ვანო) თოიძე",http://geocinema.ge/ka/movies/118,http://geocinema.ge/uploads/ketokote-ng.png,ok
273,ფეოლა,1970,,"სს ""ქართული ფილმი""",37,,ბაადურ წულაძე,"რევაზ (რეზო) გაბრიაძე, გოგი ჩარკვიანი",იური ფედნევი,გიორგი (გოგი) ალექსი-მესხიშვილი,გია ყანჩელი,ვლადიმერ დოლიძე,ნუნუ შავგულიძე,"იპოლიტე ხვიჩია, გაბრიელ (გიგლა) ცინცაძე, ლევან შამილოვი, ვასილ ჩხაიძე, ჯემალ ღაღანიძე, შოთა გაბელაია, სერგეი ფილიპოვი, ილია ბაკაკური, ევგენია მჟავანაძე, ზურაბ ქაფიანიძე, გიორგი (გია) ტყეშელაშვილი",http://geocinema.ge/ka/movies/273,http://geocinema.ge/uploads/idioto.jpg,ok
928,იდიოტოკრატია,2008,,”ვარს-სტუდიო”,115,,ავთანდილ ვარსიმაშვილი,ავთანდილ ვარსიმაშვილი,"მიხეილ მაღალაშვილი, ნუგზარ ნოზაძე",ნინო კიტია,,"ალექსანდრე სარიშვილი, მამუკა ჯავახიშვილი",დიმიტრი მიასნიკოვი,"ნიკოლოზ გომელაური, ალექსანდრე (სანდრო) მარგალიტაშვილი, ცისია მეტრეველი, კახა მიქიაშვილი, გიორგი (ჯაბა) კილაძე, ლარისა რეშეტკო, სტანისლავ (სლავა) ნათენაძე, თამუნა ნიკოლაძე, თამარ ბუხნიკაშვილი, ვახტანგ (ბუბა) კიკაბიძე, მამუკა მუმლაძე, ქეთა ლორთქიფანიძე, თინათინ (თიკო) კორძაძე, ვანოლ (ვანო) ქურასბედიანი, ოთარ კოვზირიძე, გიორგი ჯიქია, ამირან ქაჩიბაია, მერაბ სანოძე, კახა გოგიძე, გოგა ბარბაქაძე, გიორგი ვარსიმაშვილი, მიხეილ არჯევანიძე, მამუკა ლორია, დიმიტრი (დიმა) მერაბიშვილი, ანატოლი ჰაიდე, დიმიტრი (დიმა) სპორიშევი, ეთერ მაღლაკელიძე, ეკა აბშილავა, თათია თათარაშვილი, მაშო მელქაძე",http://geocinema.ge/ka/movies/928,http://geocinema.ge/uploads/idioto.jpg,ok
196,"რაც გინახავს, ვეღარ ნახავ",1965,,"სს ""ქართული ფილმი""",82,,მიხეილ ჭიაურელი,"ნოდარ წულეისკირი, მიხეილ ჭიაურელი",დუდარ მარგიევი,"სერაფიონ ვაწაძე, ფარნაოზ ლაპიაშვილი",რევაზ ლაღიძე,"დავით ლომიძე, ეთერ ჯებაშვილი, შალვა ჩიტიძე",ვასილ დოლენკო,"სოფიკო ჭიაურელი, გიორგი შენგელაია, აკაკი ხორავა, ვასო გოძიაშვილი, ვახტანგ ნინუა, ვერიკო ანჯაფარიძე, სერგეი მარტინსონი, არჩილ გომიაშვილი, აკაკი (კაკო) კვანტალიანი, ფარსმან სონღულაშვილი, ცაცა (ეკატერინე) ამირეჯიბი, მერი დავითაშვილი, კოტე დაუშვილი, ემანუილ აფხაიძე, ილია ბაკაკური, რევაზ ბარამიძე, ავთანდილ ვერულეიშვილი, ედიშერ მაღალაშვილი, მიხეილ სულთანიშვილი, გივი თოხაძე, კონსტანტინე (კოტე) თოლორაია, მ. ხოჯავა, დიმიტრი ყიფიანი, ირაკლი ქოქრაშვილი, ელენე ყიფშიძე, მიხეილ ჩიხლაძე",http://geocinema.ge/ka/movies/196,http://geocinema.ge/uploads/rac.jpg,ok
142,მანანა,1958,კომედია,"სს ""ქართული ფილმი""",71,08.02.1960,"ზაქარია გუდავაძე, შალვა მარტაშვილი",ელიზბარ გედევანიშვილი,ოჰანეს მაგაკიანი,თენგიზ (ჩუბჩიკა) მირზაშვილი,მარიამ (მერი) დავითაშვილი,"რაფიელ კეზელი, ეთერ ჯებაშვილი",ვასილ დოლენკო,"ნანული სარაჯიშვილი, სესილია თაყაიშვილი, ალექსანდრე (სანდრო) ჟორჟოლიანი, იაკობ ტრიპოლსკი, მედეა ჩახავა, იპოლიტე ხვიჩია, რევაზ ბარამიძე, ალექსანდრე თაყაიშვილი, ნუგზარ ბოჭორიშვილი, ალექსანდრე (სესიკა) კუპრაშვილი, დავით კუჭაიძე, იუსუფ (იოსებ) კობალაძე, ლამზირა ჩხეიძე, ალექსანდრე სიხარულიძე, ლ. კაჭკაჭიშვილი",http://geocinema.ge/ka/movies/142,http://geocinema.ge/uploads/manana.jpg,ok
845,მიდიოდა მატარებელი,2005,,"სს ""ქართული ფილმი""",77,,გიორგი შენგელაია,"ბიძინა კალანდაძე, გიორგი შენგელაია",ნუგზარ ნოზაძე,ნიკოლოზ (ნიკუშა) შენგელაია,ნიკა მემანიშვილი,პაატა გოძიაშვილი,პაატა გოძიაშვილი,"კახი კავსაძე, ზაზა პაპუაშვილი, ნანკა კალატოზიშვილი, რამაზ ჩხიკვაძე, ზურაბ ყიფშიძე, გივი ბერიკაშვილი, გიორგი (გოგა) პიპინაშვილი, კახა აბუაშვილი, ბაადურ წულაძე, გივი (გურამ) ფირცხალავა, ტრისტან სარალიძე, გურამ საღარაძე, ნანული სარაჯიშვილი, რუსლან მიქაბერიძე, ლაურა რეხვიაშვილი, მიხეილ (უმც) ჯოჯუა, პაატა მოისწრაფიშვილი, მარინა ალექსანდროვა, ქეთი ცხაკაია, მაკა შალიკაშვილი, ნატო (ნატუკა) გულისაშვილი, გეგი ფალიანი, ბესო ბარათაშვილი, ბაჩო დოღონაძე, ეკა ქართველიშვილი, გიორგი (გია) კორკოტაშვილი",http://geocinema.ge/ka/movies/845,http://geocinema.ge/uploads/midioda.jpg,ok
397,ცისფერი მთები ანუ დაუჯერებელი ამბავი,1983,კომედია,"სს ""ქართული ფილმი""",97,,ელდარ შენგელაია,რეზო ჭეიშვილი,ლევან პაატაშვილი,ბორის ცხაკაია,გია ყანჩელი,ვლადიმერ ნიკონოვი,ლეილა აშიანი,"რამაზ გიორგობიანი, ვასილ კახნიაშვილი, თეიმურაზ ჩირგაძე, ივანე საყვარელიძე, სესილია თაყაიშვილი, გრიგოლ ნაცვლიშვილი, ვლადიმერ მეზვრიშვილი, ოთარ გუნცაძე, დარეჯან სუმბათაშვილი, ზეინაბ ბოცვაძე, ნინო თუთბერიძე, მიხეილ ქიქოძე, გიორგი ჩხაიძე, გურამ ლორთქიფანიძე, გურამ პეტრიაშვილი, მედეა ჯაფარიძე, დოდო ჭიჭინაძე, ლია ელიავა, ლიკა ქავჟარაძე, ოთარ კობერიძე, ვასილ ჩხაიძე, შოთა ქოჩორაძე, გია ლაზიშვილი, ანზორ ღვინერია, ვაჟა ნოდია, დავით ხინთიბიძე, ოლღა (ლალა) თაბუკაშვილი, თეა (ნათელა) გაბუნია, მაია ლოლაძე, ომარ შოთაშვილი, ო. მელაძე, ვ. მელიქიშვილი, ოთარ (II) ლითანიშვილი",http://geocinema.ge/ka/movies/397,http://geocinema.ge/uploads/cisperi-mtebi-1.jpg,ok
442,მონანიება,1984,დრამა,"სს ""ქართული ფილმი""",151,,თენგიზ აბულაძე,"ნანა ჯანელიძე, თენგიზ აბულაძე, რეზო კვესელავა",მიხეილ აგრანოვიჩი,გიორგი (გოგი) მიქელაძე,,დიმიტრი გედევანიშვილი,გულნარა (გულიკო) ომიაძე,"ავთანდილ მახარაძე, ია ნინიძე, მერაბ ნინიძე, ზეინაბ ბოცვაძე, ქეთევან აბულაძე, ედიშერ (დავით) გიორგობიანი, კახი კავსაძე, ნინო ზაქარიაძე, ნატო ოჩიგავა, დავით ქემხაძე, ვერიკო ანჯაფარიძე, ბორის წიფურია, აკაკი ხიდაშელი, ლეო ანთაძე, რეზო ესაძე, ამირან ამირანაშვილი, ამირან ბუაძე, დავით პაპუაშვილი, შოთა სხირტლაძე, ბესარიონ ხიდეშელი, მზია მახვილაძე, თამარ ციციშვილი, მარინა კახიანი, რუსუდან კიკნაძე, ხათუნა ხობუა, ლია კაპანაძე, კოტე მახარაძე, ზურა ქავთარაძე, დავით დვალიშვილი, ნელი ჯავახიშვილი, მიხეილ (უმც) ჯოჯუა, თენგიზ კოშკაძე, პავლე ნოზაძე, თენგიზ თავარიანი, რევაზ ბარამიძე, იური ვასაძე",http://geocinema.ge/ka/movies/442,http://geocinema.ge/uploads/monanieba-merab-niniZe.jpg,ok
341,სიყვარული ყველას უნდა,1980,მუსიკალური კომედია,"სს ""ქართული ფილმი""",84,,"მიხეილ (უმც) ჭიაურელი, გიორგი შენგელაია",ლეილა ბეროშვილი,"ჯიმშერ ქრისტესაშვილი, ნიკოლოზ სუხიშვილი",გიორგი (გოგი) მიქელაძე,იოსებ (სოსო) ბარდანაშვილი,გურამ შუბლაძე,,"გივი ბერიკაშვილი, დარეჯან ხაჩიძე, ვახტანგ ფანჩულიძე, კახი კავსაძე, ბერტა ხაფავა, ლაურა რეხვიაშვილი, ამირან ქადეიშვილი, ციალა გურგენიძე, იური ვასაძე, ამირან ამირანაშვილი, ტრისტან სარალიძე, გულნარა ცირიკაშვილი, ხათუნა სონღულაშვილი, ირა ირემაშვილი, გოგი ფირიაშვილი, ჯიმშერ (ჯიმი) ლომიძე, სიმონ ბერიკაშვილი, მზექელა აჭაიძე, ბაადურ წულაძე, ბარბარე (ვარვარა) იანვარაშვილი, მერი ბალღიაშვილი, გიორგი (გოგლიკო) გამილაღდიშვილი, გიორგი (გიო) ხუციშვილი",http://geocinema.ge/ka/movies/341,http://geocinema.ge/uploads/SIYVARULI.jpg,ok
980,ყველაფერი კარგად იქნება,2009,კომედია,”ვარს-სტუდიო”,94,,ავთანდილ ვარსიმაშვილი,ავთანდილ ვარსიმაშვილი,მიხეილ მაღალაშვილი,,ზაზა კორინთელი,"სანდრო მაზიაშვილი, დათო ჩოკოლაშვილი",დიმიტრი (დიმა) ლობჟანიძე,"ნიკოლოზ გომელაური, ალექსანდრე (სანდრო) მარგალიტაშვილი, შორენა ბეგაშვილი, ირაკლი აფაქიძე, გოგა ბარბაქაძე, ლარისა რეშეტკო, აპოლონ კუბლაშვილი, ქეთა ლორთქიფანიძე, კახა მიქიაშვილი, დემეტრე (დუტა) სხირტლაძე, დავით ბეჟიტაშვილი, დიმიტრი (დიმა) მერაბიშვილი, თამაზ გაიაშვილი, ნინო გიორგობიანი, გაგიკ მელქუმოვი, ჟირაირ კარაპეტიანი, ვასილ გაბაშვილი, ცისია მეტრეველი, მამუკა ლორია, გია ნუცუბიძე, ოთარ კოვზირიძე, ეკა ქართველიშვილი, დავით ვარსიმაშვილი, დავით ტატიშვილი, დავით სუხიშვილი, გიორგი ვარსიმაშვილი, თამუნა ნიკოლაძე",http://geocinema.ge/ka/movies/980,http://geocinema.ge/uploads/yvelaferi.jpg,ok
758,ქაღალდის ნავი,2002,დრამა,,96,,გიორგი (გიო) გერსამია,გიორგი (გიო) გერსამია,"დავით ბალახაძე, შოთა მამადაშვილი",,,მალხაზ ვახტანგიშვილი,გიორგი მაისურაძე,"ლაშა-გიორგი პაპუაშვილი, გიორგი (გიო) გერსამია, გიორგი ხორგუაშვილი, ვახტანგ მიქაბერიძე, ზურაბ ქათამაძე, კახა აბუაშვილი, ოთარ მიქელაძე (მაცაბერიძე), მაიკო ღვინიაშვილი, ნინო პაპუაშვილი, ნათია ცხადაია, ზაზა ასანიშვილი, პაატა მხეიძე, მამუკა გურჩიანი, მიხეილ დეკანოიძე, ირაკლი კორძაია, ნატო ჩხეიძე, თეონა ეპიტაშვილი",http://geocinema.ge/ka/movies/758,http://geocinema.ge/uploads/qaghaldis.jpg,ok
127,ბაში-აჩუკი,1956,,"სს ""ქართული ფილმი""",94,30.11.1957,ლეო ესაკია,"ვლადიმერ კარსანიძე, ლეო ესაკია",დავით კანდელაკი,რევაზ მირზაშვილი,სულხან ცინცაძე,ვლადიმერ დოლიძე,,"ოთარ კობერიძე, დავით(დოდო) აბაშიძე, ლია ელიავა, მედეა ჩახავა, დოდო ჭიჭინაძე, კოტე დაუშვილი, იუსუფ (იოსებ) კობალაძე, მერი დავითაშვილი, გურამ საღარაძე, თამარ ციციშვილი, გიორგი შავგულიძე, მიხეილ მგელაძე, ალექსანდრე ეძგვერაძე, გივი თოხაძე, გიორგი ტატიშვილი, ნიკოლოზ წიკლაური, შალვა ბეჟუაშვილი, ირაკლი ქოქრაშვილი, გიორგი ჟუჟუნაშვილი, გრიგოლ კოსტავა, მიხეილ ჩიხლაძე",http://geocinema.ge/ka/movies/127,http://geocinema.ge/uploads/bashi.jpg,ok
251,მთვარის მოტაცება,1973,დრამა,"სს ""ქართული ფილმი""",131,,თამაზ მელიავა,"კონსტანტინე გამსახურდია, გიორგი ხუხაშვილი, თამაზ მელიავა",რომან წურწუმია,ქრისტესია ლებანიძე,სულხან ნასიძე,ლია სურმავა,"ნელი დევნოზაშვილი, ლალი ლაფანაშვილი","ოთარ მეღვინეთუხუცესი, გეიდარ ფალავანდიშვილი, ირინა ჭიჭინაძე, კოტე დაუშვილი, არიადნა შენგელაია, აკაკი ვასაძე, ეროსი მანჯგალაძე, ვარლამ (ვალოდია) წულაძე, სპარტაკ ბაღაშვილი, რამაზ ჩხიკვაძე, კირა (უმც) ანდრონიკაშვილი, იმედა კახიანი, მანუჩარ შერვაშიძე, რუსლან მიქაბერიძე, ზურაბ ქაფიანიძე, ლეო (ლევან) ფილფანი, ოთარ კოპტონაშვილი, ამირან ქადეიშვილი, ბორის წიფურია, დალი წერეთელი, ვ. შაკერბაია, კახი კავსაძე, მიხეილ ვაშაძე, თამარ ციციშვილი, შ. მანაგაძე, ვახტანგ თანდილაშვილი, თამაზ დანელია, დავით ქობულოვი (ქობულაშვილი), შალვა გედევანიშვილი, კოტე ბურჯანაძე, ალექსანდრე ეძგვერაძე, გიორგი ჟუჟუნაშვილი",http://geocinema.ge/ka/movies/251,http://geocinema.ge/uploads/mtvaris.jpg,ok
451,ფესვები,1987,დრამა,"სს ""ქართული ფილმი""",86,,ყარამან (გუგული) მგელაძე,სულიკო ჟღენტი,აბესალომ მაისურაძე,"შოთა გოგოლაშვილი, ნიკოლოზ ზანდუკელი",ალექსანდრე რაქვიაშვილი,დიმიტრი გედევანიშვილი,გულნარა (გულიკო) ომიაძე,"იოსებ (სოსო) ჯაჭვლიანი, დავით(დოდო) აბაშიძე, ია ფარულავა, ლორანს რაგონი, ლევან აბაშიძე, ალექსანდრე მეძმარიაშვილი, ნუგზარ ყურაშვილი, გიორგი გეგეჭკორი, გიორგი ჯიბლაძე, მალხაზ გორგილაძე, თამარ (ტაპო) ალადაშვილი, ბონდო გოგინავა, ი. დადიანი, ნიაზ დიასამიძე, ე. დგებუაძე, ვახტანგ ელიოზიშვილი, ლილი იოსელიანი, რუსუდან კიკნაძე, ე. კარელსკი, ედიშერ მაღალაშვილი, მაკა მახარაძე, არჩილ ფოცხვერაშვილი, გიო მგელაძე, თამარ სხირტლაძე, მერაბ ნინიძე, ნ. ჩალათაშვილი, ამირან ქადეიშვილი, იური ცანავა, ბაადურ წულაძე, ბერტა ხაფავა",http://geocinema.ge/ka/movies/451,http://geocinema.ge/uploads/fesvebi.jpg,ok
403,ადამიანთა სევდა,1984,კომედია,"სს ""ქართული ფილმი""",94,,გოდერძი ჩოხელი,გოდერძი ჩოხელი,იგორ ამასიისკი,რევაზ მირზაშვილი,ნოდარ გაბუნია,"იმერი მანჯგალაძე, გურამ გოგუა",როზა ჯიკაევა,"გივი (გურამ) ფირცხალავა, მიხეილ (მამუკა) ხერხეულიძე, თამარ სხირტლაძე, ოლია ჯანიაშვილი, ეთერ შოთაძე, ლაურა რეხვიაშვილი, ნანა ჯორჯაძე, ზანდა იოსელიანი, მზია არაბული, დ. თარხნიშვილი, თამარ თეთრაძე, ელენე ყიფშიძე, ნინო ჩხეიძე, ლერი ზარდიაშვილი, აკაკი ჩიკვაიძე, რამაზ იოსელიანი, ლია კაპანაძე, ნუცა მიქელაძე, ლევან (ლეო) სოხაშვილი, კონსტანტინე (კოტე) თოლორაია, ელენე ასლამაზიშვილი, ელგუჯა ბურდული, ლეო (ლევან) ფილფანი, ვლადიმერ (ლადო) ბურდული, აბრეკ ფხალაძე, გურამ პეტრიაშვილი, აბესალომ ლორია, კარლო საკანდელიძე, ტრისტან სარალიძე, ზურაბ (შალვა) ქირიკაშვილი, ირაკლი ტრიპოლსკი",http://geocinema.ge/ka/movies/403,http://geocinema.ge/uploads/adamianta_sevda.jpg,ok
632,სპირალი,1990,,"სს ""ქართული ფილმი""",330,,გიული ჭოხონელიძე,"ვაჟა გიგაშვილი, გურამ ფანჯიკიძე","აბესალომ მაისურაძე, ნუგზარ ნოზაძე",ირინე ქურთიშვილი,თეიმურაზ ბაკურაძე,გარი კუნცევი,როზა ჯიკაევა,"ლევან უჩანეიშვილი, ოთარ მეღვინეთუხუცესი, გიული ჭოხონელიძე, ედიშერ მაღალაშვილი, ლია ელიავა, ია ფარულავა, ლიკა ქავჟარაძე, მარიკა გიორგობიანი, თამარ ჭოხონელიძე, თეა დუდუჩავა, გია ლეჟავა, გივი სარჩიმელიძე, გივი (გურამ) ფირცხალავა, გივი თოხაძე, თენგიზ არჩვაძე, გურამ საღარაძე, ირაკლი ფრუიძე, იური კატინ-იარცევი, რეზო ჩხიკვიშვილი, ირაკლი კავსაძე",http://geocinema.ge/ka/movies/632,http://geocinema.ge/uploads/spirali.jpg,ok
134,ოთარაანთ ქვრივი,1957,,"სს ""ქართული ფილმი""",78,28.09.1958,მიხეილ ჭიაურელი,"აკაკი ბელიაშვილი, მიხეილ ჭიაურელი","დავით კანდელაკი, დიმიტრი ფელდმანი",ლეონიდ მამალაძე,სულხან ცინცაძე,ვლადიმერ დოლიძე,,"ვერიკო ანჯაფარიძე, გიორგი შენგელაია, ბორის ანდრონიკაშვილი, დინარა ჟორჟოლიანი, კოტე დაუშვილი, ირაკლი ნიჟარაძე, მერი დავითაშვილი, ალექსანდრე გომელაური, ალექსეი ზაგორსკი, ვახტანგ ნინუა, აკაკი (კაკო) კვანტალიანი, ბადრი კობახიძე, ალექსანდრე ომიაძე, მიხეილ მგელაძე, ირინე მაღალაშვილი, გიორგი დავითაშვილი, გიორგი ჟუჟუნაშვილი",http://geocinema.ge/ka/movies/134,http://geocinema.ge/uploads/otaraant.webp,ok
618,ისინი,1992,დრამა,"სს ""ქართული ფილმი""",125,,ლევან ზაქარეიშვილი,"გია ბადრიძე, ლევან ზაქარეიშვილი",ოლეგ ბაშნინი,"თამარ ფოცხიშვილი, გია ლაფერაძე",თამაზ ყურაშვილი,ედიშერ გიორგაძე,"ლალი კოლხიდაშვილი, ნუნუ თავბერიძე","ზაქარია (ზაზა) კოლელიშვილი, მინდია ლორთქიფანიძე, ქეთევან ფანცხავა, მატლიუბა ალიმოვა, სერგეი შვედკოვი, ბექა ჯგუბურია, ზვიად თავაძე, ზუხრიტდინ რეჟემეტოვი, ჯაბა შაფათავა, შოთა ქრისტესაშვილი, გოგი ჯაფარიძე, დონარა გვრიტიშვილი, ლევან კიტია",http://geocinema.ge/ka/movies/618,http://geocinema.ge/uploads/old/poster/p618.jpg,ok
749,ორმაგი სახე,1997,დრამა,"სტუდია ""სამება""",87,,ლევან ანჯაფარიძე,"ლევან ანჯაფარიძე, გიორგი კაჭარავა","იგორ ამასიისკი, გიორგი (გია) ჯაგარბეკოვი",დავით აფციაური,კაკო ვაშალომიძე,იმერი მანჯგალაძე,მარინა კოლხიდაშვილი,"გიორგი გურგულია, გიორგი ანჯაფარიძე, თემურ გვალია, ლია ქობულაძე, ზურაბ ბეგალიშვილი, ამირან შარმანაშვილი, თემურ კალანდაძე, გიორგი (გოგა) პიპინაშვილი, გიორგი კაჭარავა, გია მუჯირი, ვაჟა ფირცხალაიშვილი",http://geocinema.ge/ka/movies/749,http://geocinema.ge/uploads/ormagi.jpg,ok
453,ხარება და გოგია,1987,სათავგადასავლო,"სს ""ქართული ფილმი""",143,,გიორგი შენგელაია,"ბაადურ ბალარჯიშვილი, გიორგი შენგელაია",ლერი მაჩაიძე,"ვასილ არაბიძე, ნიკოლოზ (ნიკუშა) შენგელაია, გენო ცაავა",იაკობ ბობოხიძე,ვლადიმერ ნიკონოვი,სოფიო მაჩაიძე,"ომარ ფხაკაძე, ლევან თედიაშვილი, მიხეილ სალაძე, ავთანდილ მაისურაძე, ოთარ მეღვინეთუხუცესი, ალექსანდრე კაიდანოვსკი, თენგიზ ბერიძე, გურამ ლორთქიფანიძე, ზურაბ ანთელავა, ირაკლი ხიზანიშვილი, იური გეწაძე, ლერი ზარდიაშვილი, გიორგი ხაჩატუროვი, მზია არაბული, იობი ბართიშვილი, დავით ჯავახიშვილი, ლალი ანდრონიკაშვილი, მერაბ ვაჩნაძე, მერაბ ანდრონიკაშვილი, გივი ხახიძე, თამარ თარხნიშვილი, ოთარ ზაუტაშვილი, თემურ ჯორჯაძე, ზაქარია (ზაზა) კოლელიშვილი, ვახტანგ ფანჩულიძე, გია ჯაფარიძე, გიორგი (გიო) ხუციშვილი, მურმან ჯინორია, ნუგზარ შატაიძე, ქეთევან ნინუა, მარიამ (მარიკა) ჭიჭინაძე, იური ვასაძე, ივანე საყვარელიძე, ნინო თარხან-მოურავი, რუსლან მიქაბერიძე, შალვა ხერხეულიძე, მალხაზ ჭეიშვილი, ტრისტან სარალიძე, გოგი ფირიაშვილი, გულნარა ცირიკაშვილი, ამირან ამირანაშვილი, ნოდარ სოხაძე, თათია ხაინდრავა, ჯიმშერ (ჯიმი) ლომიძე, კახა თავართქილაძე, რეზო ჩხაიძე, მიხეილ (უმც) ჯოჯუა",http://geocinema.ge/ka/movies/453,http://geocinema.ge/uploads/khareba.jpg,ok
087,არსენა,1937,დრამა,"სს ""სახკინმრეწვი""",94,20.05.1937,მიხეილ ჭიაურელი,"ალექსანდრე (სანდრო) შანშიაშვილი, მიხეილ ჭიაურელი",ალექსანდრე დიღმელოვი,"ირაკლი გამრეკელი, თამარ აბაკელია",გრიგოლ კილაძე,როსტისლავ ლაპინსკი,ვასილ დოლენკო,"სპარტაკ ბაღაშვილი, ნატო ვაჩნაძე, ალექსანდრე იმედაშვილი, ნუცა ჩხეიძე, ვერიკო ანჯაფარიძე, ვიქტორ გამყრელიძე, ივანე პერესტიანი, პეტრე მორსკოი, ვასილ მატოვი, სეფე ლორთქიფანიძე, ცაცა (ეკატერინე) ამირეჯიბი, ზურაბ ლეჟავა, ალექსანდრე კვალიაშვილი, ემანუილ აფხაიძე, გიორგი გაბელაშვილი, ალექსანდრე გომელაური, კირილე მაჭარაძე, შალვა გედევანიშვილი, ვლადიმერ (ლადო) გვიშიანი, ნიკოლოზ ანჯაფარიძე, ზაალ ტერიშვილი, კოხტა ყარალაშვილი, გიორგი ჯავაშვილი, ალექსანდრე (სანდრო) ჟორჟოლიანი",http://geocinema.ge/ka/movies/087,http://geocinema.ge/uploads/Arsena.jpg,ok
304,რაჭა ჩემო სიყვარულო,1977,კომედია,"სს ""ქართული ფილმი""",81,,"თემურ ფალავანდიშვილი, იოზეფ მედვედი",სულიკო ჟღენტი,"დუდარ მარგიევი, ტიბორ ბიატი","შოთა გოგოლაშვილი, მილოშ კალინა","ჯანსუღ კახიძე, სვეტოზარ სტრაჩინა","ვლადიმერ ნიკონოვი, ანდრეი პოლომსკი","ედუარდ კლენოვსკი, ნელი ქრისტესაშვილი","ანდრეა ჩუნდერლიკოვა, ბადრი კაკაბაძე, გურამ ლორთქიფანიძე, ბესარიონ ხიდეშელი, იან გრეშო, დავით(დოდო) აბაშიძე, იპოლიტე ხვიჩია, რამაზ ჩხიკვაძე, ვერა სტრნისკოვა, ევა კრიჟიკოვა, კაროლ ზახარი, კარლო საკანდელიძე, ვასილ ჩხაიძე, ალექსანდრე (სესიკა) კუპრაშვილი, ნოდარ მანაგაძე, ზაირა (ზაზა) ლებანიძე, ოლდო ჰლავაჩეკი, ივანე პალუჩი, იური კოვაჩი, ნატო გაგნიძე, ფრანტიშეკ პაპი",http://geocinema.ge/ka/movies/304,http://geocinema.ge/uploads/racha.jpg,ok
140,მამლუქი,1958,სათავგადასავლო,"სს ""ქართული ფილმი""",97,03.11.1959,დავით რონდელი,დავით რონდელი,ლევ სუხოვი,რევაზ მირზაშვილი,ანდრია ბალანჩივაძე,დავით ლომიძე,,"დათო დანელია, ვ. ჯოჯუა, მანანა ლონდარიძე, ოთარ კობერიძე, აკაკი ხორავა, ლია ელიავა, გიორგი შავგულიძე, დუდუხანა წეროძე, მიხეილ ვაშაძე, ედიშერ მაღალაშვილი, ბუხუტი ზაქარიაძე, ვერიკო ანჯაფარიძე, ზურაბ (კუკური) ლაფერაძე, ალექსანდრე გომელაური, ტარიელ საყვარელიძე, გურამ საღარაძე, მიხეილ მგელაძე, ვლადისლავ ვაშაძე, ეთერ ჟორდანია, რიურიკ ჩხეიძე, მერი კანდელაკი, ირაკლი ნიჟარაძე, გრიგოლ კოსტავა, მიხეილ ჩიხლაძე, ბელა მირიანაშვილი, გენრი კავლელიშვილი",http://geocinema.ge/ka/movies/140,http://geocinema.ge/uploads/mamluqi.jpg,ok
246,როცა აყვავდა ნუში,1972,დრამა,"სს ""ქართული ფილმი""",75,,ლანა ღოღობერიძე,"ზაირა არსენიშვილი, ლანა ღოღობერიძე",გიორგი ჭელიძე,გივი გიგაური,გია ყანჩელი,ვლადიმერ დოლიძე,ქეთევან თაღნიაშვილი,"ზურაბ ყიფშიძე, გოგა ფიფია, თინათინ ვარდანაშვილი, ეკატერინე (ეკა) მაღალაშვილი, სესილია თაყაიშვილი, დავით(დოდო) აბაშიძე, ლია კაპანაძე, დიმიტრი თაყაიშვილი, მზეჭაბუკ (ჭაბუა) ამირეჯიბი, შოთა დაუშვილი, მარინე თბილელი, კახა ჩიტაია, გ. გედევანიშვილი, კოკი გაწერელია, გოგი ჩიტაია, ს. გრიგორიადისი, თ. კვარაცხელია, მ. რიჟამაძე, მერაბ აბრამიშვილი, მერაბ ჯაფარიძე, ნინო კალანდარიშვილი, ქ. მაყაშვილი, ნოდარ მგალობლიშვილი, ეკატერინე ვერულეიშვილი",http://geocinema.ge/ka/movies/246,http://geocinema.ge/uploads/Roca_ayvavda_nushi.jpg,ok
148,ნინო,1959,კინომოთხრობა,"სს ""ქართული ფილმი""",83,,ლეო ესაკია,ვიქტორ ჭანკვეტაძე,იური რიშკოვი,ნიკოლოზ ყაზბეგი,რევაზ ლაღიძე,ვლადიმერ დოლიძე,,"მედეა ჩახავა, გრიგოლ კოსტავა, დოდო ჭიჭინაძე, მერი დავითაშვილი, ნუკრი ალხაზაშვილი, ვასილ ფილიაშვილი, დალი ღოღელიანი, ციცინო ჭიჭინაძე, მალხაზ გორგილაძე, ცაცა (ეკატერინე) ამირეჯიბი, ნ. გეგია, ნ. დათუნაშვილი, გივი თოხაძე, ვ. ლეჟავა, ნელი ფილიაშვილი, მ. ჩიჩუა, შოთა კიკნაძე, ბარბარე ანდრონიკაშვილი, ნოდარ ფირანიშვილი, რევაზ ხობუა, ვლადისლავ ვაშაძე",http://geocinema.ge/ka/movies/148,http://geocinema.ge/uploads/Nino_(1959).jpg,ok
001,ქრისტინე,1918,მუნჯი / დრამა,,50,,ალექსანდრე წუწუნავა,ალექსანდრე წუწუნავა,"ალექსანდრე შუგერმანი, ალექსანდრე დიღმელოვი",,,,,"ანტონინა აბელიშვილი, გიორგი ფრონისპირელი, ვასილ (ვასო) არაბიძე, სოფიო ყიფშიძე, მარგარიტა გოგოლაშვილი, ბაბო როსტომაშვილი, ცეცილია წუწუნავა, ვასო აბაშიძე, ილია ზურაბიშვილი, ნიკო გვარაძე, თანდილა გაჩეჩილაძე, სიმონ ჟივიძე, პავლე ფრანგიშვილი, იოსებ (სოსო) თარალაშვილი, ვიქტორ მატარაძე, გიორგი იორდანიშვილი",http://geocinema.ge/ka/movies/001,http://geocinema.ge/uploads/qristine.jpg,ok
426,ყველაზე სწრაფები მსოფლიოში,1985,კომედია,"სს ""ქართული ფილმი""",66,,გიორგი (გია) მატარაძე,"ამირან ჭიჭინაძე, გიორგი (გია) მატარაძე",ლერი მაჩაიძე,გიორგი (გოგი) მიქელაძე,გომარ სიხარულიძე,გურამ გოგუა,გულნარა (გულიკო) ომიაძე,"რამაზ გიორგობიანი, ზურაბ ქაფიანიძე, გივი ბერიკაშვილი, ტრისტან სარალიძე, შოთა სხირტლაძე, ამირან ბუაძე, ზაზა ქაშიბაძე, ნესტან შარია, გივი (გურამ) ფირცხალავა, მარინა კახიანი, ზაქარია (ზაზა) კოლელიშვილი, ვაჟა ფირცხალაიშვილი, ბერდია ინწკირველი, აკაკი ხიდაშელი, დ. გაგნიძე, ზურაბ სტურუა, ივანე საყვარელიძე, ვახტანგ თანდილაშვილი, ელდარ სახლთხუციშვილი, გურამ გოგუა, მალხაზ ალავიძე, ვახტანგ მატარაძე-ჩელთისპირელი, ლაშა ცინცაძე",http://geocinema.ge/ka/movies/426,http://geocinema.ge/uploads/kvelaze.jpg,ok
423,მევლუდი,1985,ისტორიულ-ბიოგრაფიული,"სს ""ქართული ფილმი""",78,,ნიკოლოზ სანიშვილი,"ნიკოლოზ სანიშვილი, ნუგზარ შატაიძე",დუდარ მარგიევი,ბორის ცხაკაია,გომარ სიხარულიძე,ვლადიმერ დოლიძე,"მარინა კოლხიდაშვილი, ლალი ლაფანაშვილი","ზურაბ ცინცქილაძე, გიორგი გელოვანი, გივი ჩუგუაშვილი, ეკა ქუთათელაძე, მანუჩარ შერვაშიძე, ამირან ქადეიშვილი, ნოდარ იაკობიძე, შოთა სხირტლაძე, მ. გათენაძე, მალხაზ ბებურიშვილი, ც. ბრეგვაძე, ტატიანა ლავრენტიევა, იგორ ბალა, ალექსანდრე ავჩინიკოვი, სერგეი ხარჩენკო, ლერი გაფრინდაშვილი, გ. მიხელიძე, ქართლოს მარადიშვილი, ვალენტინა სიომინა, მიხეილ მინეევი, კოტე ბურჯანაძე, ნოდარ სოხაძე, შალვა აბაშიძე, კ. ბადიცკი, იური ჯიჯეიშვილი, გივი ჯაჯანიძე, ვ. გაგუა, ვლადიმერ ჩიტიშვილი, ვოლდემარ გრუზეცი, ც. მამალაძე, ა. კიპკოტაძე",http://geocinema.ge/ka/movies/423,http://geocinema.ge/uploads/mevludi.jpg,ok
206,შეხვედრა მთაში,1966,მუსიკალური კომედია,"სს ""ქართული ფილმი""",77,,ნიკოლოზ სანიშვილი,"პეტრე გრუზინსკი, ნიკოლოზ სანიშვილი",ფელიქს ვისოცკი,ლეონიდ მამალაძე,ბიძინა (ალექსანდრე) კვერნაძე,ოთარ გეგეჭკორი,,"ლეილა აბაშიძე, თენგიზ არჩვაძე, ლალი მესხი, ვახტანგ (ბუბა) კიკაბიძე, კოტე დაუშვილი, იპოლიტე ხვიჩია, ალექსი მამრიკიშვილი, ნუნუ მაჭავარიანი, ელენე ყიფშიძე, ამირან ებრალიძე, სოსო ებრალიძე, დავით ლურსმანაშვილი",http://geocinema.ge/ka/movies/206,http://geocinema.ge/uploads/shekhvedra.jpg,ok
984,გოგონა სლაიდიდან,2009,,"კინოკომპანია ""სლაიდი""",115,,გიგა აგლაძე,"ივა ჭეხაშვილი, ნოდარ კირვალიძე, გიგა გეთიაშვილი",თამაზ გოგინაშვილი,კოტე ჯაფარიძე,"გიგა აგლაძე, გიგა კუხიანიძე",გიორგი ფოფხაძე,მარინა კოლხიდაშვილი,"ზაზა (ზუზუ) ბეჟაშვილი, ნათია ახვლედიანი, პაატა პაპუაშვილი, ქეთი ციმაკურიძე, ნანიკო ხაზარაძე, ზურაბ ყიფშიძე, ეკა ჩხეიძე, მერაბ სანოძე, მარიამ ჩხიკვიშვილი, ნინი ნებიერიძე, ანი ჯორბენაძე, თაი სამხარაძე, გვანცა დარასელია, თეა აგლაძე, ქეთი (კრისტი) ყიფშიძე, ნათია მაქაცარია, დონარა გვრიტიშვილი",http://geocinema.ge/ka/movies/984,http://geocinema.ge/uploads/Gogona_slaididan.jpg,ok
122,ჭრიჭინა,1954,,"სს ""ქართული ფილმი""",97,27.12.1954,"სიკო დოლიძე, ლევან ხოტივარი","მარიამ (მარიკა) ბარათაშვილი, ლევან ხოტივარი","დიმიტრი ფელდმანი, თამარ ლობოვა",ლევან შენგელია,სულხან ცინცაძე,ვლადიმერ დოლიძე,ვასილ დოლენკო,"ლეილა აბაშიძე, ცეცილია წუწუნავა, თამარ აბაშიძე, ალექსანდრე ომიაძე, ლიანა ასათიანი, მედეა ჩახავა, რამაზ ჩხიკვაძე, დავით(დოდო) აბაშიძე, ალექსანდრე (სანდრო) ჟორჟოლიანი, გიორგი შავგულიძე, შალვა ღამბაშიძე, ალექსანდრა თოიძე, დოდო ჭიჭინაძე, თამარ ციციშვილი, გიორგი გეგეჭკორი, ბიძინა წულაძე, თამარ თუშიშვილი, ნინო (ჩიტოლია) ჩხეიძე, ემანუილ აფხაიძე, მიხეილ სულთანიშვილი, იაკობ ტრიპოლსკი, მერაბ (მურად) ხინიკაძე, ლეონიდ (ლეო) ბაქრაძე, ირინე მაღალაშვილი, გიორგი გელოვანი, ივანე გვინჩიძე, ყარამან (გუგული) მგელაძე, ნანი ჩიქვინიძე, ლაზარე ყაზაიშვილი, თამარ დოლიძე",http://geocinema.ge/ka/movies/122,http://geocinema.ge/uploads/chrichina.jpg,ok
124,მაგდანას ლურჯა,1955,,"სს ""ქართული ფილმი""",71,25.03.1956,"თენგიზ აბულაძე, რევაზ (რეზო) ჩხეიძე",კარლო გოგოძე,"ლევ სუხოვი, ალექსანდრე დიღმელოვი","იოსებ სუმბათაშვილი, ფარნაოზ ლაპიაშვილი, გივი გიგაური, კახი ხუციშვილი",არჩილ კერესელიძე,რაფიელ კეზელი,ვასილ დოლენკო,"დუდუხანა წეროძე, ლიანა მოისწრაფიშვილი, როლანდ (მიხო) ბორაშვილი, ნანი ჩიქვინიძე, აკაკი (კაკო) კვანტალიანი, ალექსანდრე ომიაძე, აკაკი ვასაძე, კარლო საკანდელიძე, ალექსანდრე თაყაიშვილი, სტეფანე გრიქუროვი, დავით(დოდო) აბაშიძე, ცაცა (ეკატერინე) ამირეჯიბი, ალექსანდრე ალაზნისპირელი, მარიამ გარიყული, შალვა გედევანიშვილი, ნუნუ მაჭავარიანი, ვასილ კახნიაშვილი, შოთა ნოზაძე, მავრ პიასეცკი, ირაკლი ქოქრაშვილი, ნინო ჩხეიძე, შალვა ხერხეულიძე, ბუხუტი ზაქარიაძე, მერი კანდელაკი, ვლადიმერ (ლადო) გვიშიანი, მერაბ გეგეჭკორი",http://geocinema.ge/ka/movies/124,http://geocinema.ge/uploads/magdana.jpg,ok
924,ქუთაისელი ბაბუა,2007,,,45,,ზაქარია (ზაზა) კოლელიშვილი,"ნათია გოგოჭური, გიზო თავაძე",დავით ასათიანი,ზაქარია (ზაზა) კოლელიშვილი,რომან რცხილაძე,ავთო ყარაშვილი,მარინა კოლხიდაშვილი,"ნაირა გელაძე, დავით (ჯაპანა) ხურცილავა, გეგი ფალიანი, ნია ხანიაშვილი, რომან რცხილაძე, ნიკუშა რცხილაძე, მაკა შალიკაშვილი, დავით როინიშვილი, გოგი ფრუიძე, გიორგი ფრუიძე, ავთო ყარაშვილი, ზაქარია (ზაზა) კოლელიშვილი",http://geocinema.ge/ka/movies/924,http://geocinema.ge/uploads/kutaiseli.jpg,ok
116,აკაკის აკვანი,1947,,თბილისის კინოსტუდია,101,,კონსტანტინე პიპინაშვილი,"ლევან ასათიანი, კონსტანტინე პიპინაშვილი",ფელიქს ვისოცკი,დავით კაკაბაძე,ალექსი მაჭავარიანი,ვლადიმერ დოლიძე,,"ომარ ჩიტაია, შოთა ქოჩორაძე, მიხეილ ყვარელაშვილი, სპარტაკ ბაღაშვილი, თამარ ციციშვილი, ალექსანდრე აფხაიძე, მედეა ჯაფარიძე, ვლადიმერ გიორგაძე, ქრისტესია ლებანიძე, ნატო ვაჩნაძე, კოტე მიქაბერიძე, კოტე დაუშვილი, ლეილა აბაშიძე, ედიშერ მაღალაშვილი, ნოდარ კანდელაკი, ივანე პერესტიანი, ალექსანდრე (სანდრო) ჟორჟოლიანი, პეტრე დოლჟანოვი, ირინე მაღალაშვილი, ირაკლი ნიჟარაძე, ზაალ ტერიშვილი, ანდრო კობალაძე, ნინო (ჩიტოლია) ჩხეიძე, ალექსანდრე (შურა) ჯაგარბეკოვი, პეტრე მორსკოი, მერაბ გეგეჭკორი, მიხეილ ჩიხლაძე, დავით ხუციშვილი",http://geocinema.ge/ka/movies/116,http://geocinema.ge/uploads/akakis-akvani-rz.jpg,ok
255,მზე შემოდგომისა,1973,ლირიული დრამა,"სს ""ქართული ფილმი""",88,,თემურ ფალავანდიშვილი,რევაზ (რეზო) თაბუკაშვილი,ლომერ ახვლედიანი,ნოშრევან ნიკოლაძე,ვაჟა აზარაშვილი,თენგიზ ნანობაშვილი,ჯულიეტა წოწონავა,"მედეა ჯაფარიძე, ოთარ მეღვინეთუხუცესი, სესილია თაყაიშვილი, გივი ბერიკაშვილი, ვასილ კახნიაშვილი, გურანდა გაბუნია, კახი კავსაძე, ლევან ჩოლოყაშვილი, ლადო გუდიაშვილი, ელენე ახვლედიანი, გიორგი საღარაძე, ოთარ კობერიძე, თამარ ციციშვილი, გიორგი გელოვანი, მალხაზ ბებურიშვილი, ნოდარ ფირანიშვილი, გრიგოლ ქსოვრელი, ირაკლი (ჯანო) ბაგრატიონი, შოთა სხირტლაძე, ამირან ბუაძე, ირაკლი ქოქრაშვილი, არჩილ ახვლედიანი, ელენე ყიფშიძე, ზურაბ (კუკური) ლაფერაძე, ელგუჯა ბეჟუაშვილი",http://geocinema.ge/ka/movies/255,http://geocinema.ge/uploads/mze-9.jpg,ok
1002,ოცნების ქალაქი,2010,ლირიული დრამა,DIS Pictures,92,,დავით იმედაშვილი,ირაკლი სოლომანაშვილი,სანდრო დარახველიძე,ირაკლი მჭედლიძე,გიგი დედალამაზიშვილი,"ბესარიონ კაჭარავა, თამთა მანძულაშვილი",გიორგი იმედაშვილი,"არჩილ სოლოღაშვილი, ნანკა კალატოზიშვილი, შორენა ბეგაშვილი, პაატა პაპუაშვილი, დემეტრე (დუტა) სხირტლაძე, ეკა კახიანი, გოგა ბარბაქაძე, შოთა ქრისტესაშვილი, ქეთი ფარცვანია, მაია ასათიანი, ანა იმედაშვილი, რუსუდან (რუსკა) მაყაშვილი, გვანცა დარასელია, ლუკა იმედაშვილი, ჯაჯუ ბონდარენკო",http://geocinema.ge/ka/movies/1002,http://geocinema.ge/uploads/ocnebis qalaqi.jpg,ok
577,წარსულის აჩრდილები,1996,ისტორიული,"სტუდია ""აისი""",114,,ლევან თუთბერიძე,"კოტე ჯანდიერი, ლევან თუთბერიძე",ჯიმშერ ქრისტესაშვილი,"დავით საჯაია, ქეთევან ფალავანდიშვილი",ბიძინა (ალექსანდრე) კვერნაძე,გურამ გოგუა,,"ოთარ მეღვინეთუხუცესი, გივი (გურამ) ფირცხალავა, დავით დარჩია, გივი ხახიძე, გიორგი (გია) ტყეშელაშვილი, ანასტასია (ტასო) ვირსალაძე, ნატაშა შენგელაია, ეკა (I) ჩხეიძე, ლალი კაკაბაძე, გივი ჩუგუაშვილი, გივი ბერიკაშვილი, ნანა კიკნაძე, მანუჩარ შერვაშიძე, იმედა კახიანი, ზურაბ ყიფშიძე, ლეო ანთაძე, გია ბერკანაძი, გიორგი (გოგი) მარგველაშვილი, ამირან (II) ამირანაშვილი, ნატო დონაძე, გია ლეჟავა, სერგო ტატალაშვილი, ვაჟა ფირცხალაიშვილი",http://geocinema.ge/ka/movies/577,http://geocinema.ge/uploads/warsulis.jpg,ok
051,ელისო,1928,მუნჯი,"სს ""სახკინმრეწვი""",79,23.10.1928,ნიკოლოზ შენგელაია,"ნიკოლოზ შენგელაია, სერგეი ტრეტიაკოვი",ვლადიმერ კერესელიძე,დიმიტრი შევარდნაძე,იონა ტუსკია,"როსტისლავ ლაპინსკი, ი. გრიგორიანი",,"კირა ანდრონიკაშვილი, კოხტა ყარალაშვილი, ალექსანდრე იმედაშვილი, ცეცილია წუწუნავა, ილია მამფორია, ალექსანდრე (სანდრო) ჟორჟოლიანი, კ. გურიანოვი, ი. გალკინი, მარო ჩმშკიანი, გოგი რატიანი, ზაალ ტერიშვილი",http://geocinema.ge/ka/movies/051,http://geocinema.ge/uploads/ზომაშეცვლილი/ელისო.jpg,ok
089,დაკარგული სამოთხე,1937,კომედია,"სს ""სახკინმრეწვი""",83,15.05.1938,დავით რონდელი,"გიორგი მდივანი, დავით რონდელი",ბორის ბურავლიოვი,"დავით კაკაბაძე, ქრისტესია ლებანიძე",ანდრია ბალანჩივაძე,დავით ლომიძე,,"დუდუხანა წეროძე, ბათუ კრავეიშვილი, არკადი ხინთიბიძე, შალვა ბეჟუაშვილი, შალვა ჯაფარიძე, ალექსანდრე (სანდრო) ჟორჟოლიანი, ვლადიმერ ტყეშელაშვილი, ილია მამფორია, ვასილ ბალანჩივაძე, შალვა ხონელი (გოგოლაშვილი), ქეთო ჯინჭველაშვილი, გიორგი ჩახავა, გიორგი ყიფიანი, გიორგი გაბელაშვილი, ირაკლი ნიჟარაძე, ემანუილ აფხაიძე, გიორგი საღარაძე, მიხეილ ჩიხლაძე, ალექსანდრე (საშა) შონია",http://geocinema.ge/ka/movies/089,http://geocinema.ge/uploads/Dakarguli samotkhe.jpg,ok
258,შერეკილები,1973,კომედია,"სს ""ქართული ფილმი""",80,,ელდარ შენგელაია,რევაზ (რეზო) გაბრიაძე,გენო ჩირაძე,"რევაზ მირზაშვილი, თენგიზ (ჩუბჩიკა) მირზაშვილი","გია ყანჩელი, ჯანსუღ კახიძე",ვლადიმერ დოლიძე,ნელი ფარცვანია,"ვასილ ჩხაიძე, დათო ჟღენტი, არიადნა შენგელაია, ბორის წიფურია, აბრეკ ფხალაძე, მერაბ ელიოზიშვილი, აკაკი (კაკო) ბაქრაძე, გრიგოლ ტყაბლაძე, იოსებ (სოსო) ხაინდრავა",http://geocinema.ge/ka/movies/258,http://geocinema.ge/uploads/sherekilebi.jpg,ok
987,რაც ყველაზე ძალიან გიყვარს 2,2009,,ფორმულა კრეატივი,100,,რატი რამიშვილი,მიშა მშვილდაძე,გორგასლან (გოგლიკა) ხაინდრავა,ვახტანგ კაკულია,"არჩილ გულედანი, ბექა ჯაფარიძე, ვახო ბაბუნაშვილი, იაკობ ბობოხიძე",ირაკლი ივანიშვილი,"ზურაბ მენთეშაშვილი, რატი რამიშვილი","გია ცინაძე, ვანო თარხნიშვილი, ანა სანაია, გიორგი კალანდაძე, ნათია წიწილაშვილი, გიორგი კალანდარიშვილი, მიხეილ არჯევანიძე, ნინო მუმლაძე, თაკო აბაშიძე, ზურა (შონზო) გაჩეჩილაძე, ნიკა (დრუპი) რამიშვილი, ბერტა ხაფავა, ნინო დუმბაძე, ნინო გაჩეჩილაძე, ვასილ (ვასიკო) ოდიშვილი, გუგა კახიანი, სოფიკო კერვალიშვილი, გიორგი ნაზარიშვილი, თემურ მაისურაძე, მედეა (დეა) მუმლაძე, ადელინა გოგუაძე, კახა კინწურაშვილი",http://geocinema.ge/ka/movies/987,http://geocinema.ge/uploads/rac yvelaze.jpg,ok
408,ჩიორა,1984,,"სს ""ქართული ფილმი""",85,,"ნელი ნენოვა, გენო წულაია",გივი (ბესო) ოდიშარია,გივი რაჭველიშვილი,გია ლაფერაძე,ალექსანდრე ბასილაია,ზურაბ ნადარაია,მარინა კოლხიდაშვილი,"ხათუნა ჩაგელიშვილი, თენგიზ გიორგაძე, გოჩა აფციაური, ვაჟა ფირცხალაიშვილი, ლია ელიავა, თეა (ნათელა) გაბუნია, კახა ღვინჯილია, თინათინ ბაბლიძე, მარიკა გოგიჩაიშვილი, გიორგი სულაძე, თამარ თუშიშვილი, ირაკლი კალანდაძე, ლია კაპანაძე, ზურაბ (კუკური) ლაფერაძე, ელენე (ჩიტო) ლანდია, ნოდარ მასხულია, ლიანა მიქაშავიძე, ნ. მიტანიკი, ი. ოქროპირიძე, სოსო პაჭკორია, გიზო სირაძე, ც. სანგულია, შოთა სხირტლაძე, გიორგი (გიო) ხვადაგიანი, მარიკა ტყეშელაშვილი, შ. ხუხაშვილი, ო. ხარაძე, ფ. მელანია, მ. ბობოხიძე, ვ. ჯობავა, ი. ძაგანია, კ. სანაია, ლია ხაჩატუროვა, ივანე ჩხეიძე",http://geocinema.ge/ka/movies/408,http://geocinema.ge/uploads/Chiora_019.jpg,ok
562,რეკორდი,1973,კომედია,კომპანია ”ქართული ტელეფილმი”,60,,გურამ პატარაია,"გურამ პატარაია, ამირან ჭიჭინაძე",ირაკლი ონოფრიშვილი,კახი ხუციშვილი,გია ყანჩელი,ლევან ქიშმიშევი,ლუდმილა (ლუსია) უნანიანი,"გოვენ ჭეიშვილი, ჯუმბერ ჟვანია, გიორგი ლომაია, მანუჩარ შერვაშიძე, ევა ხუტუნაშვილი, აპოლონ გვასალია, ბიგი ჩხოლარია, მერაბ გაბუნია, მიხეილ ფოცხიშვილი, ლალი გაგუა, გიორგი ჩიტაიშვილი, კობა ღვინიაშვილი",http://geocinema.ge/ka/movies/562,http://geocinema.ge/uploads/rekordi.jpg,ok
338,მიზანი,1979,სათავგადასავლო,"სს ""ქართული ფილმი""",211,,გენო ხოჯავა,"ალექსანდრე მანწკავა, გენო ხოჯავა",ალექსანდრე გვასალია,ბორის ცხაკაია,იაკობ ბობოხიძე,ნუცა შოშიტაიშვილი,"ქეთევან თაღნიაშვილი, ნელი ქრისტესაშვილი, ნუნუ თავბერიძე","გივი (გურამ) ფირცხალავა, იმედა კახიანი, არიადნა შენგელაია, ლეო (ლევან) ფილფანი, ბორის წიფურია, ელგუჯა ბურდული, სერგო პაჭკორია, ბერდია ინწკირველი, გია გუგუნავა, რუსლან მიქაბერიძე, ვარლამ (ვალოდია) წულაძე, რევაზ თავართქილაძე",http://geocinema.ge/ka/movies/338,http://geocinema.ge/uploads/mizani.webp,ok
328,იმერული ესკიზები,1979,კომედია,"სს ""ქართული ფილმი""",77,,ნანა მჭედლიძე,ნანა მჭედლიძე,გიორგი ჭელიძე,ბორის ცხაკაია,მერაბ ფარცხალაძე,"ეთერ ჯებაშვილი, თამარ ბურდული",ჯულიეტა ბეზუაშვილი,"ნანა მჭედლიძე, ნანა ქვათელაძე, მაგდანა მჭედლიძე, სოსო ჭეიშვილი, ბადრი კაკაბაძე, მარინე გიორგაძე, გრიგოლ წიტაიშვილი, ჯუმბერ ძიძავა, რიმა ჭუმბურიძე, ლია სულაქველიძე, გოჩა ყურაშვილი, შალვა მშველიძე, კახა ჭკადუა, ლელა გოფოძე, ნინო ჩუტიშვილი, თამილა ქვათელაძე, ფრიდონ ყურაშვილი, ნინო ლორია, ავთანდილ კუბლაშვილი, მარინა ლორია, ბორის მაკარიძე, ნუნუ კირკიტაძე, ნ. ბუსტივაძე, ნ. კუპატაძე, დ. რობაქიძე, თ. კუპრაძე, ეკატერინე მჭედლიძე, მელიტონ მიქელაძე, ვაჟა ბრეგვაძე, თ. ჯობაძე, თეიმურაზ ჩიხლაძე, გ. სილაგაძე, მ. ტაბიძე, ვ. ქვათელაძე, გ. კაკაბაძე",http://geocinema.ge/ka/movies/328,http://geocinema.ge/uploads/eskizebi.jpg,ok
697,არ იდარდო!,1968,,"სს ""ქართული ფილმი""",80,,გიორგი (გია) დანელია,რევაზ (რეზო) გაბრიაძე,ვადიმ იუსოვი,დიმიტრი თაყაიშვილი,გია ყანჩელი,,,"ვახტანგ (ბუბა) კიკაბიძე, სერგო ზაქარიაძე, ანასტასია ვერტინსკაია, სოფიკო ჭიაურელი, გიორგი (გოგი) ქავთარაძე, ევგენი ლეონოვი, კოტე დაუშვილი, იპოლიტე ხვიჩია, დავით(დოდო) აბაშიძე, არიადნა შენგელაია, სერგეი ფილიპოვი, ლევან შამილოვი, ზურაბ ქაფიანიძე, მერაბ კოკოჩაშვილი, დავით კობახიძე, რევაზ ბარამიძე, ვერიკო ანჯაფარიძე, კარლო საკანდელიძე, აბესალომ ლორია, ირაკლი ნიჟარაძე, სესილია თაყაიშვილი, ალექსანდრე (სესიკა) კუპრაშვილი, ბაადურ წულაძე, ლია გუდაძე, ეკატერინე ვერულეიშვილი, გია ბადრიძე, ია ნინიძე, გიორგი (გია) დანელია, მგერ (ფრუნზე) მკრტიჩიანი, ნანა კანდელაკი",http://geocinema.ge/ka/movies/697,http://geocinema.ge/uploads/ar idardo.jpg,ok
482,გამოცხადება,1988,,"სს ""ქართული ფილმი""",209,,გიორგი (გია) მატარაძე,"იუზა ყაჭეიშვილი, გიორგი (გია) მატარაძე",ლერი მაჩაიძე,ნოდარ სულემანაშვილი,იაკობ ბობოხიძე,გურამ გოგუა,ლალი კოლხიდაშვილი,"გიორგი (გოგი) ხარაბაძე, მარინა კახიანი, მანანა დავითაშვილი, რეზო ესაძე, მიხეილ ვაშაძე, მზია მახვილაძე, ლია გუდაძე, ლევან უჩანეიშვილი, ტრისტან სარალიძე, გურამ მგალობლიშვილი, გია გამყრელიძე-ძნელაძე, ქეთევან ქობულია, რუსუდან (ხათუნა) მჭედლიძე, ნანული სარაჯიშვილი, ლეილა ძიგრაშვილი, ლია კაპანაძე, ზაზა ქაშიბაძე, ალეკო ალავიძე, ლერი გაფრინდაშვილი, ნუგზარ ყურაშვილი, ზაქარია (ზაზა) კოლელიშვილი, გივი ტლაშაძე, მურმან ჯინორია, მარინა საღარაძე, ვაჟა ფირცხალაიშვილი, გურამ პეტრიაშვილი, ნოდარ სოხაძე, მანანა ცხადაძე, ჯიმშერ (ჯიმი) ლომიძე, გერონტი დარახველიძე, შოთა მერაბიშვილი, ბორის წიფურია, ამირან ბუაძე, ბარბარე (ვარვარა) იანვარაშვილი, შოთა სხირტლაძე, რამაზ გიორგობიანი",http://geocinema.ge/ka/movies/482,http://geocinema.ge/uploads/gamocxadeba.jpg,ok
456,ლომა,1987,,"სს ""ქართული ფილმი""",73,,ბიძინა რაჭველიშვილი,"ბიძინა რაჭველიშვილი, ნუგზარ შატაიძე",ჯიმშერ ქრისტესაშვილი,"ბესიკ გელაშვილი, მერაბ ჯოხაძე",იაკობ ბობოხიძე,დიმიტრი გედევანიშვილი,,"გიგა ჭირაქაძე, ია ნინიძე, ოთარ ზაუტაშვილი, ლერი ზარდიაშვილი, რევაზ იმნაიშვილი, მამუკა კუჭავა, ლეო (ლევან) ფილფანი, ცისანა ადეიშვილი, ვასილ კახნიაშვილი, მიხეილ ვაშაძე, ნუკა კაციტაძე, გოვენ ჭეიშვილი, პანტო თათარაიძე, ვ. მინდორაშვილი, ლეო ანთაძე, ჟ. ლეჟავა, დარეჯან ხარშილაძე, ჯემალ ტალაბაძე, ვლადიმერ (ლადო) მექვაბიშვილი, ბიძინა რაჭველიშვილი",http://geocinema.ge/ka/movies/456,http://geocinema.ge/uploads/Loma-033.jpg,ok
366,შვიდი პატარა მოთხრობა პირველ სიყვარულზე,1981,,"სს ""ქართული ფილმი""",66,,გიორგი (გია) მატარაძე,"ამირან ჭიჭინაძე, გიორგი (გია) მატარაძე",ლერი მაჩაიძე,გიორგი (გოგი) მიქელაძე,"ანზორ ერქომაიშვილი, ნოდარ მამისაშვილი",გურამ შუბლაძე,"ჯულიეტა წოწონავა, ნელი ქრისტესაშვილი","ბერდია ქაფიანიძე, დათო კუბლაშვილი, გიო იოსელიანი, ალიკო გუკარევი, კახა ფარესიშვილი, გია ბალარჯიშვილი, კახა გურგენიძე, მიშიკო ლობჟანიძე, ბესიკ ბაჩიაშვილი, ნინო კობაიძე, ია ვახტანგიშვილი, ნათია კორკოტაშვილი, ანა ნიჟარაძე, ლენა კლიკუნოვა, მაია ბერაია, ნინო კალანდაძე, მარინა კახიანი, ნათია მთვარელაშვილი, ვახტანგ მატარაძე-ჩელთისპირელი, ნანა ქემაშვილი, ნ. კულულაშვილი, ზაქარია (ზაზა) კოლელიშვილი, ალექსანდრა (საშა) მატარაძე, ხ. არაბული, ირაკლი ანდრონიკაშვილი, ა. ბაჩიაშვილი",http://geocinema.ge/ka/movies/366,http://geocinema.ge/uploads/shvidi.jpg,ok
149,განაჩენი,1959,კინომოთხრობა,"სს ""ქართული ფილმი""",86,,ლევან ხოტივარი,"ირაკლი ჭავჭანიძე, გრიგოლ (გიგა) ლორთქიფანიძე",ლევ სუხოვი,დიმიტრი თაყაიშვილი,ბიძინა (ალექსანდრე) კვერნაძე,რაფიელ კეზელი,ვასილ დოლენკო,"გიორგი შავგულიძე, დუდუხანა წეროძე, დათო დანელია, მ. კახეთელიძე, გრიგოლ ტყაბლაძე, ლია ელიავა, იმედა კახიანი, ვახტანგ ნინუა, ბიჭიკო(კონსტანტინე) ამაღლობელი, ქართლოს კასრაძე, დანიელ სლავინი, ემანუილ აფხაიძე, აბესალომ ლორია, ნოდარ ფირანიშვილი, ალექსანდრე გომელაური, ერასტი ბილანიშვილი, ნოჟერი ჭონიშვილი, ალექსანდრე კვალიაშვილი, მერი კანდელაკი, ირაკლი უჩანეიშვილი, გ. კიკნაძე, ირაკლი ნიჟარაძე, რევაზ ნებიერიძე, ვახტანგ სულაქველიძე, ირაკლი ქოქრაშვილი",http://geocinema.ge/ka/movies/149,http://geocinema.ge/uploads/ganacheni2.jpg,ok
180,თოჯინები იცინიან,1962,კომედია,"სს ""ქართული ფილმი""",92,,ნიკოლოზ სანიშვილი,"გურამ პატარაია, არლი თაყაიშვილი",ლევან პაატაშვილი,დიმიტრი თაყაიშვილი,სულხან ცინცაძე,დავით ლომიძე,ვასილ დოლენკო,"სესილია თაყაიშვილი, მარინე თბილელი, იპოლიტე ხვიჩია, მერაბ თავაძე, მეგი კეჟერაძე, ეროსი მანჯგალაძე, გიორგი გაბელაშვილი, ალექსანდრე (სანდრო) ჟორჟოლიანი, ვახტანგ სულაქველიძე, დუდუხანა წეროძე, ჟუჟუნა დუგლაძე, ნინო (ჩიტოლია) ჩხეიძე, ჯულიეტა ვაშაყმაძე, ხ. ხუციშვილი, მიხეილ მგელაძე, ირინე მაღალაშვილი, ელენე ყიფშიძე, ქართლოს კასრაძე, გიორგი გეგეჭკორი, გურანდა გაბუნია, დათო დანელია",http://geocinema.ge/ka/movies/180,http://geocinema.ge/uploads/tojinebi.jpg,ok
376,მარადისობის კანონი,1982,დრამა,"სს ""ქართული ფილმი""",78,,ვალერიან კვაჭაძე,ნოდარ დუმბაძე,იური კიკაბიძე,ჯემალ მირზაშვილი,ოთარ თაქთაქიშვილი,ვლადიმერ ნიკონოვი,ნაზი (ლეილა) მუხიგულაშვილი,"იმედა კახიანი, გივი ბერიკაშვილი, მურმან ჯინორია, რადინ ხელაშვილი, ბორის წიფურია, მარი (მარინა) ჯანაშია, იზა გიგოშვილი, ლეო (ლევან) ფილფანი, მიხეილ ვაშაძე, ვასილ კახნიაშვილი, ვარლამ (ვალოდია) წულაძე, ვიქტორ ნინიძე, ნინო ხომასურიძე, ნანა მამალაძე, ასკალონ მაგრაქველიძე, ვალერიან კვაჭაძე, გიორგი თოლორდავა, იოსებ (სოსო) ლაღიძე, შალვა ჯაფარიძე, რამაზ იოსელიანი, დავით ჩხიკვაძე, ზაზა მიქაშავიძე, როდერ ჩაჩანიძე, აკაკი (კაკო) ბაქრაძე, ნოდარ დუგლაძე, გიორგი (გოგა) პიპინაშვილი, ელგუჯა მარსაგიშვილი, რ. ცხაკაია, შ. ციქურიშვილი, რამაზ შარაბიძე, ლევან ყავლაშვილი, გურამ ბარნაბიშვილი, მერაბ ბერიძე",http://geocinema.ge/ka/movies/376,http://geocinema.ge/uploads/Maradisobis_Kanoni -008.jpg,ok
091,დაგვიანებული სასიძო,1939,კომედია,თბილისის კინოსტუდია,85,03.06.1940,კოტე მიქაბერიძე,"კარლო გოგოძე, ვლადიმერ კარსანიძე",ფელიქს ვისოცკი,"მიხეილ გოცირიძე, კონსტანტინე (კოტე) კვალიაშვილი",შალვა მშველიძე,როსტისლავ ლაპინსკი,,"თამარ ციციშვილი, ალექსანდრე ომიაძე, ალექსანდრე კვალიაშვილი, ცეცილია წუწუნავა, ნადეჟდა სირბილაძე, ზაალ ტერიშვილი, კირილე მაჭარაძე, შოთა ნოზაძე, ნინო (ჩიტოლია) ჩხეიძე, თამარ ბერიძე, ელიაზარ იმერელი, გიორგი ჩახავა, ნიკოლოზ კაჭარავა, გ. თოფურია, დავით ბრეგვაძე, ვახტანგ ნინუა, ალექსანდრე (შურა) ჯაგარბეკოვი",http://geocinema.ge/ka/movies/091,http://geocinema.ge/uploads/Dagvianebuli sasidzo.jpg,ok
113,ჭირვეული მეზობლები,1945,კომედია,თბილისის კინოსტუდია,70,,შოთა მანაგაძე,გიორგი მდივანი,იური რიშკოვი,სერაფიონ ვაწაძე,დავით თორაძე,რაფიელ კეზელი,ვასილ დოლენკო,"ალექსანდრე (სანდრო) ჟორჟოლიანი, შალვა ღამბაშიძე, ცეცილია წუწუნავა, სესილია თაყაიშვილი, ლიანა ასათიანი, ამირან ტყებუჩავა, დუდუხანა წეროძე, შალვა ჯაფარიძე, აკაკი ხორავა, ნინო (ჩიტოლია) ჩხეიძე, კირა ანდრონიკაშვილი, ნუნუ მაჭავარიანი, ვასილ ბალანჩივაძე, შოთა კიკნაძე, ჩ. ჯაფარიძე, გ. გუნია",http://geocinema.ge/ka/movies/113,http://geocinema.ge/uploads/chirveuli.jpg,ok
806,ტბა,1998,დრამა,"სს ""ქართული ფილმი""",87,,კახაბერ (კახა) კიკაბიძე,კახაბერ (კახა) კიკაბიძე,"კახა ჭელიძე, ჯონი ყურაშვილი","გუგა კოტეტიშვილი, თამარ ფოცხიშვილი",გიორგი ცინცაძე,გარი კუნცევი,ხატია რაჭველიშვილი,"დიმიტრი (დიტო) შველიძე, ირაკლი მშვილდაძე, ნათია გოგოჭური, ალინა ნოზაძე, ნინა იოფე, ბესიკ კვიჭინაძე, დავით ჩხენკელი, ზვიად ბურჭულაძე, მამუკა მიქაბაძე, დავით დევდარიანი, ლევან ისაკაძე, ლაშა ხუციშვილი, ლია კაპანაძე, ციცო კაპანაძე, ირინა კახიძე, თამუნა კახიძე, სალომე გოგიჩაიშვილი, ნიკა ქიმერიძე, თეკლა ღამბაშიძე, პაატა მართალიშვილი, გიგი სულაშვილი, კოკა კვინიკაძე, დათო შაიშმელაშვილი, თინა შიშინაშვილი, ნათია რაზმაძე, მაკა მუნჯიშვილი, დიტო ლალებაშვილი, ლალი ჯიხოშვილი, მაია კვირცხაია, დოდონა გურგენიძე, ნათია ღვინიაშვილი, გიორგი (გოგი) მიქელაძე, ლექსო რეხვიაშვილი, დათო კუსრაშვილი, თამაზ ჯანიკაშვილი, კოტე ბურჯანაძე, ხრისტო ფილიევი, ნოდარ სოხაძე, ზაქარია (ზაზა) კოლელიშვილი",http://geocinema.ge/ka/movies/806,http://geocinema.ge/uploads/tba.jpg,ok
123,ისინი ჩამოვიდნენ მთიდან,1954,კინომოთხრობა,"სს ""ქართული ფილმი""",92,23.06.1955,ნიკოლოზ სანიშვილი,"აკაკი ბელიაშვილი, მანუელ ბოლშინცოვი, ნიკოლოზ სანიშვილი",დიმიტრი ფელდმანი,რევაზ მირზაშვილი,ანდრია ბალანჩივაძე,დავით ლომიძე,ლუსია ვარტიკიანი,"ნუკრი ალხაზაშვილი, ლეილა აბაშიძე, ედიშერ მაღალაშვილი, გოჩა აბაშიძე, გიორგი შავგულიძე, მალხაზ ბებურიშვილი, სერგეი გოლოვანოვი, ლუდმილა შაგალოვა, პავლე ლუსპეკაევი, ალექსანდრე ომიაძე, ვახტანგ ნინუა, ვერა ზახაროვა, ნ. პალენკოვი, ალექსანდრე სმირნოვი, ოთარ კოპტონაშვილი, ნინო (ჩიტოლია) ჩხეიძე, ნოდარ ფირანიშვილი, ივანე გვინჩიძე, სესილია თაყაიშვილი, აკაკი (კაკო) კვანტალიანი, ალექსანდრე კვალიაშვილი",http://geocinema.ge/ka/movies/123,http://geocinema.ge/uploads/isini chamovidnen.jpg,ok
566,თუში მეცხვარე,1976,დრამა,კომპანია ”ქართული ტელეფილმი”,215,,იოსებ (სოსო) ჩხაიძე,"ამირან ჭიჭინაძე, ვალერიან სულაკაური, დევი ივანოვ-ჩიქოვანი, იოსებ (სოსო) ჩხაიძე",ირაკლი ონოფრიშვილი,ვახტანგ რურუა,გურამ ბზვანელი,ნუცა შოშიტაიშვილი,ლუდმილა (ლუსია) უნანიანი,"ირაკლი ხიზანიშვილი, იობი ბართიშვილი, პანტო თათარაიძე, პლატო ოსორაული, არჩილ ბექურიძე, ტირიფონ ვარდიძე, გოგია ბუქვაიძე, რამაზ სულაკაური, კოსტა ჯიჯურიძე, ედგარ ზაქარეიშვილი, ვახტანგ რურუა, ელისო ცაბაძე, გელა შარვაძე, ელისო ოსორაული, ვახტანგ კრიტიული, კოსტა გაწირიძე, გოგი ზეინალაშვილი",http://geocinema.ge/ka/movies/566,http://geocinema.ge/uploads/tushi-rab_1.jpg,ok
222,ღიმილის ბიჭები,1969,დრამა,"სს ""ქართული ფილმი""",98,,რევაზ (რეზო) ჩხეიძე,სულიკო ჟღენტი,არჩილ ფილიპაშვილი,"ილამაზ (ზურაბ) მეძმარიაშვილი, მიხეილ მედნიკოვი",სულხან ცინცაძე,დავით ლომიძე,ვასილ დოლენკო,"ლეილა ყიფიანი, კახა ქორიძე, გოჩა ლომია, თამაზ თოლორაია, როლანდ (მიხო) ბორაშვილი, ნუგზარ ბაგრატიონი-გრუზინსკი, თემურ ბაბლუანი, ბიძინა ჩხეიძე, ზურაბ ქაფიანიძე, ვიქტორ პანჩენკო, თამარ თვალიაშვილი, შალვა გეჯაძე, ვიქტორ მიზინი, შალვა ხერხეულიძე, გრიგოლ კოსტავა, ვახტანგ ნინუა, ნინო ახალაძე, მარინე იაშვილი, ალექსანდრე ლორთქიფანიძე, ვალენტინ დონღუზაშვილი, გერმანე კაჩინი, ნინო ხომასურიძე, ირაკლი ქოქრაშვილი, ვალენტინა ნიკოლაენკო (ლისენკო), ი. შვედკოვი, ი. ეროფეევა, ელენე ალეკინა, გრიგოლ (გიგოლა) თალაკვაძე, თამარ ცხვედიანი, მავრ პიასეცკი, გიორგი ჟუჟუნაშვილი, იპოლიტე ხვიჩია, მერაბ გეგეჭკორი, თამარ (II) დათუაშვილი",http://geocinema.ge/ka/movies/222,http://geocinema.ge/uploads/ghimilis.jpg,ok
219,არაჩვეულებრივი გამოფენა,1968,კომედია,"სს ""ქართული ფილმი""",95,,ელდარ შენგელაია,რევაზ (რეზო) გაბრიაძე,გიორგი გერსამია,დიმიტრი ერისთავი,გია ყანჩელი,ოთარ გეგეჭკორი,ნელი სარადოვა,"გურამ ლორთქიფანიძე, ვალენტინა ტელეჩკინა, ვასილ ჩხაიძე, დავით(დოდო) აბაშიძე, სალომე ყანჩელი, ჯულიეტა ვაშაყმაძე, ვიქტორ დეისაძე, აკაკი დობორჯგინიძე, ალექსანდრე (შურა) ქელბაქიანი, ნიკოლოზ მიქაშავიძე, ჯაბა წულაძე, თეიმურაზ ჩირგაძე, ნუნუ მაჭავარიანი, ვლადიმერ (ლადო) გვიშიანი, ალექსანდრე (სესიკა) კუპრაშვილი, შოთა გაბელაია, მიხეილ ჩიხლაძე, ანა ლიუბიმოვა",http://geocinema.ge/ka/movies/219,http://geocinema.ge/uploads/arachv.jpg,ok
695,"სიყვარული, ივერია და...",1975,მუსიკალური,კომპანია ”ქართული ტელეფილმი”,80,,ზაალ კაკაბაძე,ზურაბ რცხილაძე,"ნოდარ ნამგალაძე, ტრისტან კანდელაკი",მალხაზ კუხაშვილი,ალექსანდრე ბასილაია,მერაბ გვანცელაძე,ციური კობერიძე,"ზურაბ ნარმანია, ლიკა ქავჟარაძე, ლეილა ძიგრაშვილი, ნოდარ ფირანიშვილი, ოთარ სანდომისაშვილი, ალექსანდრე ბასილაია, ლუიზა კობალაძე, ლილი ზღვაური, თეიმურაზ წიკლაური, ვახტანგ ტატიშვილი, თენგიზ ჩხეიძე, ზურაბ ცისკარიძე, ნუგზარ კვაშალი, ჯემალ ბაღაშვილი, ზურაბ ლალიაშვილი, გოჩა ლორია",http://geocinema.ge/ka/movies/695,http://geocinema.ge/uploads/iveria.jpg,ok
202,აბესალომ და ეთერი,1966,კინოოპერა,"სს ""ქართული ფილმი""",89,,ლეო ესაკია,ლეო ესაკია,ლევ სუხოვი,რევაზ მირზაშვილი,ზაქარია ფალიაშვილი,ოთარ გეგეჭკორი,ვასილ დოლენკო,"არჩილ მეტონიძე, ლალი ხაბაზაშვილი, ნუგზარ შარია, ნანა ყიფიანი, მეგი წულუკიძე, ალექსანდრე ომიაძე, ეთერ ჟორდანია, გივი ტორონჯაძე, დათო დანელია, ირინე მაღალაშვილი, თამარ ციციშვილი",http://geocinema.ge/ka/movies/202,http://geocinema.ge/uploads/abesalom.jpg,ok
673,არასერიოზული კაცი,1980,,კომპანია ”ქართული ტელეფილმი”,79,,დიმიტრი ბათიაშვილი,"ერლომ ახვლედიანი, დიმიტრი ბათიაშვილი","იგორ კრეპსი, თამაზ ბიჭიკაევი",მალხაზ კუხაშვილი,ვახტანგ კუხიანიძე,შოველ ჩიტიძე,,"გია ფერაძე, ავთანდილ დათუნაშვილი, უ. ონიაშვილი, ა. გაბუნია, თამარ სვანი, ბ. ფაილოძე, გურამ ჭელიძე, თინათინ ჟორჟოლიანი, ტ. ჩიჩუა, მანანა კუჭუხიძე, ვახტანგ თანდილაშვილი, ილია თაყაიშვილი, აკაკი აფხაზავა, მზია დათუნაშვილი",http://geocinema.ge/ka/movies/673,http://geocinema.ge/uploads/aras.jpg,ok
670,მზიური,1973,მუსიკალური,კომპანია ”ქართული ტელეფილმი”,80,,ზაალ კაკაბაძე,"ნუნუ გუნიავა, დავით ჩუბინიშვილი, ზაალ კაკაბაძე","გივი მელქაძე, გიორგი ბარნოვი (ბარნაველი)",მიხეილ ბახანოვი,გურამ ბზვანელი,მერაბ გვანცელაძე,ციური კობერიძე,გოგა ფიფია,http://geocinema.ge/ka/movies/670,http://geocinema.ge/uploads/mziuri.jpg,ok
330,კაცია ადამიანი ?!,1979,კომედია,"სს ""ქართული ფილმი""",90,,"სიკო დოლიძე, ქეთი დოლიძე","სიკო დოლიძე, ზაირა არსენიშვილი",მიხეილ მედნიკოვი,კახი ხუციშვილი,დავით თორაძე,ვლადიმერ დოლიძე,ევგენია ბეჟანოვა,"ნოდარ მარგველაშვილი, ლეილა შოთაძე, მეგი წულუკიძე, გიორგი გეგეჭკორი, ჯემალ ღაღანიძე, თათია ხაინდრავა, მანანა გამცემლიძე, ბაადურ (ბადრი) ბეგალიშვილი, ვანო გოგიტიძე, ნინო ჩხეიძე, იური ვასაძე, კოტე დაუშვილი, ალექსანდრე (სესიკა) კუპრაშვილი, ვ. მიხეილიძე, ქართლოს მარადიშვილი, მიხეილ ყვარელაშვილი, ნინო ქორელი, გურამ მგელაძე, გერონტი დარახველიძე, რევაზ იმნაიშვილი, პ. შანიძე, ნანა არეშიძე",http://geocinema.ge/ka/movies/330,http://geocinema.ge/uploads/Kacia_Admiani_015.jpg,ok
410,ზოგი ჭირი მარგებელია,1984,კომედია,"სს ""ქართული ფილმი""",83,,პავლე ჩარკვიანი,პავლე ჩარკვიანი,"ვიქტორ ანდრიევსკი, ედუარდ გრიგორიანი",ნოდარ სულემანაშვილი,იაკობ ბობოხიძე,ირაკლი გიგაური,"როზა ჯიკაევა, ნუნუ თავბერიძე","თემურ ქამხაძე, ანა ნიჟარაძე, ლაურა რეხვიაშვილი, ლეო (ლევან) ფილფანი, ვარლამ ნიკოლაძე, კონსტანტინე (კოტე) თოლორაია, თამარ სხირტლაძე, გია ჯაფარიძე, რეზო ესაძე, ბორის წიფურია, ბერტა ხაფავა, მანანა ცხოვრებოვა, შოთა ბეჟაშვილი, დავით დვალიშვილი, ლერი ზარდიაშვილი, მზია არაბული, ლია სულუაშვილი, ვასილ კახნიაშვილი, ნაზი კეჭაყმაძე, ჯუმბერ ძიძავა, მიხეილ ვაშაძე, ოთარ გუნცაძე, კარლო ქართველიშვილი, თამარ (II) დათუაშვილი, ნუკრი ფაცურია, ქეთევან ბოჭორიშვილი, მარგო გვარამაძე, გ. ვახტანგიშვილი, ციალა გიგაური, მ. თევდორაშვილი, შალვა ხერხეულიძე, ვახტანგ მიხელიძე, ბონდო გოგინავა, გივი ჩუგუაშვილი",http://geocinema.ge/ka/movies/410,http://geocinema.ge/uploads/zogi-chiri1.jpg,ok
507,ერთი ნახვით შეყვარება,1975,კომედია,"სს ""ქართული ფილმი""",91,,რეზო ესაძე,ბელა აბრამოვა,იური ვორონცოვი,გიორგი კრეპოჩევი,იაკობ ბობოხიძე,"ზურაბ ნადარაია, გენადი კორხოვოი","ლალი კოლხიდაშვილი, ლ. სემიონოვა","ვახტანგ ფანჩულიძე, ნატალია იურიზდიცკაია, რამაზ ჩხიკვაძე, კახი კავსაძე, სალომე ყანჩელი, ნასიბა ზეინალოვა, ბუხუტი ზაქარიაძე, ვლადიმერ ტატოსოვი, ვლადიმერ ნოვიკოვი, ვალიდა ხიზროევა, შარიფ კაბულოვი, ოლეგ ხრამენკოვი, ვალერი ნოსიკი, ბაადურ (ბადრი) ბეგალიშვილი, ზურაბ ქაფიანიძე, თამარ სხირტლაძე, ანატოლი აბრამოვი, ლეო ანთაძე, კ. ასლანიშვილი, სოფა ბასიზადე, იური ვასაძე, ნ. ალექსანდროვა, ჯემალ გაგნიძე, ნატო გაგნიძე, სერგეი გაბნია, სადიხ ჰუსეინოვი, სადიხ ჰასანზადე, რობერტ გოროდეცკი, კ. ჯაფარიძე, იური დუბროვინი, მარია კაპნისტი, გიორგი (გოგი) ქავთარაძე, ზაირა (ზაზა) ლებანიძე, ჟანრი ლოლაშვილი, ვ. კლუხოვი, ოთარ ლომიძე, რეზო ესაძე, ანა ლისიანსკაია, ზინაიდა შარკო",http://geocinema.ge/ka/movies/507,http://geocinema.ge/uploads/Erti Nakhvit.jpg,ok
616,ოქროს ობობა,1992,დეტექტივი,"სს ""ქართული ფილმი""",285,,"მიხეილ ანთაძე, გიორგი (გოგი) ქავთარაძე, დავით კვირცხალია","მიხეილ ანთაძე, გიორგი (გოგი) ქავთარაძე, დავით კვირცხალია",გივი რაჭველიშვილი,კახი ხუციშვილი,სულხან ცინცაძე,დიმიტრი გედევანიშვილი,,"მედეა ჩახავა, კახი კავსაძე, გიორგი (გოგი) ხარაბაძე, რობერტ სტურუა, ლიკა ქავჟარაძე, ალექსანდრე (საშკა) იოსელიანი, მურმან ჯინორია, მიხეილ (უმც) ჯოჯუა, დავით პაპუაშვილი, გიორგი (გოგი) ქავთარაძე, ლელა თურმანიძე, დავით კვირცხალია, გეგი გუჯეჯიანი, ნუგზარ ცომაია, ლია გუდაძე, ლეილა ყიფიანი, გივი ჩუგუაშვილი, ოთარ ეგაძე, ზურაბ ყიფშიძე, გურამ საღარაძე, ფლორა (ფეოდოსია) შედანია, ელდარ სახლთხუციშვილი, ნანი ჩიქვინიძე, თემურ შოთაძე, ალექსანდრე (სანდრო) თედიაშვილი, ქეთევან ფანცხავა, ელენე (ბაკა) კვირცხალია, მიხეილ ანთაძე, კარლო ღლონტი, თამარ სხირტლაძე, მანანა დავითაშვილი, ლელა ბიჩინაშვილი, რევაზ თავართქილაძე, პაატა ბარათაშვილი, ვასილ რცხილაძე, ალექსანდრე (სანდრო) სავიცკი, იმედა კახიანი, შოთა მშვენიერაძე, თემურ კალანდაძე, კონსტანტინე (კოტე) თოლორაია, ბერდია ინწკირველი, გივი სავანელი, ოთარ ზაუტაშვილი, მიხეილ ვაშაძე, ბონდო გოგინავა, ქართლოს მარადიშვილი, ვიქტორ ნინიძე, დავით უფლისაშვილი, გივი თოხაძე, ლეო (ლევან) ფილფანი, ფრიდონ გულედანი, კოტე კიკაბიძე, თემურ ლაკია, ნუგზარ ტაბატაძე, ნავრიკ კალოიანი, გიორგი დადიანი, დავით კუპრაძე",http://geocinema.ge/ka/movies/616,http://geocinema.ge/uploads/old/poster/p616.jpg,ok
339,მშობლიურო ჩემო მიწავ (რაიკომის მდივანი),1980,,"სს ""ქართული ფილმი""",189,,რევაზ (რეზო) ჩხეიძე,"სულიკო ჟღენტი, რევაზ (რეზო) ჩხეიძე",ლომერ ახვლედიანი,"გივი გიგაური, ილამაზ (ზურაბ) მეძმარიაშვილი",გია ყანჩელი,გარი კუნცევი,ვასილ დოლენკო,"თემურ ჩხეიძე, ევა ხუტუნაშვილი, ირაკლი ხიზანიშვილი, გიორგი (გოგი) ხარაბაძე, გიორგი კაპანაძე, ია ნინიძე, ციალა ჩხეიძე, ბაგრატ დევნოსაძე, მიხეილ ვაშაძე, შალვა ხერხეულიძე, ბესიკ ხელაშვილი, ბესარიონ ხიდეშელი, ზურაბ (კუკური) ლაფერაძე, იური ცანავა, ლევან უჩანეიშვილი, ვიქტორ ნინიძე, იური ვასაძე, გიორგი ბერიძე, თინათინ ვარდანაშვილი, ნატო ხელიძე, დავით ჩუბინიშვილი, ირაკლი ხითარიშვილი, მარი (მარინა) ჯანაშია, ალექსანდრე ჯალიაშვილი, მიხეილ მჟავია, თამარ ბააკაშვილი, იური სარანცევი, ზურაბ ყიფშიძე, როლანდ კაკაურიძე, გრიგოლ წიტაიშვილი, ლია კაპანაძე, ნანა დემეტრაშვილი, ლია სულუაშვილი, იმედა კახიანი, ამირან ქადეიშვილი, ლეო (ლევან) ფილფანი, გივი გიგაური, თემურ ბაბლუანი, ლელა ნაროზაული, ლეო ანთაძე, ივანე საყვარელიძე, ლაურა რეხვიაშვილი, ვარლამ (ვალოდია) წულაძე, კახი კავსაძე, ლეილა ვაზაგაშვილი, მარინა გოგორიშვილი, დარეჯან ხაჩიძე, რამაზ იოსელიანი",http://geocinema.ge/ka/movies/339,http://geocinema.ge/uploads/old/poster/p339.jpg,ok
248,ჩარი რამა,1972,,"სს ""ქართული ფილმი""",76,,ნიკოლოზ სანიშვილი,"გია ბადრიძე, ნიკოლოზ სანიშვილი",გივი რაჭველიშვილი,ნიკოლოზ ყაზბეგი,გომარ სიხარულიძე,ოთარ გეგეჭკორი,ევგენია ბეჟანოვა,"თინათინ ვარდანაშვილი, გიორგი (გოგი) ქავთარაძე, კოტე დაუშვილი, დუდუხანა წეროძე, გიორგი გეგეჭკორი, ბაადურ (ბადრი) ბეგალიშვილი, ელენე ყიფშიძე, ალექსანდრე (სესიკა) კუპრაშვილი, გივი თოხაძე, ვახტანგ ნინუა, ირაკლი ნიჟარაძე, ვახტანგ მიხელიძე, ვარლამ (ვალოდია) წულაძე, მავრ პიასეცკი, კარინა შმარინოვა, ნინო (ჩიტოლია) ჩხეიძე, გრიგოლ წიტაიშვილი, გულნარა ემხვარი, დათო დანელია, ლამარა დორეული, ქართლოს მარადიშვილი, მაკა ძიგოევა, მანუჩარ შერვაშიძე, როლანდ კაკაურიძე",http://geocinema.ge/ka/movies/248,http://geocinema.ge/uploads/old/poster/p248.jpg,ok
406,უკვდავების თეთრი ვარდი,1984,ზღაპარი,"სს ""ქართული ფილმი""",67,,ნანა მჭედლიძე,ნანა მჭედლიძე,ლერი მაჩაიძე,"ვასილ არაბიძე, მალხაზ დეკანოიძე",იოსებ (სოსო) ბარდანაშვილი,"მიხეილ კილოსანიძე, თამარ ბურდული",ჯულიეტა ბეზუაშვილი,"ეკა ვიბლიანი, მამუკა ქადაგიშვილი, ნინო (II) კაკაბაძე, ნანა ქვათელაძე, ლეო ანთაძე, ზეინაბ ბოცვაძე, ქართლოს მარადიშვილი, გრიგოლ წიტაიშვილი, ივანე საყვარელიძე, კახი კავსაძე, რუსლან მიქაბერიძე, ვიტალი დარასელია, ჟუჟუნა დუგლაძე, რევაზ ნიკოლაიშვილი, ბონდო გოგინავა, თამარ მელიქიშვილი, შოთა სხირტლაძე, ვაჟა ფირცხალაიშვილი, ჯემალ ტალაბაძე, ამირან ბეჟაშვილი, იური ვასაძე, ო. მჭედლიძე, ე. ედიბერიძე, ამირან ბუაძე, გია დარჩიაშვილი, ლ. მამალაძე, ოთარ მაჩიტაძე, გ. გიორგაძე, ბადრი კაკაბაძე, მ. აბდუშელიშვილი, ნუგზარ რუხაძე, გია გამყრელიძე-ძნელაძე, ვლადიმერ ბრეგვაძე, გიორგი (გოგა) პიპინაშვილი",http://geocinema.ge/ka/movies/406,http://geocinema.ge/uploads/old/poster/p406.jpg,ok
289,გასეირნება თბილისში (ნამდვილი თბილისელი და სხვები),1976,კომედია,"სს ""ქართული ფილმი""",75,,ნანა მჭედლიძე,"ნანა მჭედლიძე, ლევან ჭელიძე",გიორგი ჭელიძე,"გივი გიგაური, ილამაზ (ზურაბ) მეძმარიაშვილი",ჯანსუღ კახიძე,ეთერ ჯებაშვილი,ჯულიეტა ბეზუაშვილი,"ლეილა აბაშიძე, დავით(დოდო) აბაშიძე, ქეთევან ბოჭორიშვილი, შოთა გაბელაია, გრიგოლ (გიგოლა) თალაკვაძე, ოთარ კობერიძე, ბადრი კაკაბაძე, ლია კაპანაძე, თენგიზ კვაჭაძე, გურამ ლორთქიფანიძე, ეროსი მანჯგალაძე, გოჩა მჭედლიძე, ჯემალ მონიავა, ია ნინიძე, ტარიელ საყვარელიძე, გია ყარაშვილი, ვასილ ჩხაიძე, რამაზ ჩხიკვაძე, დუდუხანა წეროძე, გრიგოლ წიტაიშვილი, იპოლიტე ხვიჩია, ანზორ ხერხაძე, ზურაბ (კუკური) ლაფერაძე, რუსლან მიქაბერიძე, გივი ბერიკაშვილი, გია ბადრიძე, მაკა მახარაძე, ბონდო გოგინავა, მალხაზ გორგილაძე, თამარ (თათული) დოლიძე, ედიშერ მაღალაშვილი, ოთარ ზაუტაშვილი, იაკობ ტრიპოლსკი, გივი თოხაძე, სერგო ისნელი (აპრესიანი), ბაადურ წულაძე, გია გიგაშვილი",http://geocinema.ge/ka/movies/289,http://geocinema.ge/uploads/old/poster/p289.jpg,ok
494,მარტოხელა მონადირე,1989,დრამა,"სს ""ქართული ფილმი""",144,,ქეთი დოლიძე,"ნიკიტა მიხალკოვი, ვიქტორ მერეჟკო, ალექსანდრე ადაბაშიანი",მიხეილ მედნიკოვი,გიორგი (გოგი) მიქელაძე,გიორგი (გოგი) ჩლაიძე,"ვლადიმერ დოლიძე, ვლადიმერ ნიკონოვი",როზა ჯიკაევა,"ზურაბ ყიფშიძე, ნინელი ჭანკვეტაძე, კახი კავსაძე, მარი (მარინა) ჯანაშია, ზაზა მიქაშავიძე, დავით სალუქვაძე, ნანა ლორთქიფანიძე, ნინო ვაჩნაძე, მიხეილ (უფრ) ჯოჯუა, რევაზ იმნაიშვილი, დავით კვირცხალია, თამაზ თოლორაია, ლიზა ბაგრატიონი, სალომე ლეკიშვილი, სოფიო (შურა) ნიკოლიშვილი, დარეჯან ჯოჯუა, ლია კაპანაძე, გიორგი თოლორდავა, დალი ჩიტალაძე, გივი დგებუაძე, ქეთევან ესანაშვილი, თორნიკე ბზიავა",http://geocinema.ge/ka/movies/494,http://geocinema.ge/uploads/old/poster/p494.jpg,ok
602,იავნანა,1994,მელოდრამა,"სს ""ქართული ფილმი""",75,,ნანა ჯანელიძე,"ნანა ჯანელიძე, ნინო ნატროშვილი",გიორგი ბერიძე,"ნიკოლოზ ზანდუკელი, გია ბუღაძე","ჯანსუღ კახიძე, ვახტანგ კახიძე","გურამ გოგუა, მიხეილ კილოსანიძე",ლალი ლაფანაშვილი,"ნინო აბულაძე, მაია ბაგრატიონი, ნატო მურვანიძე, ნიკოლოზ (ნიკა) თავაძე, არჩილ ციციშვილი, კახი კავსაძე, ზურაბ სტურუა, ზურა ქავთარაძე, დიმიტრი (დიმა) ხვთისიაშვილი, ოთარ მეღვინეთუხუცესი, ზეინაბ ბოცვაძე, მალხაზ გორგილაძე, ქეთევან აბულაძე, მარლენ ეგუტია, კონსტანტინე (კოტე) თოლორაია, ედიშერ მაღალაშვილი, ეკა (I) ჩხეიძე",http://geocinema.ge/ka/movies/602,http://geocinema.ge/uploads/old/poster/p602.jpg,ok
293,სოფლის აშიკი,1976,კომედია,"სს ""ქართული ფილმი""",37,,რევაზ ჭარხალაშვილი,რევაზ ინანიშვილი,იგორ ამასიისკი,დავით ლურსმანაშვილი,ნუგზარ ვაწაძე,თენგიზ ნანობაშვილი,ოფელია გევორქიანი,"რამაზ ჩხიკვაძე, ლია გუდაძე, გულჩინა დადიანი, ნოდარ მარგველაშვილი, ვიქტორ ნინიძე, ეთერ მოციქულაშვილი, თინათინ ღვინიაშვილი, ევა ხუტუნაშვილი, ნიკოლოზ (ბიჭიკო) ანდრონიკაშვილი, გიორგი ჟუჟუნაშვილი, არჩილ მაჩაბელი, შალვა ჯანიაშვილი, ირაკლი ქოქრაშვილი, გეგა დემეტრაშვილი, ლადო კახიანი, ნ. ჯუღელი, კოტე ბურჯანაძე, თამაზ დანელია, დავით ლურსმანაშვილი",http://geocinema.ge/ka/movies/293,http://geocinema.ge/uploads/old/poster/p293.jpg,ok
714,ათოვდა ზამთრის ბაღებს,1984,,კომპანია ”ქართული ტელეფილმი”,145,,გიორგი ლევაშოვ-თუმანიშვილი,"გიორგი ლევაშოვ-თუმანიშვილი, დავით აგიაშვილი, კარლო კობერიძე, დევი ივანოვ-ჩიქოვანი, ნოდარ თარხნიშვილი","ტრისტან კანდელაკი, ნოდარ ნამგალაძე",ნოდარ ბადურაშვილი,გია ყანჩელი,გარი კუნცევი,"ეთერ ბურდული, ნელი ქრისტესაშვილი","ირაკლი ხიზანიშვილი, ჯემალ კახნიაშვილი, ზაქარია (ზაზა) კოლელიშვილი, ლაურა რეხვიაშვილი, ნანა ანდრონიკაშვილი, ირინე მიქატაძე, პანტო თათარაიძე, ჰენრიეტა ყიფიანი, გიორგი პაპოშვილი, ნინო მამულაშვილი, გიორგი მამუჩიშვილი, ზურაბ(პიკო) ნიჟარაძე, დოდო გვასალია, ივანე იანტბელიძე, შ. გეთიაშვილი, ზურაბ ანთელავა",http://geocinema.ge/ka/movies/714,http://geocinema.ge/uploads/old/poster/p714.jpg,ok
186,ჯარისკაცის მამა,1964,დრამა,"სს ""ქართული ფილმი""",92,13.05.1965,რევაზ (რეზო) ჩხეიძე,სულიკო ჟღენტი,"ლევ სუხოვი, არჩილ ფილიპაშვილი","ილამაზ (ზურაბ) მეძმარიაშვილი, ნიკოლოზ ყაზბეგი",სულხან ცინცაძე,დავით ლომიძე,ვასილ დოლენკო,"სერგო ზაქარიაძე, ვლადიმერ პრივალცევი, ალექსანდრე ნაზაროვი, ალექსანდრე ლებედევი, ვლადიმერ კოლოკოლცევი, იური დროზდოვი, ივანე კოსიხი, ვიქტორ კოსიხი, ვიქტორ ურალსკი, ქეთევან ბოჭორიშვილი, ვლადიმერ პიცეკი, პეტრე ლიუბეშკინ, ტატიანა საპოჟნიკოვა, ნიკოლაი ბარმინი, ინა ვიხოდცევა, ელენა მაქსიმოვა, რომუალდ ვილდანი, რადნერ მურატოვი, ბონდო გოგინავა, ვიქტორ მიზინი, ვლადიმერ ჟარიკოვი, ირაკლი ნიჟარაძე, ვალენტინ კულიკი, ლილი ზღვაური, გიორგი (გია) კობახიძე, ა. სტარცევი, ირაკლი ქოქრაშვილი, ფელიქს სტეპუნი, ჟანა კვიტაიშვილი, ნუნუ მაჭავარიანი",http://geocinema.ge/ka/movies/186,http://geocinema.ge/uploads/old/poster/p186.jpg,ok
317,რამდენიმე ინტერვიუ პირად საკითხებზე,1978,დრამა,"სს ""ქართული ფილმი""",95,,ლანა ღოღობერიძე,"ზაირა არსენიშვილი, ერლომ ახვლედიანი, ლანა ღოღობერიძე",ნუგზარ ერქომაიშვილი,ქრისტესია ლებანიძე,გია ყანჩელი,ვლადიმერ დოლიძე,სოფიო მაჩაიძე,"სოფიკო ჭიაურელი, გია ბადრიძე, ქეთევან ორახელაშვილი, ჟანრი ლოლაშვილი, სალომე ყანჩელი, ქეთევან ბოჭორიშვილი, სალომე (ნუცა) ალექსი-მესხიშვილი, ლევან აბაშიძე, ანა ნიჟარაძე, თამარ გედევანიშვილი, გრიგოლ (გიგოლა) თალაკვაძე, ბერტა ხაფავა, თეა (ნათელა) გაბუნია, ვიქტორ ნინიძე, მანანა გამცემლიძე, თამარ თვალიაშვილი, ა. ამირეჯიბი, ვლადიმერ (ლადო) მექვაბიშვილი, ნანა ჯორჯაძე, გურამ პეტრიაშვილი, ნანა მჭედლიძე, თენგიზ მაღალაშვილი, ქეთი ალექსი-მესხიშვილი, რ. ლანდია, ნინო გორდელაძე, მიხეილ ნანეიშვილი, მარინა კობახიძე, ერეკლე აბაშიძე, შოთა დაუშვილი, ნელი მესხაძე",http://geocinema.ge/ka/movies/317,http://geocinema.ge/uploads/old/poster/p317.jpg,ok
151,"სად არის შენი ბედნიერება, მზია?",1959,,"სს ""ქართული ფილმი""",83,,კონსტანტინე პიპინაშვილი,ი. კროტკოვი,გიორგი ჭელიძე,რევაზ მირზაშვილი,ალექსი მაჭავარიანი,რაფიელ კეზელი,,"ლეილა აბაშიძე, ოთარ ხატიაშვილი, გოჩა აბაშიძე, აკაკი ხორავა, დუდუხანა წეროძე, დავით ძიგუა, ირაკლი უჩანეიშვილი, თინათინ სეფერთელაძე, ციცინო გელოვანი, მერი ლომიძე, ირინე მაღალაშვილი, რამაზ ჩხიკვაძე, ნოდარ პიპინაშვილი, ნინო (ჩიტოლია) ჩხეიძე, მიხეილ ურუშაძე, თენგიზ ამირანაშვილი",http://geocinema.ge/ka/movies/151,http://geocinema.ge/uploads/nophoto.png,ok
281,ღვინის ქურდები,1975,კომედია,"სს ""ქართული ფილმი""",31,,ვალერიან კვაჭაძე,ელგუჯა ჟღენტი,ნუგზარ რუხაძე,კახი ხუციშვილი,დავით თორაძე,ვლადიმერ ნიკონოვი,ნაზი (ლეილა) მუხიგულაშვილი,"კარლო საკანდელიძე, გივი ბერიკაშვილი, კახი კავსაძე, გულჩინა დადიანი, დავით ვაშაკიძე, ზურაბ (კუკური) ლაფერაძე, ალექსანდრე (სესიკა) კუპრაშვილი",http://geocinema.ge/ka/movies/281,http://geocinema.ge/uploads/old/poster/p281.jpg,ok
853,თბილისი-თბილისი,2005,დრამა,სტუდია ”ლზ”,97,,ლევან ზაქარეიშვილი,ლევან ზაქარეიშვილი,არჩილ ახვლედიანი,"გიორგი (გოგი) ტატიშვილი, კოტე ჯაფარიძე",ნიაზ დიასამიძე,გურამ გოგუა,"მერაბ ახვლედიანი, თენგო ზაქარეიშვილი","გიორგი მასხარაშვილი, ბერტა ხაფავა, რუსუდან კობიაშვილი, ეკა ნიჟარაძე, ბაადურ წულაძე, შოთა ქრისტესაშვილი, დავით (ჯაპანა) ხურცილავა, გია გოგიშვილი, დონარა გვრიტიშვილი, ნიკა ნიკოლაიშვილი, მანანა ორბელიანი, ვალერი ტორონჯაძე, კახა კინწურაშვილი",http://geocinema.ge/ka/movies/853,http://geocinema.ge/uploads/old/poster/p853.jpg,ok
220,განგაში,1968,,"სს ""ქართული ფილმი""",92,,ნიკოლოზ სანიშვილი,"არჩილ სულაკაური, ნიკოლოზ სანიშვილი, ანზორ სალუქვაძე, რევაზ ინანიშვილი",ლევ სუხოვი,რევაზ მირზაშვილი,რევაზ ლაღიძე,ეთერ ჯებაშვილი,,"მანანა ცხოვრებოვა, დავით აგიაშვილი, ლერი გაფრინდაშვილი, გიორგი (გოგი) ქავთარაძე, გია ფერაძე, კოტე დაუშვილი, იპოლიტე ხვიჩია, მზია კანდელაკი, რიურიკ ჩხეიძე, მიხეილ ვაშაძე, ეთერ ბაქრაძე, თინა ტიტვინიძე, ნინო ჩხეიძე, ვახტანგ ნინუა, იოსებ (სოსო) ხაინდრავა, ირინე მაღალაშვილი, გრიგოლ (გიგოლა) თალაკვაძე, ელენე ასლამაზიშვილი, ეკატერინე ვერულეიშვილი, თინათინ სეფერთელაძე",http://geocinema.ge/ka/movies/220,http://geocinema.ge/uploads/old/poster/p220.jpg,ok
147,მაია წყნეთელი,1959,,"სს ""ქართული ფილმი""",99,29.02.1960,რევაზ (რეზო) ჩხეიძე,ვალერიან კანდელაკი,გიორგი ჭელიძე,"გივი გიგაური, კახი ხუციშვილი",სულხან ცინცაძე,"რაფიელ კეზელი, დავით ლომიძე",ვასილ დოლენკო,"ლეილა აბაშიძე, გრიგოლ ტყაბლაძე, გოჩა აბაშიძე, აკაკი (კაკო) კვანტალიანი, ვახტანგ ნინუა, იოსებ (სოსო) აბრამიშვილი, ნოდარ (ბიჭიკო) ჩხეიძე, გრიგოლ კოსტავა, ზაქარია სიხარულიძე, ოთარ დათუაშვილი, ალექსანდრე აფხაიძე, ირაკლი ქოქრაშვილი, ივანე ნინუა, მიხეილ სულთანიშვილი, ემანუილ აფხაიძე, ალექსანდრე სიხარულიძე, გიორგი ჟუჟუნაშვილი, ილია ბაკაკური, ბადრი კობახიძე, დავით ოქროსცვარიძე, ალექსანდრე ალაზნისპირელი, დიმიტრი ყიფიანი",http://geocinema.ge/ka/movies/147,http://geocinema.ge/uploads/old/poster/p147.jpg,ok
184,ხევისბერი გოჩა,1964,,"სს ""ქართული ფილმი""",88,,ნიკოლოზ სანიშვილი,"ნიკოლოზ სანიშვილი, არჩილ სულაკაური",ფელიქს ვისოცკი,რევაზ მირზაშვილი,რევაზ ლაღიძე,ვლადიმერ დოლიძე,,"სპარტაკ ბაღაშვილი, ლეილა აბაშიძე, თენგიზ არჩვაძე, ნუგზარ შარია, მიხეილ ჩუბინიძე, იაკობ ტრიპოლსკი, ცაცა (ეკატერინე) ამირეჯიბი, შოთა სხირტლაძე, მიხეილ მგელაძე, ალექსანდრე ომიაძე, ვლადიმერ (ლადო) ცხვარიაშვილი, შალვა ბეჟუაშვილი, მიხეილ სულთანიშვილი, ვაჟა (სულთან) კვიტაიშვილი, ლეილა ყიფიანი",http://geocinema.ge/ka/movies/184,http://geocinema.ge/uploads/old/poster/p184.jpg,ok
128,ცისკარა,1955,ზღაპარი,"სს ""ქართული ფილმი""",76,18.09.1956,სერგო ჭელიძე,კოტე მიქაბერიძე,ბორის ბურავლიოვი,"ფარნაოზ ლაპიაშვილი, იოსებ სუმბათაშვილი",რევაზ ლაღიძე,ვლადიმერ დოლიძე,ვასილ დოლენკო,"თამაზ ტოგონიძე, დოდო ჭიჭინაძე, გოჩა აბაშიძე, ნინო კაკაბაძე, ეთერ ჟორდანია, გიორგი შავგულიძე, მიხეილ ჩიხლაძე, იაკობ ტრიპოლსკი, მავრ პიასეცკი, ვიქტორ ჭანკვეტაძე, ტიტე ბარამიძე, კოტე დაუშვილი, აკაკი (კაკო) კვანტალიანი, ალექსანდრე გომელაური, ალექსანდრე ეძგვერაძე, დავით ქუთათელაძე, გიორგი ტატიშვილი, ნიკოლოზ წიკლაური, ლეო (ლევან) ფილფანი, სვეტლანა აბულაძე (ბურავლიოვა)",http://geocinema.ge/ka/movies/128,http://geocinema.ge/uploads/old/poster/p128.jpg,ok
660,ლაზარეს თავგადასავალი,1973,,კომპანია ”ქართული ტელეფილმი”,68,,"ქართლოს ხოტივარი, რამაზ (ბუბა) ხოტივარი","ლევან მალაზონია, ქართლოს ხოტივარი",ირაკლი ონოფრიშვილი,"ვახტანგ რურუა, ჯუანშერ თუთბერიძე",ანზორ ერქომაიშვილი,მერაბ გვანცელაძე,ლუდმილა (ლუსია) უნანიანი,"გეგა კობახიძე, ავთანდილ მახარაძე, ზოზო (იასონ) ბაქრაძე, კახი კავსაძე, გურამ ნიკოლაიშვილი, ვასილ ჩხაიძე, ჯემალ ღაღანიძე, ლია ელიავა, ოთარ ზაუტაშვილი, ნოდარ ფირანიშვილი, გიორგი (გოგი) ქავთარაძე, გიორგი ჟუჟუნაშვილი",http://geocinema.ge/ka/movies/660,http://geocinema.ge/uploads/old/poster/p660.jpg,ok
936,მედიატორი,2008,დეტექტივი / დრამა,სტუდია ”სანგუკო”,92,,დიმიტრი (დიტო) ცინცაძე,"დიმიტრი (დიტო) ცინცაძე, აკა მორჩილაძე",გოგა დევდარიანი,"კოტე ჯაფარიძე, გიორგი მასხარაშვილი",გიორგი ცინცაძე,,"ირაკლი გაბუნია, ალექს ბეიერი","იუენ ბრემნერი, ვიქტორია ისაკოვა, გიორგი ნაკაშიძე, მერაბ ნინიძე, ნინო (ნუცა) კუხიანიძე, ბურგჰარტ კლაუსნერი, მარიკა გიორგობიანი, ლევან დობორჯგინიძე, დავით იაშვილი, ნატო მურვანიძე, ზაქარია (ზაზა) კოლელიშვილი, დინა კორზუნი, დიმიტრი (დიტო) ცინცაძე, მატტ ტრომანსი, ლაშა ბაქრაძე",http://geocinema.ge/ka/movies/936,http://geocinema.ge/uploads/old/poster/p936.jpg,ok
217,ჯვარცმული კუნძული,1968,,"სს ""ქართული ფილმი""",83,,შოთა მანაგაძე,რევაზ (რეზო) თაბუკაშვილი,გიორგი ჭელიძე,დიმიტრი თაყაიშვილი,რევაზ ლაღიძე,რაფიელ კეზელი,"ჯულიეტა ბეზუაშვილი, ნელი დევნოზაშვილი, ი. მონასელიძე","თენგიზ არჩვაძე, გრიგოლ ტყაბლაძე, ზურაბ ქაფიანიძე, მალხაზ ბებურიშვილი, ლეო (ლევან) ფილფანი, გივი (გურამ) ფირცხალავა, გეიდარ ფალავანდიშვილი, თამაზ გამყრელიძე, ნუგზარ მაჭავარიანი, ნუგზარ ხიდურელი, არიადნა შენგელაია, მ. პეინი, ალფრედ ვიდენიექსი, ლ. ტუბინი, ევა მურნიეცე, ე. რაუშენი, ფ. სტეპჩუკი, ა. ტინი, პ. ლაო, თ. შმიტი, პ. კომისაროვი, ნ. საკაჯი, ალეკო გაბეჩავა, გრიგოლ (გიგოლა) თალაკვაძე, გივი თოხაძე, იოსებ (სოსო) ლაღიძე, კარლო საკანდელიძე, გიორგი (გია) ტყეშელაშვილი",http://geocinema.ge/ka/movies/217,http://geocinema.ge/uploads/old/poster/p217.jpg,ok
266,პირველი მერცხალი,1975,კომედია,"სს ""ქართული ფილმი""",77,,ნანა მჭედლიძე,"ლევან ჭელიძე, ნანა მჭედლიძე",გიორგი ჭელიძე,დიმიტრი თაყაიშვილი,ჯანსუღ კახიძე,მადონა თევზაძე,ვასილ დოლენკო,"დავით(დოდო) აბაშიძე, ვასო ნადარაია, იპოლიტე ხვიჩია, ანზორ ხერხაძე, გურამ ლორთქიფანიძე, დიმიტრი ჯაიანი, ამირან ქადეიშვილი, თემურ თავაძე, გოჩა მჭედლიძე, ზურაბ შილაკაძე, იესე მეგრელიძე, მიხეილ კინწურაშვილი, ჯუმბერ ჟვანია, გივი (გურამ) ფირცხალავა, გულჩინა დადიანი, ვასილ ჩხაიძე, ბორის პაიჭაძე, ტარას ხორავა, ია ნინიძე, ლაურა ვართანიანი, ბაადურ წულაძე, დუდუხანა წეროძე, ვახტანგ კუცია, გიგლა ფირცხალავა, ა. ელიავა, ო. ხარჩილავა, გ. ხოფერია, კ. ეფრემიძე, ნ. პალაიდიდი, ანზორ ურდია, ქართლოს მარადიშვილი, ლ. მურადელი, მაგდანა მჭედლიძე, ბონდო გაგნიძე, გ. ჟღენტი, პ. შურღაია, ა. ჯანელიძე, ვ. შაბანოვი, გურამ ხარებაშვილი, მარინა ახვლედიანი, ა. ჯოჯუა, ა. ავდალოვი, ო. კანკია, ა. კობახიძე, ვ. ბახტაძე, ხ. შელეგია, დიმა კვესელავა",http://geocinema.ge/ka/movies/266,http://geocinema.ge/uploads/old/poster/p266.jpg,ok
617,მოკვეთილი,1992,,კომპანია ”ქართული ტელეფილმი”,95,,გიორგი (გია) მატარაძე,"ანზორ სალუქვაძე, გიორგი (გია) მატარაძე",ოლეგ ბაშნინი,ნოდარ სულემანაშვილი,იაკობ ბობოხიძე,დიმიტრი გედევანიშვილი,გულნარა (გულიკო) ომიაძე,"ლეო (ლევან) ფილფანი, ზეინაბ ბოცვაძე, გიორგი (გოგი) ხარაბაძე, გივი ჩუგუაშვილი, დარეჯან ხარშილაძე, მარინა კახიანი, ზვიად თავაძე, ელგუჯა ბურდული, ეკა ქებურია, ნიკა ხუნჯუა, გელა (ბაჩი) ლეჟავა, ზაზა ქაშიბაძე, გიორგი ვასაძე, გიორგი (გოგა) გორგასანიძე, ნინო არსენიშვილი, დავით ჩხიკვაძე, გივი ჯაჯანიძე, გია გამყრელიძე-ძნელაძე, რუსუდან (ხათუნა) მჭედლიძე, დათო კუბლაშვილი, არჩილ ბარათაშვილი, ბერო წულაძე, პიერ ქადაგიშვილი, ნოდარ სოხაძე, ლაშა სულემენაშვილი, მალხაზ აბულაძე, შალვა კოკოჩაშვილი, გიორგი კოკოჩაშვილი",http://geocinema.ge/ka/movies/617,http://geocinema.ge/uploads/old/poster/p617.jpg,ok
3999,აკაკი წერეთლის მოგზაურობა რაჭა–ლეჩხუმში,1912,,,44,,ვასილ ამაშუკელი,ვასილ ამაშუკელი,ვასილ ამაშუკელი,,,,,,http://geocinema.ge/ka/movies/3999,http://geocinema.ge/uploads/nophoto.png,ok
139,სხვისი შვილები,1958,კინონოველა,"სს ""ქართული ფილმი""",77,12.05.1959,თენგიზ აბულაძე,"რევაზ ჯაფარიძე, თენგიზ აბულაძე",ლევან პაატაშვილი,"გივი გიგაური, კახი ხუციშვილი",არჩილ კერესელიძე,რაფიელ კეზელი,ვასილ დოლენკო,"ციცინო ციციშვილი, ოთარ კობერიძე, ასმათ ქანდაურიშვილი, ნანი ჩიქვინიძე, როლანდ (მიხო) ბორაშვილი, სესილია თაყაიშვილი, იოსებ (სოსო) ლაღიძე, აკაკი (კაკო) კვანტალიანი, ეკატერინე ვერულეიშვილი, ერასტი ბილანიშვილი, დავით ქობულოვი (ქობულაშვილი), გიორგი ჟუჟუნაშვილი, გენრი კავლელიშვილი",http://geocinema.ge/ka/movies/139,http://geocinema.ge/uploads/old/poster/p139.jpg,ok
298,სამანიშვილის დედინაცვალი,1977,ტრაგიკომედია,"სს ""ქართული ფილმი""",98,,ელდარ შენგელაია,რეზო ჭეიშვილი,"ლომერ ახვლედიანი, იური სხირტლაძე","ბორის ცხაკაია, ჯემალ კუხალაშვილი, ნაუმ ფურმანი","გია ყანჩელი, ჯანსუღ კახიძე",ვლადიმერ დოლიძე,ნელი ფარცვანია,"ვასილ კახნიაშვილი, იმედა კახიანი, ნოდარ ჩაჩანიძე, ვენერა ნეფარიძე, ბერტა ხაფავა, შოთა გაბელაია, სალომე ყანჩელი, თამარ ღვინიაშვილი, ნესტან კვეიძე, ვასილ ჩხაიძე, აკაკი (კაკო) ბაქრაძე, გივი მოდებაძე, როდერ ჩაჩანიძე, ქეთევან შარიქაძე, ანზორ ნიკოლაიშვილი, ალექსანდრე (გიზო ) კაკაურიძე, გურამ წერეთელი, ოთარ ქურციკიძე, ალექსანდრე რამიშვილი, აზა ნუცუბიძე",http://geocinema.ge/ka/movies/298,http://geocinema.ge/uploads/old/poster/p298.jpg,ok
150,ყვავილი თოვლზე,1959,კომედია,"სს ""ქართული ფილმი""",72,,შოთა მანაგაძე,"შოთა მანაგაძე, გრიგორ კოლტუნოვი, გიორგი გელოვანი",ფელიქს ვისოცკი,"ილამაზ (ზურაბ) მეძმარიაშვილი, ტატიანა კრიმკოვსკაია",რევაზ ლაღიძე,ოთარ გეგეჭკორი,ვასილ დოლენკო,"ლეო ანთაძე, ჯულიეტა ვაშაყმაძე, ნატაშა კობახიძე, ალექსანდრე ომიაძე, კოტე დაუშვილი, ბუხუტი ზაქარიაძე, გიორგი გაბელაშვილი, მეგი წულუკიძე, ალექსანდრე კვალიაშვილი, ნინო (ჩიტოლია) ჩხეიძე, რევაზ ხობუა, მერი ლომიძე, ირაკლი ნიჟარაძე, დავით ქუთათელაძე, ნელი გრძელიშვილი, კარლო ღლონტი, ალექსანდრე ეძგვერაძე, ალექსანდრე (სესიკა) კუპრაშვილი, შალვა ლორთქიფანიძე",http://geocinema.ge/ka/movies/150,http://geocinema.ge/uploads/old/poster/p150.jpg,ok
154,შეწყვეტილი სიმღერა,1960,კინომოთხრობა,"სს ""ქართული ფილმი""",100,07.12.1960,ნიკოლოზ სანიშვილი,"კონსტანტინე ლორთქიფანიძე, ალბერტ მარენჩინი, ნიკოლოზ სანიშვილი",დუდარ მარგიევი,"რუდოლფ კოვაჩი, ევგენი მაჭავარიანი","რევაზ ლაღიძე, ტიბორ ანდრაშოვანი","დავით ლომიძე, რუდოლფ პავლიჩეკი","ვასილ დოლენკო, ბედრიჩ ვოდერკა","იულიუს პანტიკი, ლია ელიავა, ვერიკო ანჯაფარიძე, დოდო ჭიჭინაძე, ოთარ კობერიძე, ალექსანდრე ომიაძე, კაროლ მახათა, ზურაბ (კუკური) ლაფერაძე, რიმა შოროხოვა, ელენა პაპოვა–ზვარიკოვა, სერგეი გოლოვანოვი, დუშან ბლაშკოვიჩი, ვილიამ პოლონი, ვაცლავ მლინეკი, ვილიამ ზაბორსკი, რუდოლფ ბახლეტი, იოზეფ ჩერნი, ლუდოვიტ ოზაბალი, მარია მარკოვიჩოვა",http://geocinema.ge/ka/movies/154,http://geocinema.ge/uploads/old/poster/p154.jpg,ok
981,კონფლიქტის ზონა (გასეირნება ყარაბახში 2),2009,,შპს კინოსტუდია ”დამოუკიდებელი კინოპროექტი ”,80,,ვანო ბურდული,ირაკლი სოლომანაშვილი,გიორგი ბერიძე,კოტე ჯაფარიძე,ნიაზ დიასამიძე,"ირაკლი ივანიშვილი, პაატა გოძიაშვილი",ლალი კოლხიდაშვილი,"ზურა ინგოროყვა, მიშა (უმც) მესხი, ნინი ბადურაშვილი, ლევან დობორჯგინიძე, ზურაბ ყიფშიძე, გიორგი ყიფშიძე, ნინო (ნუცა) კუხიანიძე, ნატო მურვანიძე, დავით დვალიშვილი, ია სუხიტაშვილი, ეკატერინე (ეკა) ანდრონიკაშვილი, ფიზული მამედოვი, ილგარ ჯახანგიროვი, ალექსანდრე (სანდრო) კაკულია, მიხეილ (მიშა) გომიაშვილი, რუსუდან ბოლქვაძე, ნათია გუბენკო, დავით იაშვილი, კახა აბუაშვილი, ნიკოლოზ (ნიკა) წერედიანი, გია მუჯირი",http://geocinema.ge/ka/movies/981,http://geocinema.ge/uploads/old/poster/p981.jpg,ok
750,სამოთხის გვრიტები,1997,კომედია,"სტუდია ""სამება""",55,,გოდერძი ჩოხელი,გოდერძი ჩოხელი,ჯიმშერ ქრისტესაშვილი,დავით საჯაია,იაკობ ბობოხიძე,გურამ გოგუა,,"კახი კავსაძე, გივი ბერიკაშვილი, გოვენ ჭეიშვილი, ნანული სარაჯიშვილი, ბერტა ხაფავა, ნინო ჩხეიძე, მიხეილ (მამუკა) ხერხეულიძე, კონსტანტინე (კოტე) თოლორაია, აბესალომ ლორია, ნათელა მიქელაძე, აბრეკ ფხალაძე, ეთერ გელოვანი, ნატო ჭელიძე, ზიზო ქურხული, გიგუშა წიკლაური",http://geocinema.ge/ka/movies/750,http://geocinema.ge/uploads/old/poster/p750.jpg,ok
216,ჩემი მეგობარი ნოდარი,1967,,"სს ""ქართული ფილმი""",89,,დავით რონდელი,"რეზო ჭეიშვილი, დავით რონდელი",ფელიქს ვისოცკი,ქრისტესია ლებანიძე,რევაზ ლაღიძე,ოთარ გეგეჭკორი,ევგენია ბეჟანოვა,"გიორგი (გოგი) ხარაბაძე, გიორგი (გია) კობახიძე, თეა ფირცხალავა, ჯემალ ღაღანიძე, ზაურ მჭედლიძე, გრიგოლ ნაცვლიშვილი, ბაადურ წულაძე, ეროსი მანჯგალაძე, კარლო საკანდელიძე, გიორგი გეგეჭკორი, ზურაბ (კუკური) ლაფერაძე, ტარიელ საყვარელიძე, კაპიტონ აბესაძე, იოსებ (სოსო) ხაინდრავა, გივი ალექსანდრია, კოტე ბურჯანაძე, ვიქტორ დეისაძე, ც. დოლბაძე, ოთარ ზაუტაშვილი, რ. ირემაძე, ირაკლი ნიჟარაძე, თინათინ სეფერთელაძე, ირაკლი ქოქრაშვილი, იპოლიტე ხვიჩია, მერაბ გეგეჭკორი",http://geocinema.ge/ka/movies/216,http://geocinema.ge/uploads/old/poster/p216.jpg,ok
852,ლუარსაბ თათქარიძე,1989,,კომპანია ”ქართული ტელეფილმი”,75,,ალექსანდრე (ალეკო) ნინუა,,გიორგი (გოგი) თორაძე,მალხაზ კუხაშვილი,,რუსუდან არაბიძე,ციური კობერიძე,"თენგიზ ჩანტლაძე, ია ხობუა, ზაირა ჩანტლაძე–გოგიაშვილი, მირიან ჯუღელი, ოთარ სეთურიძე, ნინო ჯაფარიძე, გია ჯოჯიშვილი, გელა ქუმელაშვილი, რევაზ ასათიანი, ზურაბ სვანიძე, ნოდარ ხუციშვილი",http://geocinema.ge/ka/movies/852,http://geocinema.ge/uploads/old/poster/p852.jpg,ok
135,საბუდარელი ჭაბუკი,1957,კინომოთხრობა,"სს ""ქართული ფილმი""",84,07.07.1958,შოთა მანაგაძე,გიორგი მდივანი,გიორგი ჭელიძე,"ილამაზ (ზურაბ) მეძმარიაშვილი, ტატიანა კრიმკოვსკაია",რევაზ ლაღიძე,რაფიელ კეზელი,,"ბელა მირიანაშვილი, იმედა კახიანი, გივი თოხაძე, სესილია თაყაიშვილი, მერი კანდელაკი, გრიგოლ ტყაბლაძე, იპოლიტე ხვიჩია, ზურაბ (კუკური) ლაფერაძე, აკაკი (კაკო) კვანტალიანი, კაპიტონ აბესაძე, იოსებ (სოსო) ლაღიძე, მარიამ მდივანი, ნოდარ მგალობლიშვილი, ნოდარ ფირანიშვილი, ლია სარაჯიშვილი, ვალენტინ დონღუზაშვილი, ერასტი ბილანიშვილი, შალვა ხონელი (გოგოლაშვილი), კარლო საკანდელიძე, ერემია სვანაძე, ქეთევან კოლხიდელი",http://geocinema.ge/ka/movies/135,http://geocinema.ge/uploads/old/poster/p135.jpg,ok
287,ქალაქი ანარა,1976,კომედია,"სს ""ქართული ფილმი""",85,,ირაკლი კვირიკაძე,ირაკლი კვირიკაძე,იური კიკაბიძე,"ჯემალ მირზაშვილი, გიორგი (გოგი) მიქელაძე",თეიმურაზ ბაკურაძე,ნუცა შოშიტაიშვილი,ქეთევან თაღნიაშვილი,"რეზო ესაძე, სესილია თაყაიშვილი, რამაზ ჩხიკვაძე, ჰენრიეტა ლეჟავა, ბუხუტი ზაქარიაძე, დავით(დოდო) აბაშიძე, ეროსი მანჯგალაძე, ზურაბ ქაფიანიძე, კახი კავსაძე, შალვა ხერხეულიძე, ნათელა ფალიაშვილი, ელენე ასლამაზიშვილი, მაკა მახარაძე, ლია კაპანაძე, ჟანრი ლოლაშვილი, ვაჟა ფირცხალაიშვილი, ვასილ კახნიაშვილი, დავით ქობულოვი (ქობულაშვილი), კონსტანტინე (კოტე) თოლორაია, ბაადურ (ბადრი) ბეგალიშვილი, ზოზო (იასონ) ბაქრაძე, ნოდარ პეტრიაშვილი, ნოდარ ფირანიშვილი, ბორის წიფურია, დავით პაპუაშვილი, ლია თოხაძე-ჯუღელი, ომარ გაბელია, კოტე ბურჯანაძე, ნ. აბულაძე, გ. შარბაძე, დიმიტრი ომიაძე, გ. ფილიევი",http://geocinema.ge/ka/movies/287,http://geocinema.ge/uploads/old/poster/p287.jpg,ok
591,დურუ,1994,კრიმინალური,"სტუდია ""თეთრი სარდაფი""",90,,"ბესარიონ (ბესო) გიორგობიანი, მერაბ სვირავა","ვალერი ჯინჭარაძე, ზაურ კალანდია, გიგა ლიპარტელიანი, მერაბ სვირავა","კახა ჭელიძე, დავით გოგილაშვილი",გაიოზ (გოჩა) ცერცვაძე,,თამაზ თოდაძე,"ნანა ჩემია, ბესარიონ (ბესო) გიორგობიანი","ამირან (II) ამირანაშვილი, ალექსანდრე მახარაძე, რამაზ შამათავა, დავით (ჯაპანა) ხურცილავა, ნუკრი ფაცურია, მაკა რომანოვა, რობერტ აგაჯანიანი, ოთარ მიქელაძე (მაცაბერიძე), შოთა სხირტლაძე, ანა კუდრინა",http://geocinema.ge/ka/movies/591,http://geocinema.ge/uploads/old/poster/p591.jpg,ok
164,კეთილი ადამიანები,1961,კინომოთხრობა,"სს ""ქართული ფილმი""",86,15.11.1961,შოთა მანაგაძე,გიორგი მდივანი,ფელიქს ვისოცკი,სერაფიონ ვაწაძე,რევაზ ლაღიძე,ვლადიმერ დოლიძე,,"ნანული პირველი, ოთარ მეღვინეთუხუცესი, თენგიზ არჩვაძე, ნათელა ვარაზაშვილი, თამაზ ბიბილური, ნუნუ მაჭავარიანი, მარიამ მდივანი, ეკატერინე ვერულეიშვილი, ელენე ყიფშიძე, რევაზ ხობუა, ბადრი კობახიძე, კარლო ღლონტი, ალექსანდრე კვალიაშვილი, ა. ერმილოვი, სტეფანე გრიქუროვი, შალვა ხერხეულიძე, ოთარ არღუთაშვილი, იოსებ (სოსო) აბრამიშვილი, ცაცა (ეკატერინე) ამირეჯიბი, მანანა მანაგაძე",http://geocinema.ge/ka/movies/164,http://geocinema.ge/uploads/old/poster/p164.jpg,ok
575,შეყვარებული კულინარის 1001 რეცეპტი,1996,კომედია,"სტუდია ""ადამი და ევა""",105,,ნანა ჯორჯაძე,ირაკლი კვირიკაძე,გიორგი ბერიძე,"ვახტანგ რურუა, თემურ ხმალაძე",გორან ბრეგოვიჩი,გურამ გოგუა,,"პიერ რიშარი, რამაზ ჩხიკვაძე, კახი კავსაძე, მარინა კახიანი, თემურ ქამხაძე, ხათუნა იოსელიანი, ნინო კირთაძე, გივი (გურამ) ფირცხალავა, ნინო კობერიძე, შოთა ქრისტესაშვილი, ელგუჯა ბურდული, იოსებ (სოსო) ჯაჭვლიანი, მიშელინ პრესლი, ჟან-ივ გოთიე, ვლადიმერ ილინი, გივი თოხაძე, გოგა გველესიანი, გოგოლა კალანდაძე, ალექსანდრე ქავთარაძე, გიორგი შოშიტაიშვილი, დიმიტრი ხიზანიშვილი, ვანო ტატიშვილი, ბაადურ (ბადრი) ბეგალიშვილი, ოთარ ზაუტაშვილი, თამაზ თოლორაია, გია ლეჟავა, გია როინიშვილი, სპარტაკ ფარჯიანი",http://geocinema.ge/ka/movies/575,http://geocinema.ge/uploads/old/poster/p575.jpg,ok
982,ჯაყოს ხიზნები,2009,,"შპს ""ტაია გრუპი""",110,,დავით (დათო)  ჯანელიძე,"დავით (დათო)  ჯანელიძე, ვაჟა გიგაშვილი",გიორგი გერსამია,ჯემალ მირზაშვილი,დავით ევგენიძე,პაატა გოძიაშვილი,ნოდარ ნოზაძე,"თემურ იანტბელიძე, ზაზა ბურჭულაძე, ნატო მურვანიძე, გიორგი ნაკაშიძე, ნესტან (ნენე) კვინიკაძე, ბორის გულმაგარაშვილი, ავთანდილ გულიაშვილი, ორბი აღნიაშვილი, ზაკო ჯინჭარაშვილი, კაკო ყეინიშვილი, კაკო ზაალიშვილი, ავთო ყეინიშვილი, მარი ოთარაშვილი, დათო ბერიაშვილი, ზაზა ზაალიშვილი, მაგდა ყანჩელაშვილი",http://geocinema.ge/ka/movies/982,http://geocinema.ge/uploads/old/poster/p982.jpg,ok
152,"დღე უკანასკნელი, დღე პირველი",1959,კინომოთხრობა,"სს ""ქართული ფილმი""",83,12.07.1960,სიკო დოლიძე,"სიკო დოლიძე, ევგენი აგრანოვიჩი",ლევან პაატაშვილი,"გივი გიგაური, კახი ხუციშვილი",დავით თორაძე,ვლადიმერ დოლიძე,ვასილ დოლენკო,"სერგო ზაქარიაძე, ბელა მირიანაშვილი, მალხაზ გორგილაძე, აკაკი ვასაძე, დინარა ჟორჟოლიანი, ოთარ კობერიძე, ლადო ავალიანი, გიული ჭოხონელიძე, გრიგოლ ტყაბლაძე, გივი თოხაძე, მედეა ჩახავა, მეგი წულუკიძე, ალექსანდრე აფხაიძე, ემანუილ აფხაიძე, დათო დანელია, ეთერ ჟორდანია, მერი კანდელაკი, ალექსანდრე ომიაძე, კარლო საკანდელიძე, ალექსანდრა თოიძე, იპოლიტე ხვიჩია, რამაზ ჩხიკვაძე, ნუნუ მაჭავარიანი, ბადრი კობახიძე, მიხეილ მგელაძე, ნოდარ ფირანიშვილი, ირაკლი ქოქრაშვილი, ივანე გვინჩიძე, ნუგზარ ჯუღელი",http://geocinema.ge/ka/movies/152,http://geocinema.ge/uploads/old/poster/p152.jpg,ok
237,იყო შაშვი მგალობელი,1970,,"სს ""ქართული ფილმი""",82,,ოთარ იოსელიანი,"ოთარ იოსელიანი, დიმიტრი ერისთავი, ოთარ მეხრიშვილი, შერმაზან ყაყიჩაშვილი",აბესალომ მაისურაძე,დიმიტრი ერისთავი,თეიმურაზ ბაკურაძე,"ოთარ გეგეჭკორი, მიხეილ ნიჟარაძე, თენგიზ ნანობაშვილი",ჯულიეტა ბეზუაშვილი,"გელა კანდელაკი, გოგი ჩხეიძე, ჯანსუღ კახიძე, ირინე ჯანდიერი, ელენე (ჩიტო) ლანდია, ირინა მდივანი, მარინა ქარცივაძე, ნუგზარ ერქომაიშვილი, ირაკლი ქოქრაშვილი, ნათია ანჯაფარიძე, დ. ივანიძე, თამარ იშხნელი, თამარ გედევანიშვილი, რევაზ ბარამიძე, რობერტ სტურუა, გიორგი (გოგი) მარგველაშვილი, ზურაბ(პიკო) ნიჟარაძე, თეიმურაზ მთაწმინდელი, გ. გზირიშვილი, ვახტანგ ერემაშვილი, ოთარ ცომაია, გივი ძნელაძე, ი. მამიევი, ნ. კალატოზიშვილი, ლ. ენუქიძე, თეა ფირცხალავა, ვ. ყანჩელი, მედეა ჯაფარიძე, მიხეილ ბაკურაძე, რეზო კვესელავა, დიმიტრი თაყაიშვილი, ტარიელ კვაშალი, ს. ჯაფარიძე, ოთარ გეგეჭკორი, გიორგი ლომსაძე, თენგიზ მაღალაშვილი, ჯუმბერ შაქარაშვილი, მაკა მახარაძე",http://geocinema.ge/ka/movies/237,http://geocinema.ge/uploads/old/poster/p237.jpg,ok
500,ცოდვის შვილები,1989,დრამა,"სს ""ქართული ფილმი""",68,,გოდერძი ჩოხელი,გოდერძი ჩოხელი,გურამ საძაგლიშვილი,ნიკოლოზ ზანდუკელი,იაკობ ბობოხიძე,დიმიტრი გედევანიშვილი,ნელი დევნოზაშვილი,"ზურაბ (შალვა) ქირიკაშვილი, ზურაბ ყიფშიძე, მარი (მარინა) ჯანაშია, ლეო (ლევან) ფილფანი, ამირან ტაკიძე, კარლო საკანდელიძე, გივი ხახიძე, პაატა ტარსიაშვილი, გაგა ალუდაური, ავთანდილ მახარაძე, გივი ჯაჯანიძე, თამაზ დანელია, ირაკლი ალუდაური, ი. არაბული, ნ. ლიქოკელი, ა. შეთეკაური, ნათელა ფალიაშვილი, პ. არაბული, ი. მარსაგიშვილი",http://geocinema.ge/ka/movies/500,http://geocinema.ge/uploads/old/poster/p500.jpg,ok
161,გლახის ნაამბობი,1961,,"სს ""ქართული ფილმი""",87,03.07.1962,ლეო ესაკია,"ვლადიმერ კარსანიძე, ლეო ესაკია",შოთა კილაძე,რევაზ მირზაშვილი,რევაზ ლაღიძე,დავით ლომიძე,,"გოჩა აბაშიძე, ოთარ ხატიაშვილი, ალექსანდრე ომიაძე, მედეა ჩახავა, გრიგოლ კოსტავა, აკაკი (კაკო) კვანტალიანი, ალექსანდრე გომელაური, ენრიკო ღაღანიძე, იოსებ (სოსო) ლაღიძე, ზაზა გაჩეჩილაძე, დათო დანელია, მიხეილ მგელაძე, ირაკლი ქოქრაშვილი, გიორგი ჟუჟუნაშვილი, დიმიტრი ყიფიანი",http://geocinema.ge/ka/movies/161,http://geocinema.ge/uploads/old/poster/p161.jpg,ok
668,"ორერა, სრული სვლით!",1970,მუსიკალური,კომპანია ”ქართული ტელეფილმი”,80,,ზაალ კაკაბაძე,"რობერტ ბარძიმაშვილი, ავთანდილ გელოვანი",გივი მელქაძე,მიხეილ ბახანოვი,,მერაბ გვანცელაძე,ციური კობერიძე,"რობერტ ბარძიმაშვილი, ნანი ბრეგვაძე, ვახტანგ (ბუბა) კიკაბიძე, გენო ნადირაშვილი, ზურაბ იაშვილი, თეიმურაზ დავითაია, თეიმურაზ მეღვინეთუხუცესი, თემურ გაჟონია",http://geocinema.ge/ka/movies/668,http://geocinema.ge/uploads/old/poster/p668.jpg,ok
292,ბაკულას ღორები,1976,კომედია,"სს ""ქართული ფილმი""",47,,ბიძინა რაჭველიშვილი,"რეზო ჭეიშვილი, ბიძინა რაჭველიშვილი","არჩილ ფილიპაშვილი, ვასილ შუტოვი",ჯემალ მირზაშვილი,ბიძინა (ალექსანდრე) კვერნაძე,დავით ლომიძე,ჯულიეტა წოწონავა,"გიორგი გეგეჭკორი, ანზორ ხერხაძე, ბადრი კობახიძე, ია ხობუა, გიორგი ხობუა, ირმა გიგაური, გიორგი (გოგი) ქავთარაძე, ა. ალფაიძე, ანზორ ნიკოლაიშვილი, აკაკი (კაკო) ბაქრაძე, ვახტანგ მიხელიძე, ბ. ცერცვაძე, ზაურ ღელეყვა, ვაჟა ოყრეშიძე, მ. კაკაურიძე, ბიძინა რაჭველიშვილი, ზ. ცირამუა",http://geocinema.ge/ka/movies/292,http://geocinema.ge/uploads/old/poster/p292.jpg,ok
267,ჩირიკი და ჩიკოტელა,1975,,"სს ""ქართული ფილმი""",53,,"ლევან ხოტივარი, რამაზ (ბუბა) ხოტივარი",რევაზ ინანიშვილი,ლევან ნამგალაშვილი,რევაზ მირზაშვილი,ბიძინა (ალექსანდრე) კვერნაძე,გულნარა ბერიაშვილი,ნუნუ თავბერიძე,"ბაადურ (ბადრი) ბეგალიშვილი, ჯემალ ღაღანიძე, ნინო (II) დოლიძე, გელა გონიაშვილი, მარინე თბილელი, ლეილა ძიგრაშვილი, ეთერ აბზიანიძე, ზურაბ (კუკური) ლაფერაძე, რამაზ ჩხიკვაძე, ნოდარ ფირანიშვილი, ზოზო (იასონ) ბაქრაძე, ლევან (ლეო) სოხაშვილი, ვასილ ჩხაიძე, ი. ჯავახიშვილი, ავთო კვარაცხელია, გია ლაზიშვილი, ზ. ბახტაძე, ემზარ ნიკოლაძე, გიგუშა წიკლაური",http://geocinema.ge/ka/movies/267,http://geocinema.ge/uploads/old/poster/p267.jpg,ok
1003,ომი და ქორწილი,2010,,"სტუდია ""გარიგება""",105,,ზაქარია (ზაზა) კოლელიშვილი,"ზაქარია (ზაზა) კოლელიშვილი, პაატა ბერიკაშვილი, თენგიზ თხილავა",კონსტანტინე (მინდია) ესაძე,მალხაზ კუხაშვილი,გიგი დედალამაზიშვილი,ნიკოლოზ ფანიაშვილი,"მარინა კოლხიდაშვილი, ირაკლი ჭეიშვილი","მარლენ ეგუტია, გრიგოლ წიტაიშვილი, აკაკი ხიდაშელი, ზურაბ ქაფიანიძე, გივი ჩუგუაშვილი, ლია გუდაძე, ზანდა იოსელიანი, ნოდარ ხუციშვილი, დავით (ჯაპანა) ხურცილავა, ქართლოს მარადიშვილი, ბადრი კაკაბაძე, დავით დვალიშვილი, ვლადიმერ (ლადო) მექვაბიშვილი, როლანდ ოქროპირიძე, ელენე კოლელიშვილი, ნინო გაბითაშვილი, ჯემალ გოჩაშვილი, გიორგი (გია) ტყეშელაშვილი, ნუკრი არჩვაძე, გია მუჯირი, კახა მიქიაშვილი, დემეტრე (დუტა) სხირტლაძე, ლევან ლორთქიფანიძე, ზვიად ნიკურაძე",http://geocinema.ge/ka/movies/1003,http://geocinema.ge/uploads/old/poster/p1003.jpg,ok
844,არის ასეთი ქვეყანა,2003,ტრაგიკომედია,"სტუდია ""აპერკოტი""",75,,ლევან ანჯაფარიძე,ლევან ანჯაფარიძე,ლევან პატარაია,გია ლაფერაძე,კაკო ვაშალომიძე,გარი კუნცევი,ვასილ გაბუნია,"ხათუნა იოსელიანი, დავით დვალიშვილი, მიხეილ (უმც) ჯოჯუა, ჯანო იზორია, ზურა წერეთელი, საშკა კალმახელიძე, ლელა მაქაცარია, პავლე ნოზაძე, ციცინო ძიძიგური, ალეკო თეთრაშვილი, მიხეილ (მიშა) გომიაშვილი",http://geocinema.ge/ka/movies/844,http://geocinema.ge/uploads/old/poster/p844.jpg,ok
517,ბეღურების გადაფრენა,1980,,"სს ""ქართული ფილმი""",65,,თემურ ბაბლუანი,თემურ ბაბლუანი,ვიქტორ ანდრიევსკი,იური კვაჭაძე,,გურამ შუბლაძე,,"ელგუჯა ბურდული, თემურ ბიჭიაშვილი, რეზო ესაძე, შოთა სხირტლაძე, ზოზო (იასონ) ბაქრაძე, ლუდმილა ალიმბარაშვილი, შოთა ნოზაძე, ამირან ამირანაშვილი, კ. თაბუკაშვილი, ტრისტან სარალიძე, ვლადიმერ (ლადო) ბურდული, ავთანდილ მიქაძე, როსტომ ლორთქიფანიძე, გივი (გურამ) ფირცხალავა, ზაქარია (შაქრო) ჯორჯაძე, რ. მამალაძე, ნოდარ სოხაძე, ლეო (ლევან) ფილფანი, თეიმურაზ კვანტალიანი",http://geocinema.ge/ka/movies/517,http://geocinema.ge/uploads/old/poster/p517.jpg,ok
377,კუკარაჩა,1982,დრამა,"სს ""ქართული ფილმი""",89,,"სიკო დოლიძე, ქეთი დოლიძე","სიკო დოლიძე, ქეთი დოლიძე",მიხეილ მედნიკოვი,ნოდარ სულემანაშვილი,გიორგი (გოგი) ჩლაიძე,ვლადიმერ დოლიძე,ლეილა აშიანი,"ლევან უჩანეიშვილი, ნინელი ჭანკვეტაძე, ზაქარია (ზაზა) კოლელიშვილი, მარი (მარინა) ჯანაშია, ლადო (II) ტატიშვილი, გივი თოხაძე, დუდუხანა წეროძე, ლია კაპანაძე, თამაზ თოლორაია, ბონდო გოგინავა, გრიგოლ წიტაიშვილი, ქეთევან ესაიაშვილი, ომარ გაბელია, იამზე ტყავაძე, ჯიმშერ (ჯიმი) დევნოზაშვილი, დათო კუბლაშვილი, მიხეილ კოზაკოვი, დ. ნაფეტვარიძე, დ. ცეცხლაძე, ლ. ლომსაძე, ქეთევან მურვანიძე, აკაკი ბერძენიშვილი, ბ. ბერძენიშვილი, ანზორ ურდია, ნოდარ სულემანაშვილი, ლ. სულემანაშვილი, პლატონ ქოიავა",http://geocinema.ge/ka/movies/377,http://geocinema.ge/uploads/old/poster/p377.jpg,ok
146,წარსული ზაფხული,1959,კომედია,"სს ""ქართული ფილმი""",68,,"გენო წულაია, ნელი ნენოვა",რევაზ (რეზო) თაბუკაშვილი,გიორგი კალატოზიშვილი,დიმიტრი თაყაიშვილი,ოთარ გორდელი,დავით ლომიძე,,"მედეა ჯაფარიძე, ეროსი მანჯგალაძე, რამაზ ჩხიკვაძე, გიორგი გეგეჭკორი, მუზა კრეპკოგორსკაია, გიორგი გაბელაშვილი, ნინა ზავრიევა, ნუნუ მაჭავარიანი, ი. ბროსევიჩი, ბელა მირიანაშვილი, იოსებ (სოსო) ლაღიძე, ბადრი კობახიძე, სოსო ებრალიძე, ამირან ებრალიძე, რობერტ ბარძიმაშვილი, გოგი ლეონიძე, იპოლიტე ხვიჩია, ვახტანგ ნინუა, გიორგი (გელა) რევაზიშვილი, აბესალომ ლორია, ეკატერინე ვერულეიშვილი, ლ. ტყავაძე, ალექსანდრე (სესიკა) კუპრაშვილი, რევაზ ხობუა, ელენე ასლამაზიშვილი, ლუბა ქარქაშაძე",http://geocinema.ge/ka/movies/146,http://geocinema.ge/uploads/old/poster/p146.jpg,ok
190,ბიჭი და ძაღლი,1964,,"სს ""ქართული ფილმი""",28,,თენგიზ გოშაძე,არჩილ სულაკაური,ალექსანდრე ფარადაშვილი,რომან მახარაძე,არჩილ კერესელიძე,თენგიზ ნანობაშვილი,,"ზურაბ შონია, ლ. მალიანი, ლუკა წულაძე, თენგიზ ჟღენტი, ილია ზაუტაშვილი, თემურ ხუბაშვილი, ილია ბაკაკური, თენგიზ ქართველიშვილი",http://geocinema.ge/ka/movies/190,http://geocinema.ge/uploads/nophoto.png,ok
404,ამბავი სურამის ციხისა,1984,დრამა,"სს ""ქართული ფილმი""",88,,"დავით(დოდო) აბაშიძე, სერგო (სარქის) ფარაჯანოვი",ვაჟა გიგაშვილი,იური კლიმენკო,ალექსანდრე ჯანშიევი,ჯანსუღ კახიძე,გარი კუნცევი,მ. პონომარენკო,"ვერიკო ანჯაფარიძე, დავით(დოდო) აბაშიძე, სოფიკო ჭიაურელი, დუდუხანა წეროძე, თამარ ციციშვილი, გივი თოხაძე, აბესალომ ლორია, ზურაბ ყიფშიძე, ლევან უჩანეიშვილი, მზია არაბული, ნოდარ დუგლაძე, ლელა ალიბეგაშვილი, თამაზ დანელია, გიორგი (გია) ბურჯანაძე, გეგი გუჯეჯიანი, პაატა ბარათაშვილი, ვ. მდოიანი, მალხაზ გურგენაშვილი, მანანა ცხოვრებოვა, გარი ამბარცუმოვი, ვლადიმერ ჩიტიშვილი, გ. აბაიშვილი, გ. ტუღუში, ვ. კირილენკო, ელენე ყიფშიძე, ოლია ჯანიაშვილი, ო. დიდებულიძე, თ. არჯანოვი, ლ. არჯანოვი, ნინო ჩხეიძე, ს. სანტუნინი, კ. მოლაშხია",http://geocinema.ge/ka/movies/404,http://geocinema.ge/uploads/old/poster/p404.jpg,ok
254,ვერის უბნის მელოდიები,1973,მიუზიკლი,"სს ""ქართული ფილმი""",97,,გიორგი შენგელაია,"გიორგი შენგელაია, ანზორ სალუქვაძე",ალექსანდრე მღებრიშვილი,"ვახტანგ რურუა, ედუარდ ლაპკოვსკი",გიორგი ცაბაძე,ვლადიმერ დოლიძე,,"სოფიკო ჭიაურელი, ვახტანგ (ბუბა) კიკაბიძე, ია ნინიძე, მაია კანკავა, დავით(დოდო) აბაშიძე, ეროსი მანჯგალაძე, ზურაბ კიკალეიშვილი, ალისა ფრეინდლიხი, კახი კავსაძე, რამაზ ჩხიკვაძე, გიორგი გეგეჭკორი, გიორგი (გოგი) ქავთარაძე, ბორის წიფურია, ბაადურ წულაძე, ოთარ ზაუტაშვილი, ლია გუდაძე, მზია მაღლაკელიძე, ნანული სარაჯიშვილი, მარინა კახიანი, ზანდა იოსელიანი, ბონდო გოგინავა, აბესალომ ლორია, ნოდარ სოხაძე, გიორგი ჟუჟუნაშვილი, მანანა ორბელიანი",http://geocinema.ge/ka/movies/254,http://geocinema.ge/uploads/old/poster/p254.jpg,ok
694,ალი ბაბა და 40 ყაჩაღი,1990,,კომპანია ”ქართული ტელეფილმი”,120,,ზაალ კაკაბაძე,დავით აგიაშვილი,ირჟი კადანკა (ჩეხეთი),რობერტ პლაქსინი,როლანდ ბაუმგარტნერი (ავსტრია),სტეფანე ბოჰუნიცკი (სლოვაკეთი),ციური კობერიძე,"მიხეილ ლავროვსკი, ილზე ლიეპა (რუსეთი), ვიქტორ იარომენკო (უკრაინა), მანია ბარედო (აშშ), ენგელბერტ ჰამპერდინგი (აშშ), მარგოტ ვერნერი (გფრ), ზიბა ბანაფშა (ინგლისი), ვლასტიმილ პარაპესი (ჩეხეთი), მედჰი ბაჰირი (აშშ), ლუის დორსეი (აშშ)",http://geocinema.ge/ka/movies/694,http://geocinema.ge/uploads/nophoto.png,ok
243,მოიტაცეს თამარ ქალი,1971,,"სს ""ქართული ფილმი""",71,,ლეილა გორდელაძე,ლეილა გორდელაძე,გენო ჩირაძე,ვასილ არაბიძე,გიორგი ცაბაძე,თენგიზ ნანობაშვილი,ოფელია გევორქიანი,"ხათუნა კოტრიკაძე, გია ავალიშვილი, გია ფერაძე, ვ. კუხიანიძე, ჰენრიეტა ლეჟავა, ვასილ კახნიაშვილი, ლეილა ძიგრაშვილი, შოთა დაუშვილი, გიორგი გელოვანი, აკაკი (კაკო) ბაქრაძე, ნათელა მიქალაძე, ალექსანდრე ეძგვერაძე, ლ. გვეტაძე, რეზო ბოკუჩავა, ჯემალ ღაღანიძე, იოსებ (სოსო) ხაინდრავა, გ. გვენცაძე, ერემია სვანაძე, ოთარ გუნცაძე, ჯ. პერტენავა, ა. გვარამია, ჯემალ დობორჯგინიძე, ვ. ნამგალაძე, თეიმურაზ შავლოხაშვილი, ტ. ძნელაძე, ვ. ნამორაძე, დ. დარსაველიძე, დ. ქელბაქიანი, ნუნუ მაჭავარიანი",http://geocinema.ge/ka/movies/243,http://geocinema.ge/uploads/old/poster/p243.jpg,ok
215,ვედრება,1967,დრამა,"სს ""ქართული ფილმი""",76,,თენგიზ აბულაძე,"ანზორ სალუქვაძე, რეზო კვესელავა, თენგიზ აბულაძე",ალექსანდრე ანტიპენკო,რევაზ მირზაშვილი,ნოდარ გაბუნია,მიხეილ ნიჟარაძე,ლუსია ვარტიკიანი,"სპარტაკ ბაღაშვილი, რუსუდან კიკნაძე, რამაზ ჩხიკვაძე, თენგიზ არჩვაძე, გეიდარ ფალავანდიშვილი, ოთარ მეღვინეთუხუცესი, ზურაბ ქაფიანიძე, ნანა ქავთარაძე, ირაკლი უჩანეიშვილი, დიმიტრი ყიფიანი",http://geocinema.ge/ka/movies/215,http://geocinema.ge/uploads/old/poster/p215.jpg,ok
119,ბედნიერი შეხვედრა,1949,კომედია,თბილისის კინოსტუდია,88,,ნიკოლოზ სანიშვილი,ვლადიმერ კარსანიძე,დავით კანდელაკი,"ნიკოლოზ ქურდიანი, ქრისტესია ლებანიძე",არჩილ კერესელიძე,რაფიელ კეზელი,ვასილ დოლენკო,"ვერიკო ანჯაფარიძე, დოდო ჭიჭინაძე, შალვა ღამბაშიძე, თეიმურაზ ხელაშვილი, ალექსანდრე (სანდრო) ჟორჟოლიანი, ცეცილია წუწუნავა, გიორგი შავგულიძე, აკაკი (კაკო) კვანტალიანი, ნინო (ჩიტოლია) ჩხეიძე, ირინე მაღალაშვილი, თინა ღამბაშიძე, ლილია ზვერევა, ვახტანგ ნინუა, ივანე გვინჩიძე, მედეა ჩახავა, თამარ ციციშვილი, შალვა ჩხიკვაძე, ვალერიან ძაგნიძე, ელენე საყვარელიძე, ირაკლი ქოქრაშვილი",http://geocinema.ge/ka/movies/119,http://geocinema.ge/uploads/old/poster/p119.jpg,ok
931,დოგა–დოგა,2006,,"სტუდია ""მაფალუ""",59,,დავით ქვარცხავა,ირაკლი სამსონაძე,გია კუსრაშვილი,დავით საჯაია,გიორგი ცინცაძე,ზურაბ ნადარაია,დავით ქაცარავა,"დავით (ჯაპანა) ხურცილავა, თამარ (თამუნა) გეგეჭკორი, შოთა ბეჟანიშვილი, გოგა ბარბაქაძე, აპოლონ კუბლაშვილი, ლუბა (ბუბა) გოგორიშვილი, მარლენ ეგუტია, შორენა კურტანიძე, ნატო (ნატუკა) გულისაშვილი, მერაბ ყოლბაია, ალექსანდრე (სანდრო) თომაძე, მაია ქარსელაძე, კახა სამუშია, კახა მიქიაშვილი, გივი წიქარიძე, ქეთი გორგიძე, ზაზა ასანიშვილი, თედო ედილაშვილი, თემურ ხიდაშელი, ანა ყაჭეიშვილი, ლიზი ქისტაური, ივიკო გურეშიძე",http://geocinema.ge/ka/movies/931,http://geocinema.ge/uploads/old/poster/p931.jpg,ok
696,ხაფანგი,1992,დრამა,კომპანია ”ქართული ტელეფილმი”,145,,ალექსანდრე (ალეკო) ნინუა,ამირან ჭიჭინაძე,ნიკოლოზ სუხიშვილი,ვაჟა ჯალაღანია,ირაკლი გეჯაძე,შოველ ჩიტიძე,ციური კობერიძე,"რევაზ თავართქილაძე, გივი თოხაძე, ლელა წურწუმია, ვალერი კორშია, ნანი ჩიქვინიძე, მიხეილ (მიშა) გომიაშვილი, გია გამყრელიძე-ძნელაძე, ვიქტორ ნინიძე, კახა თავართქილაძე, ივანე ოსაძე, რუსუდან (ხათუნა) მჭედლიძე, ნინო დუმბაძე, ვასილ რცხილაძე, ირაკლი კავსაძე, ნოდარ ხუციშვილი",http://geocinema.ge/ka/movies/696,http://geocinema.ge/uploads/old/poster/p696.jpg,ok
985,თბილისური Love Story,2009,,"დამოუკიდებელი სტუდია ""კონტროლზტუდიო""",77,,ირაკლი ჩხიკვაძე,გიო მგელაძე,სანდრო დარახველიძე,დოდო ჩხეიძე,,,"ირაკლი ჩხიკვაძე, დათო სვანიძე","თამარ ბზიავა, ვანო თარხნიშვილი, ნინი ქარსელაძე, ნატო მურვანიძე, გივი ბერიკაშვილი, ქრისტინე იმედაძე, გიორგი ყიფშიძე, კახა კინწურაშვილი, კახი კავსაძე, ნინი ვარძიაშვილი, ნია გრძელიძე, ნინო ქორიძე, სონა აბაშიძე, ზვიად ემირიძე, ლელა გუნდიშვილი, გოგა ბარბაქაძე, თათო ზურაბიანი, ნინი ბადურაშვილი, გიორგი ნაკაშიძე, გიორგი გიორგანაშვილი, ანი იმნაძე, ანი ჩირაძე, ირინე ჟორდანია, თორნიკე ბზიავა, ნინო (ნუცა) კუხიანიძე, მაკა შალიკაშვილი, თიკა ლაღიძე, თაკო გაჩეჩილაძე, ია სუხიტაშვილი, გიკა ლომიძე",http://geocinema.ge/ka/movies/985,http://geocinema.ge/uploads/old/poster/p985.jpg,ok
497,ცხოვრება დონ კიხოტისა და სანჩოსი,1989,,"სს ""ქართული ფილმი""",659,,რევაზ (რეზო) ჩხეიძე,"მარსიალ სუარესი, სულიკო ჟღენტი, რევაზ (რეზო) ჩხეიძე",ლომერ ახვლედიანი,"ფარნაოზ ლაპიაშვილი, გივი გიგაური, ილამაზ (ზურაბ) მეძმარიაშვილი",გია ყანჩელი,გარი კუნცევი,ვასილ დოლენკო,"კახი კავსაძე, მამუკა კიკალეიშვილი, რამაზ ჩხიკვაძე, ლეონიდ კურავლიოვი, თამარ სხირტლაძე, ნინო ლაპიაშვილი, ჟანრი ლოლაშვილი, ანასტასია ვერტინსკაია, რუსუდან ბოლქვაძე, ზურაბ ყიფშიძე, მზია არაბული, სოფიკო კალანდაძე, ოთარ კობერიძე, პატრიცია დელ გრანდე, ალექსანდრე მახარაძე, ელენე (ლიკა) ჭავჭავაძე, მიხეილ ვაშაძე, თამარ (თათული) დოლიძე, თემურ ბაბლუანი, გიორგი (გოგი) ხარაბაძე, ტრისტან სარალიძე, მარინა კახიანი, თამაზ თოლორაია, იური ვასაძე, ბაადურ წულაძე, პალომა ბოტინი, ლევან უჩანეიშვილი, შალვა ხერხეულიძე, ბორის წიფურია, თენგიზ არჩვაძე, ვალერიან კვაჭაძე, გივი ბერიკაშვილი, ამირან ამირანაშვილი, გივი სარჩიმელიძე, ვახტანგ კორკელია, გიზო სიხარულიძე, თეიმურაზ წიკლაური, ლაშა ოყრეშიძე, ზურაბ ცინცქილაძე, ლაურა რეხვიაშვილი, ეკა ქუთათელაძე, თამარ (II) დათუაშვილი, ნინო ჩხეიძე, ავთანდილ მახარაძე, ივანე საყვარელიძე, ლია გუდაძე, ბაია (ბარბარე) დვალიშვილი, გურამ პეტრიაშვილი, კონსტანტინე (კოტე) თოლორაია, მიხეილ (მამუკა) ხერხეულიძე, გია ლეჟავა, პავლე ნოზაძე, რამაზ იოსელიანი, სერგო ბაზიაშვილი, მაკა ჩიჩუა",http://geocinema.ge/ka/movies/497,http://geocinema.ge/uploads/old/poster/p497.jpg,ok
567,ქვევრი,1970,,კომპანია ”ქართული ტელეფილმი”,28,,ირაკლი კვირიკაძე,რევაზ (რეზო) გაბრიაძე,ლომერ ახვლედიანი,ქრისტესია ლებანიძე,გია ყანჩელი,ლევან ქიშმიშევი,"ალექსანდრა შულცი, ნუცა შოშიტაიშვილი","ბუხუტი ზაქარიაძე, ვახტანგ სულაქველიძე, ჰენრიეტა ლეჟავა, ეროსი მანჯგალაძე, ოთარ ზაუტაშვილი, ღუღუნი კანდელაკი, ლერი ზარდიაშვილი, ლევან (ლეო) სოხაშვილი",http://geocinema.ge/ka/movies/567,http://geocinema.ge/uploads/old/poster/p567.jpg,ok
207,ლონდრე,1966,კომედია,"სს ""ქართული ფილმი""",90,,თამაზ მელიავა,ოთარ ჭილაძე,გიორგი კალატოზიშვილი,ქრისტესია ლებანიძე,ირაკლი გეჯაძე,მიხეილ ნიჟარაძე,,"გივი ბერიკაშვილი, ეროსი მანჯგალაძე, რამაზ ჩხიკვაძე, ლია გუდაძე, კოტე დაუშვილი, იოსებ (სოსო) ლაღიძე, ლეილა ყიფიანი, თეა (ნათელა) გაბუნია, შალვა გედევანიშვილი, დავით ქობულოვი (ქობულაშვილი), ნოდარ მარგველაშვილი, ზურაბ ქაფიანიძე, დავით ოქროსცვარიძე, ილია ბაკაკური, იოსებ (სოსო) თარალაშვილი, ალექსანდრე ალაზნისპირელი, გურამ საღარაძე, ნოდარ ფირანიშვილი, მიხეილ (მიშიკო) ხვიტია",http://geocinema.ge/ka/movies/207,http://geocinema.ge/uploads/old/poster/p207.jpg,ok
362,ძმა,1981,სათავგადასავლო / ისტორიულ-რევოლუციური,"სს ""ქართული ფილმი""",77,,თემურ ბაბლუანი,თემურ ბაბლუანი,ვიქტორ ანდრიევსკი,ნუგზარ ბაიდარაშვილი,იაკობ ბობოხიძე,გარი კუნცევი,ნუნუ თავბერიძე,"არჩილ სამხარაძე, ლევან თურმანიძე, ოთარ მეღვინეთუხუცესი, შოთა ნოზაძე, თეიმურაზ (თემო) დოლიძე, ლეო (ლევან) ფილფანი, გივი ჩუგუაშვილი, მედეა ნემსიწვერიძე, იური გეწაძე, იოსებ (სოსო) ჯაჭვლიანი, ფრიდონ გულედანი, ლელი ჯაფარიძე, ხ. დანილოვი, გ. გოგოჭური, ოთარ ოთარაშვილი, ამირან ტაკიძე, ამირან ამირანაშვილი, გივი ხახიძე, გივი (გურამ) ფირცხალავა, ბ. ბექაური, მ. ლალიაშვილი, ა. ხვედელიძე, რ. რუსეიშვილი, შალვა ჯანიაშვილი, გელა კანდელაკი, ვაჟა ქოქრაშვილი",http://geocinema.ge/ka/movies/362,http://geocinema.ge/uploads/old/poster/p362.jpg,ok
506,წიგნი ფიცისა,1983,ისტორიული,"სს ""ქართული ფილმი""",406,,"გრიგოლ (გიგა) ლორთქიფანიძე, ამირან დარსაველიძე",ანზორ სალუქვაძე,ლევან ნამგალაშვილი,კახი ხუციშვილი,ბიძინა (ალექსანდრე) კვერნაძე,დიმიტრი გედევანიშვილი,"ზიზო ქურხული, მარინა ქურდიანი","თენგიზ არჩვაძე, ლია ელიავა, ქართლოს მარადიშვილი, ზურაბ ქაფიანიძე, ლეო (ლევან) ფილფანი, სოს სარქისიანი, მურმან ჯინორია, ნინო კირთაძე, ლალი ანდრონიკაშვილი, ნიკოლოზ (ნიკუშა) შენგელაია, თეიმურაზ (თემო) დოლიძე, გივი ჩუგუაშვილი, ალი ისაევ-ავარსკი, გრიგოლ ნაცვლიშვილი, ლერი მიშველაძე, გივი თოხაძე, გიორგი ჭიჭინაძე, იური სოლომინი, ანატოლი ბისტროვი, იური ნაზაროვი, ვიქტორ ზახაროვი, გივი ხახიძე, თინათინ მიქელაძე, ლია კაპანაძე, ლიანა ასათიანი, ედიშერ (დავით) გიორგობიანი, აკაკი ხიდაშელი, ეკა (I) ჩხეიძე, ქეთევან კიკნაძე, კახი კავსაძე, ნინო ლორთქიფანიძე, ჯემალ მონიავა, ნანა ლორთქიფანიძე, შოთა სხირტლაძე, ლეონიდ პიარნი, დიმიტრი გედევანიშვილი, ლევან უჩანეიშვილი, დავით(დოდო) აბაშიძე, რეზო ჩხიკვიშვილი, იოსებ (სოსო) გოგიჩაიშვილი, ვალერი ტორონჯაძე",http://geocinema.ge/ka/movies/506,http://geocinema.ge/uploads/old/poster/p506.jpg,ok
193,ხევსურული ბალადა,1965,დრამა,"სს ""ქართული ფილმი""",89,,შოთა მანაგაძე,გიორგი მდივანი,გიორგი ჭელიძე,შოთა გოგოლაშვილი,რევაზ ლაღიძე,რაფიელ კეზელი,ვასილ დოლენკო,"თენგიზ არჩვაძე, სოფიკო ჭიაურელი, ლეო (ლევან) ფილფანი, ზურაბ ქაფიანიძე, კოტე დაუშვილი, დავით(დოდო) აბაშიძე, რევაზ ხობუა, ილია ბაკაკური, ალექსანდრე (სესიკა) კუპრაშვილი, ნოდარ (ბიჭიკო) ჩხეიძე, ზურაბ შონია, დალი წერეთელი, ზანდა იოსელიანი, ჯემალ შანშიაშვილი, ბონდო გოგინავა",http://geocinema.ge/ka/movies/193,http://geocinema.ge/uploads/old/poster/p193.jpg,ok
375,"ლომა, დავიწყებული მეგობარი",1982,,"სს ""ქართული ფილმი""",67,,ბიძინა რაჭველიშვილი,"გივი ბუთხუზი, ბიძინა რაჭველიშვილი",იგორ კრეპსი,მერაბ ჯოხაძე,იაკობ ბობოხიძე,თენგიზ ნანობაშვილი,ოფელია გევორქიანი,"ვასილ კახნიაშვილი, ლეო (ლევან) ფილფანი, გრიგოლ წიტაიშვილი, მიხეილ ვაშაძე, ელგუჯა ქებაძე, ვახტანგ ფანჩულიძე, ტრისტან სარალიძე, დარეჯან ხარშილაძე, ბონდო გოგინავა, შოთა სხირტლაძე, ლ. ტონია, თენგიზ წულაია",http://geocinema.ge/ka/movies/375,http://geocinema.ge/uploads/old/poster/p375.jpg,ok
842,"6 და 7 (მისტიკური დრამა, ადამი და ევას  სულიერ ისტორიაზე)",2003,დრამა,ეროვნული კინოცენტრი,67,,გენო ცაავა,გენო ცაავა,"მიხეილ მედნიკოვი, ბადრი ბარქაია","გენო ცაავა, ვახტანგ ბერიკაშვილი, სოსო ნადირაძე","ვახტანგ ბერიკაშვილი, ნიკა წერეთელი",გარი კუნცევი,ნელი დევნოზაშვილი,"მიხეილ (მიშა) გომიაშვილი, გოგოლა კალანდაძე, გივი (გურამ) ფირცხალავა, ედიშერ მაღალაშვილი, გიორგი გეგეჭკორი, კარლო საკანდელიძე, ბონდო გოგინავა, პაატა მოისწრაფიშვილი, ბაია (ბარბარე) დვალიშვილი, ნინო არსენიშვილი, ლალი კაკაბაძე, მარადია ცაავა, ანზორ ურდია",http://geocinema.ge/ka/movies/842,http://geocinema.ge/uploads/old/poster/p842.jpg,ok
130,ჩვენი ეზო,1956,კინომოთხრობა,"სს ""ქართული ფილმი""",91,25.07.1957,რევაზ (რეზო) ჩხეიძე,გიორგი მდივანი,გიორგი ჭელიძე,"გივი გიგაური, კახი ხუციშვილი",არჩილ კერესელიძე,რაფიელ კეზელი,ვასილ დოლენკო,"სოფიკო ჭიაურელი, გიორგი შენგელაია, ლეილა აბაშიძე, ლეო (ლევან) ფილფანი, გოჩა აბაშიძე, აკაკი (კაკო) კვანტალიანი, დუდუხანა წეროძე, სესილია თაყაიშვილი, ნოდარ ფირანიშვილი, კონსტანტინე (კოტე) მგალობლიშვილი, ზაზა გუდავაძე, თამარ აბაშიძე, ნინა დავითაშვილი, გრიგოლ ტყაბლაძე, იპოლიტე ხვიჩია, ნინო ანდრონიკაშვილი, თამარ წულუკიძე, ირაკლი ქოქრაშვილი, მარიამ მდივანი, ნინო (ჩიტოლია) ჩხეიძე, ნანი ჩიქვინიძე, მაკა მახარაძე, დავით ქობულოვი (ქობულაშვილი), მერი კანდელაკი, გიორგი დავითაშვილი, ლია თოხაძე-ჯუღელი",http://geocinema.ge/ka/movies/130,http://geocinema.ge/uploads/old/poster/p130.jpg,ok
343,"თბილისი, პარიზი, თბილისი",1980,სათავგადასავლო / კომედია,"სს ""ქართული ფილმი""",84,,ლეილა აბაშიძე,"ლეილა აბაშიძე, ლევან ჭელიძე",გივი რაჭველიშვილი,გია ლაფერაძე,ჯანსუღ კახიძე,თენგიზ ნანობაშვილი,ევგენია ბეჟანოვა,"ლეილა აბაშიძე, ეროსი მანჯგალაძე, კახი კავსაძე, რამაზ ჩხიკვაძე, მგერ (ფრუნზე) მკრტიჩიანი, გია ფერაძე, ზურაბ ქაფიანიძე, გენად კირიკი, რეზო ესაძე, ლეო ანთაძე, თინათინ ჟორჟოლიანი, დავით პაპუაშვილი, არჩილ მაჩაბელი, შალვა ხერხეულიძე, იოსებ (სოსო) ხაინდრავა, ანზორ ურდია, ამირან ქადეიშვილი, ვასილ ჩხაიძე, მანანა ცხოვრებოვა, შალვა გედევანიშვილი, იური ვასაძე, ზ. კაჭკაჭიშვილი",http://geocinema.ge/ka/movies/343,http://geocinema.ge/uploads/old/poster/p343.jpg,ok
656,ზღარბი,1979,,კომპანია ”ქართული ტელეფილმი”,28,,ალექსანდრე (ალეკო) ნინუა,არჩილ სულაკაური,პავლე შნაიდერი,რობერტ პლაქსინი,ირაკლი გეჯაძე,მიხეილ დარჩიევი,ალექსანდრა შულცი,"ქეთევან ჯავახიშვილი, უჩა აბზიანიძე, ბერტა ხაფავა, გია ფერაძე, ივანე ნინუა, აკაკი აფხაზავა, მარინა ნინუა",http://geocinema.ge/ka/movies/656,http://geocinema.ge/uploads/nophoto.png,ok
204,მაცი ხვიტია,1966,სათავგადასავლო,"სს ""ქართული ფილმი""",93,,გიორგი შენგელაია,"გურამ ასათიანი, გიორგი შენგელაია","გიორგი კალატოზიშვილი, იგორ ამასიისკი","ვასილ არაბიძე, რომან მახარაძე",სერგო ჟვანია,მიხეილ ნიჟარაძე,მანანა ყარალაშვილი,"ალეკო გაბეჩავა, მანანა აბაზაძე, გიორგი (გოგი) ქავთარაძე, დავით(დოდო) აბაშიძე, რევაზ ხობუა, ვარლამ (ვალოდია) წულაძე, ლიანა ასათიანი, გიორგი გელოვანი, კახი კავსაძე, დათო ყუფარაძე, ზურაბ ყიფშიძე, მ. დონდოლაძე, მ. ჯანჯღავა, თინათინ ჩარკვიანი, ელისაბედ (ლიზა) ვაჩნაძე, კონსტანტინე (კოტე) თოლორაია, დავით ოქროსცვარიძე, ბონდო გოგინავა, კუკური მჟავანაძე, ვლადიმერ (ლადო) გვიშიანი, გრიგოლ ტყაბლაძე",http://geocinema.ge/ka/movies/204,http://geocinema.ge/uploads/old/poster/p204.jpg,ok
208,გიორგობისთვე,1966,სატირული კომედია,"სს ""ქართული ფილმი""",79,01.05.1968,ოთარ იოსელიანი,ამირან ჭიჭინაძე,აბესალომ მაისურაძე,დიმიტრი ერისთავი,ნათელა იოსელიანი,"შალვა ჩიტიძე, ევგენი მასსი",,"რამაზ გიორგობიანი, მარინა ქარცივაძე, გიორგი (გოგი) ხარაბაძე, დავით(დოდო) აბაშიძე, აკაკი (კაკო) კვანტალიანი, ალექსანდრე ომიაძე, ბუხუტი ზაქარიაძე, ოთარ ზაუტაშვილი, თენგიზ დაუშვილი, ბაადურ წულაძე, იოსებ (სოსო) გოგიჩაიშვილი, რუსუდან კიკნაძე, შოთა დაუშვილი, ა. კაჭკაჭიშვილი, გივი ბერიკაშვილი, ზურაბ ქაფიანიძე, ნოდარ ფირანიშვილი, ვახტანგ თანდილაშვილი, ემანუილ აფხაიძე, ვაჟა (სულთან) კვიტაიშვილი, ელგუჯა ბეჟუაშვილი, ლამარა კობახიძე, ბიჭიკო(კონსტანტინე) ამაღლობელი",http://geocinema.ge/ka/movies/208,http://geocinema.ge/uploads/old/poster/p208.jpg,ok
060,ჯიმ შვანთე (მარილი სვანეთს),1930,მუნჯი / კინონარკვევი,"სს ""სახკინმრეწვი""",44,,მიხეილ კალატოზიშვილი,სერგეი ტრეტიაკოვი,"შალვა გეგელაშვილი, მიხეილ კალატოზიშვილი",დავით კაკაბაძე,,,,,http://geocinema.ge/ka/movies/060,http://geocinema.ge/uploads/Jim Shvante.jpg,ok
742,მიჯაჭვული რაინდები,1999,კომედია,"სს ""ქართული ფილმი""",91,,გოდერძი ჩოხელი,გოდერძი ჩოხელი,ჯიმშერ ქრისტესაშვილი,დავით საჯაია,ვახტანგ კახიძე,"გურამ გოგუა, ვიაჩესლავ კარასიევი",ნელი ქრისტესაშვილი,"კახი კავსაძე, გივი ბერიკაშვილი, რამაზ ჩხიკვაძე, ტრისტან სარალიძე, ნიკა ჩოხელი, მანანა გამცემლიძე, ნინო ჩხეიძე, თამარ სხირტლაძე, გოვენ ჭეიშვილი, ბესარიონ ხიდეშელი",http://geocinema.ge/ka/movies/742,http://geocinema.ge/uploads/old/poster/p742.jpg,ok
247,ნერგები,1972,ლირიული დრამა,"სს ""ქართული ფილმი""",90,,რევაზ (რეზო) ჩხეიძე,სულიკო ჟღენტი,აბესალომ მაისურაძე,"ილამაზ (ზურაბ) მეძმარიაშვილი, ტატიანა კრიმკოვსკაია",ნოდარ გაბუნია,დავით ლომიძე,ვასილ დოლენკო,"რამაზ ჩხიკვაძე, მიშა მესხი, მერი ქორელი, სესილია თაყაიშვილი, ზეინაბ ბოცვაძე, ზურაბ ქაფიანიძე, მიხეილ ვაშაძე, სერაფიმ სტრელკოვი, კახი კავსაძე, ზურაბ (კუკური) ლაფერაძე, ჯემალ ღაღანიძე, ლია კაპანაძე, ვასილ კახნიაშვილი, ირაკლი ნიჟარაძე, ბონდო გოგინავა, მერი ერგნელი-ყიასაშვილი, ლევან (ლეო) სოხაშვილი, ნინა მანშტალიროვა, ნედა ღამბარაშვილი, გელა ჩარკვიანი, გივი თოხაძე, გოჩა ლომია, ირაკლი ქოქრაშვილი, ერვინ კნაუსმიულერი, ზოზო (იასონ) ბაქრაძე",http://geocinema.ge/ka/movies/247,http://geocinema.ge/uploads/old/poster/p247.jpg,ok
746,აქ თენდება,1998,,"სს ""ქართული ფილმი""",90,,ზაზა ურუშაძე,"ამირან ჭიჭინაძე, ზაზა ურუშაძე",იგორ ამასიისკი,გია ლაფერაძე,გიორგი ცინცაძე,ზურაბ ნადარაია,ნელი ქრისტესაშვილი,"ზურაბ ბეგალიშვილი, ნინო კობერიძე, ნინო ლეჟავა, გივი (გურამ) ფირცხალავა, შოთა ქრისტესაშვილი, ლაშა ოყრეშიძე, ნანა ანდრონიკაშვილი, შოთა სხირტლაძე, ნიკოლოზ გომელაური, გიორგი (გია) ტყეშელაშვილი, დავით დვალიშვილი, იოსებ (სოსო) გოგიჩაიშვილი, ნიკოლოზ (ბიჭიკო) ანდრონიკაშვილი, ვაჟა ფირცხალაიშვილი, კოტე ბურჯანაძე, მარლენ ეგუტია, აკაკი ხიდაშელი, ვასილ რცხილაძე, ელენე ასლამაზიშვილი, მარიკა გოგიჩაიშვილი, გივი თოხაძე, ასმათ ტყაბლაძე, იური ვასაძე, დავით უფლისაშვილი, ოთარ მიქელაძე (მაცაბერიძე), კონსტანტინე (კოტე) თოლორაია, თემურ ლაკია, ვალერი ხარიუტჩენკო, ოთარ ბურდული",http://geocinema.ge/ka/movies/746,http://geocinema.ge/uploads/old/poster/p746.jpg,ok
584,დონ ჟუანის დაბადება,1995,,"სს ""ქართული ფილმი""",115,,გიორგი კაჭარავა,გიორგი კაჭარავა,ოლეგ ბაშნინი,"მალხაზ კუხაშვილი, ხათუნა ჟოლიძე",გიორგი კაჭარავა,გია ჯავახიშვილი,ნანა ბახტაძე,"ბაადურ (ბადრი) ბეგალიშვილი, გიორგი (გოგა) პიპინაშვილი, თამარ (თათული) დოლიძე, გურამ გოგოლაშვილი, ლია დარსაველიძე, მანანა დავითაშვილი, ლილი ხურითი (ხიტირი), მარია (მაშა) ოვანოვა, გიორგი (გია) ტყეშელაშვილი",http://geocinema.ge/ka/movies/584,http://geocinema.ge/uploads/old/poster/p584.jpg,ok
221,ტარიელ გოლუა,1968,,"სს ""ქართული ფილმი""",80,,ლევან ხოტივარი,"პავლე ჩარკვიანი, თამაზ მამულაშვილი",ლევან ნამგალაშვილი,ლეონიდ მამალაძე,შოთა მილორავა,ვლადიმერ დოლიძე,"ვასილ დოლენკო, ლუსია ვარტიკიანი","ალექსანდრე ომიაძე, თამაზ გამყრელიძე, ოთარ მეღვინეთუხუცესი, აკაკი ვასაძე, ქეთევან კიკნაძე, დავით(დოდო) აბაშიძე, დუდუხანა წეროძე, ვახტანგ ნინუა, ზურაბ ქაფიანიძე, ნინო მჟავანაძე, აკაკი ხიდაშელი, მიხეილ ვაშაძე, ემანუილ აფხაიძე, შ. სიხარულიძე, ჯუმბერ ძიძავა, ჯემალ მონიავა, მერაბ გეგეჭკორი, ვლადისლავ ვაშაძე, რევაზ ნებიერიძე, გივი ჯაჯანიძე, ალეკო გაბეჩავა, გურამ გოგავა, დათო დანელია, ივანე საყვარელიძე, ალექსანდრე ალაზნისპირელი, ირაკლი ქოქრაშვილი, იპოლიტე ხვიჩია, ელენე ჩოხელი, თამარ ციციშვილი, თენგიზ მაისურაძე",http://geocinema.ge/ka/movies/221,http://geocinema.ge/uploads/nophoto.png,ok
422,ნეილონის ნაძვის ხე,1985,დრამა / კომედია,"სს ""ქართული ფილმი""",77,,რეზო ესაძე,"რეზო ესაძე, ამირან (I) დოლიძე",ლევან პაატაშვილი,თეიმურაზ არჯევანიძე,ბიძინა (ალექსანდრე) კვერნაძე,გენადი კორხოვოი,ნელი დევნოზაშვილი,"რუსლან მიქაბერიძე, გურამ პეტრიაშვილი, სოფიკო გორგაძე, კოტე ჭანტურიშვილი, ზურაბ ყიფშიძე, ა. ჯვარელი, დავით დვალიშვილი, შალვა ხერხეულიძე, ზურაბ ქაფიანიძე, ნაზი კეჭაყმაძე, მანანა გამცემლიძე, ირინა კალინოვსკაია, ედიშერ მაღალაშვილი, გოვენ ჭეიშვილი, მანუჩარ შერვაშიძე, ლერი ზარდიაშვილი, ჯანიკო ახალაია, იური ვასაძე, გივი ჩუგუაშვილი, ზურა ქავთარაძე, შოთა ქრისტესაშვილი, ბაია (ბარბარე) დვალიშვილი, ბადრი მაისურაძე, ნინო ბრეგვაძე, ოთარ ოთარაშვილი, გ. ძაძამია, ვ. დანელია, მერაბ ნინიძე, ეთერ გელოვანი, ივანე ჩხეიძე, რუსუდან ქვლივიძე, რევაზ იმნაიშვილი, ციცინო ესაძე, შ. გვეტაძე, პავლე ნოზაძე, ეთერ მოციქულაშვილი",http://geocinema.ge/ka/movies/422,http://geocinema.ge/uploads/old/poster/p422.jpg,ok
098,ქაჯანა,1941,,თბილისის კინოსტუდია,70,27.05.1941,კონსტანტინე პიპინაშვილი,"კარლო გოგოძე, კონსტანტინე პიპინაშვილი",ფელიქს ვისოცკი,"რევაზ მირზაშვილი, კონსტანტინე (კოტე) კვალიაშვილი",ალექსი მაჭავარიანი,"ბესიკ იაკობაშვილი, ვ. პოპოვი",,"თენგიზ ამირანაშვილი, ლეილა აბაშიძე, ნატო ვაჩნაძე, ალექსანდრე ალაზნისპირელი, სპარტაკ ბაღაშვილი, ვერიკო ანჯაფარიძე, ანდრო კავსაძე, ა. თაბორიძე, დავით ძიგუა, სანდრო კანდელაკი, ზაალ ტერიშვილი, ვლადიმერ (ლადო) გვიშიანი, ნინო (ჩიტოლია) ჩხეიძე, ირაკლი ნიჟარაძე, პეტრე მორსკოი, თამარ დათუაშვილი, ვახტანგ ნინუა, ალეანდრა ხოფერია",http://geocinema.ge/ka/movies/098,http://geocinema.ge/uploads/old/poster/p098.jpg,ok
633,ცარიელი სივრცე,2001,დრამა,კომპანია ”ქართული ტელეფილმი”,98,,როლანდ (მიხო) ბორაშვილი,"თამაზ მამულაშვილი, როლანდ (მიხო) ბორაშვილი",იგორ კრეპსი,თენგიზ ქართველიშვილი,იაკობ ბობოხიძე,მადონა თევზაძე,მადონა ლომიძე,"შოთა ქრისტესაშვილი, ხათუნა იოსელიანი, დავით იაშვილი, ვალერიან კვაჭაძე, ნინო ლორია, გიორგი (გოგა) პიპინაშვილი, ნიკოლოზ (ნიკა) თავაძე, გიორგი (გოგა) გორგასანიძე, ზვიად თავაძე, ბერტა ხაფავა, თენგიზ პაპიძე, თენგიზ ქართველიშვილი",http://geocinema.ge/ka/movies/633,http://geocinema.ge/uploads/nophoto.png,ok
194,მე ვხედავ მზეს,1965,დრამა,"სს ""ქართული ფილმი""",87,,ლანა ღოღობერიძე,"ნოდარ დუმბაძე, ლანა ღოღობერიძე",გიორგი კალატოზიშვილი,დიმიტრი თაყაიშვილი,ფელიქს (ფილიპე) ღლონტი,ვლადიმერ დოლიძე,,"გელა ჭიჭინაძე, ლეილა ყიფიანი, ზურაბ (კუკური) ლაფერაძე, ლია ელიავა, გლებ სტრიჟენოვი, იპოლიტე ხვიჩია, ალექსანდრე ომიაძე, სპარტაკ ბაღაშვილი, გრიგოლ (გიგოლა) თალაკვაძე, გრიგოლ ტყაბლაძე, დუდუხანა წეროძე, აკაკი (კაკო) კვანტალიანი, კაპიტონ აბესაძე, ალექსანდრე (სანდრო) ჟორჟოლიანი, თენგიზ არჩვაძე, ელენე ყიფშიძე, სესილია თაყაიშვილი, ირინე მაღალაშვილი, ეკატერინე ვერულეიშვილი",http://geocinema.ge/ka/movies/194,http://geocinema.ge/uploads/old/poster/p194.jpg,ok
857,ანთიმოზ ივერიელი,2001,ისტორიული,"სს ""ქართული ფილმი""",218,,გიული ჭოხონელიძე,ვაჟა გიგაშვილი,"აბესალომ მაისურაძე, ნუგზარ ნოზაძე","შოთა გოგოლაშვილი, კახი ხუციშვილი",ბიძინა (ალექსანდრე) კვერნაძე,გარი კუნცევი,როზა ჯიკაევა,"გიული ჭოხონელიძე, ლაშა ოყრეშიძე, თენგიზ არჩვაძე, დარეჯან ხარშილაძე, ბენდუქიძე, ზურაბ ყიფშიძე, მაკა მახარაძე, ოთარ მეღვინეთუხუცესი, მურმან ჯინორია, ოთარ კობერიძე, გურამ საღარაძე, თამარ ჭოხონელიძე, ლია ელიავა, გიორგი გეგეჭკორი, გივი სარჩიმელიძე, ბექარ მონავარდისაშვილი, გივი ხახიძე, ჯემალ სიხარულიძე, ნოდარ მგალობლიშვილი, ედიშერ მაღალაშვილი, ელგუჯა ბურდული, გივი (გურამ) ფირცხალავა, გია ლეჟავა, იური ვასაძე, ზვიად თავაძე, მიხეილ (მიშა) გომიაშვილი, გიორგი (გია) ტყეშელაშვილი, ვალერიან კვაჭაძე, ნუგზარ ყურაშვილი, გურამ ჩხარტიშვილი, გივი თოხაძე, გივი ჩუგუაშვილი, მურად ეგიზაროვი",http://geocinema.ge/ka/movies/857,http://geocinema.ge/uploads/old/poster/p857.jpg,ok
994,სუსა,2010,,"მწარმოებელი კომპანია ""კავკასიური ფილმოდრომი""",78,,რუსუდან პირველი,გიორგი ჩალაური,"მირიან შენგელაია, ირაკლი გელეიშვილი",გურამ ნავროზაშვილი,,მადონა თევზაძე,"რუსუდან პირველი, ზვიად ალხანაიძე","ავთანდილ თეთრაძე, გია გოგიშვილი, ლევან ლორთქიფანიძე, ეკატერინე კობახიძე, გივი ქართველიშვილი, ვიქტორ ქსოვრელი",http://geocinema.ge/ka/movies/994,http://geocinema.ge/uploads/old/poster/p994.jpg,ok
3390,ძველი ქართული სიმღერები,1969,დოკუმენტური,საქართველოს სამეცნიერო–პოპულარული და დოკუმენტური ფილმების სტუდია,20,,ოთარ იოსელიანი,ოთარ იოსელიანი,თეიმურაზ ჭოხონელიძე,,,,,,http://geocinema.ge/ka/movies/3390,http://geocinema.ge/uploads/nophoto.png,ok
854,ნუცას სკოლა,2000,დრამა,"სს ""ქართული ფილმი""",105,,მერაბ კოკოჩაშვილი,მერაბ კოკოჩაშვილი,დავით გუჯაბიძე,"გიორგი (გოგი) ტატიშვილი, გოჩა მაისურაძე, კოტე ჯაფარიძე",ვახტანგ კახიძე,გურამ გოგუა,"გულნარა (გულიკო) ომიაძე, ვერა შიშმაკოვა–ნიკოლაძე","კახი კავსაძე, ზაზა პაპუაშვილი, გოგოლა კალანდაძე, მარინე ჭიჭინაძე, ბექა ქავთარაძე, თამარ სხირტლაძე, დავით დვალიშვილი, სოფიკო ჭიაურელი, თამარ მამულაშვილი, დავით ხახიძე, ნინო კობერიძე, ვასილ ბახტაძე",http://geocinema.ge/ka/movies/854,http://geocinema.ge/uploads/old/poster/p854.jpg,ok
168,ბურთი და მოედანი,1961,კომედია,"სს ""ქართული ფილმი""",27,21.08.1962,ყარამან (გუგული) მგელაძე,"სულიკო ჟღენტი, ყარამან (გუგული) მგელაძე",ფელიქს ვისოცკი,რომან მახარაძე,ფელიქს (ფილიპე) ღლონტი,დავით ლომიძე,,"იპოლიტე ხვიჩია, ვახტანგ ნინუა, გრიგოლ (გიგოლა) თალაკვაძე, დავით(დოდო) აბაშიძე, ოთარ ზაუტაშვილი, ირაკლი ნიჟარაძე, ირაკლი ქოქრაშვილი, აბესალომ ლორია, ჰენრიეტა ლეჟავა, ნოდარ (ბიჭიკო) ჩხეიძე, ვალენტინ დონღუზაშვილი, მიხეილ (მამუკა) ხერხეულიძე, ალექსანდრე კვალიაშვილი, თემურ გაჟონია",http://geocinema.ge/ka/movies/168,http://geocinema.ge/uploads/old/poster/p168.jpg,ok
405,სანამ წვიმა გადივლიდეს,1984,მელოდრამა,"სს ""ქართული ფილმი""",84,,ქეთი დოლიძე,ლაშა თაბუკაშვილი,მიხეილ მედნიკოვი,კახი ხუციშვილი,"დავით თორაძე, გიორგი (გოგი) ჩლაიძე",ვლადიმერ დოლიძე,ნელი დევნოზაშვილი,"მედეა ჯაფარიძე, თენგიზ არჩვაძე, ირაკლი ჭანტურია, ნინელი ჭანკვეტაძე, ნინო ბურდული, გიორგი (გიო) ხუციშვილი, გივი თოხაძე, ლია კაპანაძე, ნანა მჭედლიძე, კახი კავსაძე, თამარ ციციშვილი, ბონდო გოგინავა, იაკობ ტრიპოლსკი, გიორგი გელოვანი, ვასილ რცხილაძე, ომარ გაბელია, დათო სოხაძე, ც. მჭედლიშვილი, ოთარ (II) ლითანიშვილი",http://geocinema.ge/ka/movies/405,http://geocinema.ge/uploads/nophoto.png,ok
455,ანემია,1987,სოციალური დრამა,"სს ""ქართული ფილმი""",135,,ვახტანგ კოტეტიშვილი,"ბიძინა კალანდაძე, დავით სულაკაური, ვახტანგ კოტეტიშვილი",გიორგი ბერიძე,"რევაზ ებრალიძე, ნიკოლოზ (ნიკუშა) შენგელაია",გიორგი ცინცაძე,გია ჯავახიშვილი,ლალი კოლხიდაშვილი,"ლევან აბაშიძე, პაატა მოისწრაფიშვილი, გრიგოლ ნაცვლიშვილი, ხათუნა იოსელიანი, გურამ გეგეჭკორი, ჯიმშერ (ჯიმი) ლომიძე, დავით სოროდსკი, ნათია გელაურიძე, მიხეილ თურქიშვილი, ჯემალ შუბლაძე, გენადი მოზაიძე, ბადრი მოზაიძე, გია ოდოიძე, კახა ჩაგაიძე, ნათელა ლომაური, ხვიჩა მოზაიძე, მარინა კობახიძე, გიორგი ხოშტარია, ნიკოლოზ გომელაური, ლია კაპანაძე, ზურაბ ხელაია, აკაკი ქარსელაძე, მ. სხირტლაძე, ვ. ტირგონაკოვი, ირინა პოლკოპაევა, შ. ჩარგეიშვილი, ლ. ლეკვეიშვილი, გიორგი (გოგიტა) ჭყონია",http://geocinema.ge/ka/movies/455,http://geocinema.ge/uploads/nophoto.png,ok
655,ოთხი შარვალი და ერთი ჩითის კაბა,1977,,კომპანია ”ქართული ტელეფილმი”,29,,ალექსანდრე (ალეკო) ნინუა,შოთა პარკაული,ტრისტან კანდელაკი,ვასილ არაბიძე,,მიხეილ დარჩიევი,ალექსანდრა შულცი,"გეგა კობახიძე, ლეო (ლევან) ფილფანი, გივი ჩუგუაშვილი, გივი ხახიძე, მარიკა გიორგობიანი, თინა სისაური, ბესარიონ ხიდეშელი, შოთა სხირტლაძე",http://geocinema.ge/ka/movies/655,http://geocinema.ge/uploads/old/poster/p655.jpg,ok
300,სინემა,1977,რეტრო / მელოდრამა,"სს ""ქართული ფილმი""",71,,ლიანა ელიავა,"ლევან ჭელიძე, ლიანა ელიავა",დავით სხირტლაძე,ქრისტესია ლებანიძე,გია ყანჩელი,თენგიზ ნანობაშვილი,გულნარა (გულიკო) ომიაძე,"მურმან ჯინორია, გივი (გურამ) ფირცხალავა, ქეთევან ქობულია, ავთო კერესელიძე, გურამ ლორთქიფანიძე, შალვა ხერხეულიძე, თენგიზ არჩვაძე, არიადნა შენგელაია, ლია ელიავა, თამარ ციციშვილი, რამაზ ჩხიკვაძე, ალექსანდრე ჯალიაშვილი, დიმიტრი ყიფიანი, თამარ თვალიაშვილი, გალინა ბერაძე, დარეჯან ხარშილაძე, აბესალომ ლორია, გერონტი დარახველიძე, შალვა გედევანიშვილი, ვასილ ჩხაიძე, როსტომ ჩხეიძე, პაატა ბარათაშვილი, მანანა მენაბდე, ნინო გორდელაძე, გივი თოხაძე, ვლადიმერ ჩიტიშვილი, დავით ქობულოვი (ქობულაშვილი), მაკა მახარაძე, ბონდო გოგინავა, გ. გვიშიანი, თ. ლორთქიფანიძე, დ. გაგუა, დ. ყიფშიძე, არჩილ მაჩაბელი, კირა (უმც) ანდრონიკაშვილი, ლეილა აბაშიძე, დოდო ჭიჭინაძე",http://geocinema.ge/ka/movies/300,http://geocinema.ge/uploads/old/poster/p300.jpg,ok
396,ბანდიტი აგურის ქარხნიდან,1983,სათავგადასავლო / ლირიული კომედია,"სს ""ქართული ფილმი""",91,,გიორგი (გია) მატარაძე,"ლევან ჭელიძე, გიორგი (გია) მატარაძე",ნიკოლოზ სუხიშვილი,ჯემალ მირზაშვილი,ვახტანგ კახიძე,მადონა თევზაძე,გულნარა (გულიკო) ომიაძე,"გია გამყრელიძე-ძნელაძე, ზაქარია (ზაზა) კოლელიშვილი, მარინა კახიანი, ია ვახტანგიშვილი, გურამ ღოღობერიძე, კახი კავსაძე, ზურაბ ქაფიანიძე, ალექსანდრე ტურიაშვილი, იოსებ (სოსო) ლაღიძე, ბაია (ბარბარე) დვალიშვილი, ქეთევან აბულაძე, ვანო გოგიტიძე, დავით პაპუაშვილი, მარინე თბილელი, ტრისტან სარალიძე, რუსლან მიქაბერიძე, ნათია გოგოჭური, ჯემალ ღაღანიძე, გივი (გურამ) ფირცხალავა, იოსებ (სოსო) ჯაჭვლიანი, დავით უფლისაშვილი, გიორგი (გია) ბურჯანაძე, ოთარ ოთარაშვილი, ზურაბ რცხილაძე, ნათია კავსაძე, ვ. მატარაძე, დავით ჩხიკვაძე, ნოდარ გელაშვილი, ჯემალ ნიორაძე, დალი მაცაბერიძე, ბერდია ინწკირველი, ოთარ ზაუტაშვილი, ნათია მთვარელაშვილი, ხ. არაბული, გიორგი სულხანიშვილი, ნ. ბექაური, ლევან ჭელიძე, ვალერი შატაკიშვილი, გივი ჩუგუაშვილი, გიგა ჯაფარიძე, ნ. კვიციანი",http://geocinema.ge/ka/movies/396,http://geocinema.ge/uploads/old/poster/p396.jpg,ok
599,თბილისი ჩემი სახლია,1994,მელოდრამა,"სტუდია ""სხივი""",100,,ერეკლე ბადურაშვილი,ლეილა ბეროშვილი,ნუგზარ ნოზაძე,ნიკოლოზ (ნიკუშა) შენგელაია,გიორგი ცინცაძე,დიმიტრი გედევანიშვილი,მ. ბახტაძე,"ნინო ლეჟავა, მირანდა მირიანაშვილი, დავით დვალიშვილი, გურანდა გაბუნია, ლევან ბადურაშვილი, ციალა გურგენიძე, ნიკოლოზ (ნიკუშა) შენგელაია, ნინი ბადურაშვილი, გია ფირცხალავა, გია უგულავა, გია ლეჟავა, გეგი გუჯეჯიანი, ლევან ბზვანელი, გიორგი (გიო) ხუციშვილი, თინა სისაური",http://geocinema.ge/ka/movies/599,http://geocinema.ge/uploads/old/poster/p599.jpg,ok
579,ორფეოსის სიკვდილი,1996,დრამა,"სს ""ქართული ფილმი""",85,,გიორგი შენგელაია,"გიორგი შენგელაია, კოტე ჯანდიერი",ჯიმშერ ქრისტესაშვილი,ვახტანგ რურუა,ირაკლი ჩარკვიანი,ზურაბ ნადარაია,,"ზურაბ ყიფშიძე, ნინო კასრაძე, კახი კავსაძე, შორენა პატარაია, ზურაბ ბეგალიშვილი, დავით გოცირიძე, ირაკლი ჩარკვიანი, ირმა ლეჟავა, ნიკოლოზ (ნიკუშა) შენგელაია, ბერტა ხაფავა, დარეჯან ხარშილაძე, გიორგი (გოგიტა) ჭყონია, გიორგი გურგულია, პაატა მოისწრაფიშვილი",http://geocinema.ge/ka/movies/579,http://geocinema.ge/uploads/old/poster/p579.jpg,ok
394,ჯადოსნური ღამე,1983,ფილმი-ზღაპარი,"სს ""ქართული ფილმი""",64,,თემურ ფალავანდიშვილი,ნუკრი მამულაშვილი,ალექსანდრე სულამანიძე,გია ლაფერაძე,სულხან ცინცაძე,ვლადიმერ დოლიძე,ჯულიეტა წოწონავა,"თამაზ თოლორაია, რევაზ იმნაიშვილი, ვახტანგ ფანჩულიძე, ლევან უჩანეიშვილი, იოსებ (სოსო) ჯაჭვლიანი, ეკა ვიბლიანი, მაკა მახარაძე, ნინელი ჭანკვეტაძე, ირაკლი დოჩანაშვილი, ონისე მოდებაძე",http://geocinema.ge/ka/movies/394,http://geocinema.ge/uploads/old/poster/p394.jpg,ok
470,მეტიჩარა,1988,დრამა,"სს ""ქართული ფილმი""",84,,"ნელი ნენოვა, გენო წულაია","ანატოლი გალიევი, ედუარდ ტროპინინი",იგორ კრეპსი,ნაუმ ფურმანი,იოსებ (სოსო) ბარდანაშვილი,"ვლადიმერ ნიკონოვი, მიხეილ ინასარიძე",ნ. ეგეტაშვილი,"ნინო სურგულაძე, თეიმურაზ ნაცვლიშვილი, ნატო წულაია, შოთა ქრისტესაშვილი, პავლე ნოზაძე, თამარ სხირტლაძე, გიზო სიხარულიძე, ნინო ხომასურიძე, აბრეკ ფხალაძე, ბადრი კაკაბაძე, ზურაბ ბეგალიშვილი, კოტე ბურჯანაძე, ტატიანა ლავრენტიევა, ალექსანდრე გეგეჭკორი, რ. ინაძე",http://geocinema.ge/ka/movies/470,http://geocinema.ge/uploads/nophoto.png,ok
821,მატარებელი,2001,,სტუდია ”ჩვენი კინო”,45,,ლევან ბზვანელი,"ლაშა იმედაშვილი, ლევან ბზვანელი",ნუგზარ ნოზაძე,გიო კალაძე,გურამ ბზვანელი,გურამ გოგუა,ზურაბ ლაშხი,"თამილა მაკარიძე, მამუკა არეშიძე, ერეკლე ბადურაშვილი, გიგი ბაკურაძე, ლელა ბაკურაძე, სოფიკო ბაქრაძე, გურამ ბაქრაძე, ლევან ბზვანელი, დათო გომართელი, ნინო გომართელი, ქეთი გურგენიძე, გურამ გუჯეჯიანი, ლაშა იმედაშვილი, ნანა კარტოზია, ალეკო კვაშალი, გოგი კილაძე, ლევან კილაძე, გია ნაცვლიშვილი, რომან რცხილაძე, ნიკუშა რცხილაძე, ლევან რამიშვილი, დემეტრე (დუტა) სხირტლაძე, გია უგულავა, ლევან ქავთარაძე, შოთა ქორქია, დავით (ჯაპანა) ხურცილავა, გუგა ჩიქოვანი, შაკო ჯაფარიძე, ირაკლი ჭანტურია, ეკა ჭაჭიაშვილი, მერაბ თევზაძე, ვანო წულეისკირი, ირაკლი გულარაშვილი, ირაკლი მეძმარიაშვილი",http://geocinema.ge/ka/movies/821,http://geocinema.ge/uploads/old/poster/p821.jpg,ok
824,საბედისწერო გასროლა,1990,დეტექტივი,სტუდია ”იბერია ფილმი”,75,,ოთარ კობერიძე,"რომან გვენცაძე, ოთარ კობერიძე",ჯიმშერ ქრისტესაშვილი,ჯემალ მირზაშვილი,ალექსანდრე რაქვიაშვილი,"ზურაბ ნადარაია, მიხეილ ინასარიძე",ნელი ქრისტესაშვილი,"ია ფარულავა, ჟანრი ლოლაშვილი, გივი ჩუგუაშვილი, ლევან აბაშიძე, ოთარ კობერიძე, გიორგი ფარაშვილი, ლაშა თვალებეიშვილი, ზურაბ (ზაქარია) ბერიკაშვილი, ირაკლი კავსაძე, ელენე ასლამაზიშვილი, გივი თოხაძე, ქართლოს მარადიშვილი, ნინო ყრუაშვილი, გოგი სხირტლაძე, ქ. ესეიაშვილი, ვ. ახალკაცი, მ. თეთრაშვილი, ჯ. კაჭარავა, გივი ჯაჯანიძე, აკაკი მესაბლიშვილი, ო. ოდიშელიძე, მიხეილ ნანეიშვილი, ვ. ბერიტაშვილი",http://geocinema.ge/ka/movies/824,http://geocinema.ge/uploads/old/poster/p824.jpg,ok
878,დედა,2005,,სტუდია ”პროდიუსერი”,14,,ნიკა გელაშვილი,ზაზა ბურჭულაძე,დავით გოგილაშვილი,"ანა ლიპარტია, რუსო ყვავაძე",ნიკა კოჩაროვი,,ვახტანგ ოზაშვილი,"ეკა ქუთათელაძე, თამუნა ნიკოლაძე, ნინო ქაჩლიშვილი, ნინო ოდიშვილი, ნინო მჭედლიძე, ვერიკო მჭედლიძე, ნანა დემეტრაშვილი, ლიკა ციხისელი, ნინო გაჩეჩილაძე-მღებრიშვილი, ნათელა ნაცვლიშვილი, თამთა კობახიძე, იდა ჟღენტი, თათა ჟღენტი, ნანუკა იოსელიანი",http://geocinema.ge/ka/movies/878,http://geocinema.ge/uploads/old/poster/p878.jpg,ok
213,დიდი მწვანე ველი,1967,დრამა,"სს ""ქართული ფილმი""",90,,მერაბ კოკოჩაშვილი,მერაბ ელიოზიშვილი,გიორგი გერსამია,ვასილ არაბიძე,ნოდარ მამისაშვილი,რაფიელ კეზელი,ჯულიეტა წოწონავა,"დავით(დოდო) აბაშიძე, ლია კაპანაძე, მზია მაღლაკელიძე, ილია ბაკაკური, ზურაბ ცერაძე, გურამ გეგეშიძე, გრიგოლ ტყაბლაძე, სერგო სულავა, ჯუმბერ ძიძავა, ი. ბაგაევი, გიორგი გელოვანი, ზურაბ ქაფიანიძე",http://geocinema.ge/ka/movies/213,http://geocinema.ge/uploads/old/poster/p213.jpg,ok
133,ჩრდილი გზაზე,1956,დრამა,"სს ""ქართული ფილმი""",98,12.08.1957,დავით რონდელი,"კონსტანტინე ლორთქიფანიძე, ემანუილ ფეიგინი","ლევ სუხოვი, არჩილ ფილიპაშვილი","სერაფიონ ვაწაძე, ილამაზ (ზურაბ) მეძმარიაშვილი",სულხან ცინცაძე,დავით ლომიძე,,"ლია ელიავა, ზურაბ (კუკური) ლაფერაძე, ედიშერ მაღალაშვილი, ვახტანგ ნინუა, ნინელი ცინცაძე, ბუხუტი ზაქარიაძე, გოჩა აბაშიძე, მერაბ (მურად) ხინიკაძე, ვუკოლ კინწურაშვილი, ცაცა (ეკატერინე) ამირეჯიბი, თამარ ბაქრაძე, ალიონა ეგოროვა, ნინო კაკაბაძე, ირაკლი ქოქრაშვილი, ირინე მაღალაშვილი, ნათელა ფალიაშვილი, სერგო სულავა, გივი ტალიკაძე, გიორგი თოლორდავა, სესილია თაყაიშვილი, გივი თოხაძე, ნინო (ჩიტოლია) ჩხეიძე, აკაკი (კაკო) კვანტალიანი",http://geocinema.ge/ka/movies/133,http://geocinema.ge/uploads/old/poster/p133.jpg,ok
1016,რენე მიდის ჰოლივუდში,2010,,ეროვნული კინოცენტრი,101,,ალექსანდრე (ალეკო) ცაბაძე,ალექსანდრე (ალეკო) ცაბაძე,კონსტანტინე (მინდია) ესაძე,გიორგი (გოგი) მიქელაძე,,პაატა გოძიაშვილი,,"ნიკოლოზ (ნიკა) თავაძე, ზურაბ ბეგალიშვილი, ვიქტორ ბარბაქაძე, მიხეილ (მიშა) გომიაშვილი, თინა ალექსიშვილი, ნიკოლოზ გომელაური, ლეო ანთაძე, რუსუდან (რუსკა) მაყაშვილი, ონისე ონიანი, გია კიტია, ეკატერინე (ეკა) ანდრონიკაშვილი, გიორგი ცაავა",http://geocinema.ge/ka/movies/1016,http://geocinema.ge/uploads/old/poster/p1016.jpg,ok
054,ჩემი ბებია,1929,მუნჯი / სატირული კომედია,"სს ""სახკინმრეწვი""",67,,კოტე მიქაბერიძე,"გიორგი მდივანი, კოტე მიქაბერიძე","ანტონ პოლიკევიჩი, ვლადიმერ პოზნანი",ირაკლი გამრეკელი,,,,"ალექსანდრე თაყაიშვილი, ბელა ჩერნოვა, ე. ოვანოვი, აკაკი ხორავა, მიხეილ აბესაძე, კონსტანტინე ლავრეცკი, გ. აბსალიმოვა, შალვა გედევანიშვილი, შალვა ხუსკივაძე",http://geocinema.ge/ka/movies/054,http://geocinema.ge/uploads/ზომაშეცვლილი/ჩემი ბებია.jpg,ok
858,"ღმერთო, რისი გულისთვის… – უმადური",2003,,ტელეკომპანია ”იმედი”,59,,გრიგოლ (გიგა) ლორთქიფანიძე,გრიგოლ (გიგა) ლორთქიფანიძე,გიორგი გერსამია,"კახი ხუციშვილი, გიორგი ხუციშვილი",ბიძინა (ალექსანდრე) კვერნაძე,თამაზ მჭედლიძე,მალხაზ (მახო) სიჭინავა,"თენგიზ არჩვაძე, ქეთევან კიკნაძე, ნიკა კახელი, რუსუდან ბოლქვაძე, იოსებ (სოსო) გოგიჩაიშვილი, გიორგი (გოგა) პიპინაშვილი, ნინო ლორთქიფანიძე, ქეთი ხიტირი, ბაჩო მებურიშვილი, რეზო ფოცხვერია, გივი (გურამ) ფირცხალავა, ირაკლი (კუკური) ბექაია",http://geocinema.ge/ka/movies/858,http://geocinema.ge/uploads/nophoto.png,ok
271,"არ დაიჯერო, რომ აღარა ვარ",1975,ლირიული დრამა,"სს ""ქართული ფილმი""",73,27.11.1975,ყარამან (გუგული) მგელაძე,"ყარამან (გუგული) მგელაძე, ლევან ჭელიძე",გიორგი ჭელიძე,დიმიტრი თაყაიშვილი,ნუგზარ ვაწაძე,თენგიზ ნანობაშვილი,ნ. დეკანოზიშვილი,"დავით(დოდო) აბაშიძე, თენგიზ არჩვაძე, კოტე მახარაძე, ლია კაპანაძე, ლია ელიავა, გურამ ლორთქიფანიძე, ლუდმილა პოლიაკოვა, ვახტანგ სულაქველიძე, თამაზ თოლორაია, კუკური დევდარიანი, გია ბადრიძე, ზურაბ (კუკური) ლაფერაძე, ივანე საყვარელიძე, სესილია თაყაიშვილი, ბუხუტი ზაქარიაძე, შოთა გაბელაია, ბორის ანდრონიკაშვილი, თამარ სხირტლაძე, ოთარ გეგეჭკორი, ნუგზარ ერქომაიშვილი, ქეთევან მგელაძე, ალექსანდრე (სესიკა) კუპრაშვილი, ვლადიმერ სმირნოვი, ალექსანდრე ჟელტუხინი, მარიამ (მარიკა) ჭიჭინაძე, ნუგზარ ვაწაძე, თენგიზ (ჩუბჩიკა) მირზაშვილი, გიო მგელაძე, ალექსანდრე (საშკა) იოსელიანი",http://geocinema.ge/ka/movies/271,http://geocinema.ge/uploads/old/poster/p271.jpg,ok
605,"არა, მეგობარო",1993,დრამა,"სს ""ქართული ფილმი""",30,,გიო მგელაძე,გიო მგელაძე,დავით ჩიხლაძე,თამარ ფოცხიშვილი,დავით ევგენიძე,დიმიტრი გედევანიშვილი,გულნარა (გულიკო) ომიაძე,"ლევან აბაშიძე, ნინო (ნუცა) კუხიანიძე, გიორგი გურგულია, გაგა ნახუცრიშვილი, კახა მხეიძე, გია ნადირაშვილი, ვიკა ბუხნიკაშვილი",http://geocinema.ge/ka/movies/605,http://geocinema.ge/uploads/nophoto.png,ok
252,ვიღაცას ავტობუსზე აგვიანდება,1967,,"სს ""ქართული ფილმი""",56,,ნანა მჭედლიძე,"რევაზ ინანიშვილი, ნანა მჭედლიძე",ლევან ნამგალაშვილი,გიორგი (გივი) კასრაძე,იაკობ ბობოხიძე,თენგიზ ნანობაშვილი,"მარიამ ფრიდონოვა, ნუნუ თავბერიძე","სოფიკო ჭიაურელი, ჟუჟუნა დუგლაძე, ბუხუტი ზაქარიაძე, მარო იტრიაშვილი, გეგა კობახიძე, ნუნუ მაჭავარიანი, ეროსი მანჯგალაძე, ნ. მელიქიშვილი, კარლო საკანდელიძე, იპოლიტე ხვიჩია, ნინო ხომასურიძე, ელენე ჩოხელი, ნინო (ჩიტოლია) ჩხეიძე, ლამზირა ჩხეიძე, შ. ცხაკაია, მერაბ გეგეჭკორი",http://geocinema.ge/ka/movies/252,http://geocinema.ge/uploads/nophoto.png,ok
920,სიყვარულის ცეცხლი,2003,,ტელეკომპანია ”იმედი”,40,,გოდერძი ჩოხელი,გოდერძი ჩოხელი,თამაზ გოგინაშვილი,დავით საჯაია,,დავით გვასალია,"მარინა კოლხიდაშვილი, ირაკლი ჭეიშვილი, ბექა გერსამია","გივი ბერიკაშვილი, თამარ სხირტლაძე, ზურაბ (ზაქარია) ბერიკაშვილი, ეკა მოლოდინაშვილი",http://geocinema.ge/ka/movies/920,http://geocinema.ge/uploads/nophoto.png,ok
083,დარიკო,1936,,"სს ""სახკინმრეწვი""",96,13.01.1937,სიკო დოლიძე,სიკო დოლიძე,შალვა აფაქიძე,კორნელი სანაძე,იონა ტუსკია,"როსტისლავ ლაპინსკი, ვლადიმერ დოლიძე",,"თამარ ციციშვილი, ნუცა ჩხეიძე, სერგო ზაქარიაძე, ნიკოლოზ ანჯაფარიძე, შალვა ღამბაშიძე, არკადი ხინთიბიძე, ალექსანდრე (სანდრო) ჟორჟოლიანი, პეტრე მორსკოი, ალექსანდრე (საშა) შონია, ი. აღასოვი, ელიაზარ იმერელი, ზაალ ტერიშვილი, აკაკი (კაკო) კვანტალიანი, ილია მამფორია, ვლადიმერ (ლადო) გვიშიანი, დიმიტრი სუხიტაშვილი-გლდანელი, ნინო (ჩიტოლია) ჩხეიძე, შალვა ხუსკივაძე",http://geocinema.ge/ka/movies/083,http://geocinema.ge/uploads/Dariko.jpg,ok
114,დავით გურამიშვილი,1946,ისტორიულ-ბიოგრაფიული,თბილისის კინოსტუდია,86,15.07.1946,"ნიკოლოზ სანიშვილი, იოსებ თუმანიშვილი","სიმონ ჩიქოვანი, ვლადიმერ ორლოვი, ნიკოლოზ სანიშვილი, იოსებ თუმანიშვილი",დიმიტრი ფელდმანი,"ქრისტესია ლებანიძე, ლეონიდ მამალაძე, ალექსეი უტკინი",ანდრია ბალანჩივაძე,არნოლდ შარგოროდსკი,ევგენია ბეჟანოვა,"გიორგი შავგულიძე, კოხტა ყარალაშვილი, ალექსანდრე ომიაძე, დოდო ჭიჭინაძე, გიორგი დავითაშვილი, შალვა ღამბაშიძე, ფაინა შევჩენკო, ტატიანა ოკუნევსკაია, ივანე პერესტიანი, ივანე მალიუტინი, ოსიპ აბდულოვი, ვლადიმერ ლუკიანოვი, ანატოლი სმირანინი, მიხეილ მგელაძე, გიორგი გელოვანი, მიხეილ სულთანიშვილი, ალექსანდრე აფხაიძე, ზაალ ტერიშვილი, ალექსანდრე (შურა) ჯაგარბეკოვი, ივანე (ვანო) თოიძე, თამარ ციციშვილი",http://geocinema.ge/ka/movies/114,http://geocinema.ge/uploads/old/poster/p114.jpg,ok
555,სერენადა,1968,,კომპანია ”ქართული ტელეფილმი”,28,,ქართლოს ხოტივარი,"რევაზ (რეზო) გაბრიაძე, ქართლოს ხოტივარი",იური კიკაბიძე,ჯუანშერ თუთბერიძე,,მიხეილ დარჩიევი,,"ბაადურ წულაძე, რამაზ გიორგობიანი, ზოზო (იასონ) ბაქრაძე, ლალი ხაბაზაშვილი",http://geocinema.ge/ka/movies/555,http://geocinema.ge/uploads/old/poster/p555.jpg,ok
428,მამაკაცები და სხვები,1985,კომედია,"სს ""ქართული ფილმი""",83,,ვახტანგ (ბუბა) კიკაბიძე,"ვახტანგ (ბუბა) კიკაბიძე, სოფიო დავიდოვა",ნუგზარ ერქომაიშვილი,ჯემალ მირზაშვილი,"ვლადიმერ მიხაილოვი, გიორგი მოვსესიანი",იმერი მანჯგალაძე,ჯულიეტა ბეზუაშვილი,"ვალენტინა ტელეჩკინა, მარინე თბილელი, ელეონორა ზუბკოვა, რუსუდან კიკნაძე, ლეო (ლევან) ფილფანი, ლერი ზარდიაშვილი, გია გამყრელიძე-ძნელაძე, ზაქარია (ზაზა) კოლელიშვილი, გიორგი ჯიბლაძე, კარლენ სარკისიანი, ლევან უჩანეიშვილი, შოთა სხირტლაძე, ვახტანგ კაჯირაშვილი, ნიკოლოზ თამრაზოვი, ნოდარ სოხაძე, ვახტანგ (ბუბა) კიკაბიძე, ია ხობუა, ლიკა ქავჟარაძე, მარინა საღარაძე, ნინო კობაიძე, ე. ბაგრატიონი, კირა (უმც) ანდრონიკაშვილი, ნანა ლორთქიფანიძე, ნ. ლოგვინოვა, ბაადურ წულაძე, თენგიზ გიორგაძე, ბაადურ ყიფიანი, გურამ ღოღობერიძე, ელგუჯა ბურდული, გ. გელაშვილი, გ. არეშიძე, ი. ქურციკიძე, მ. ნასყიდაშვილი, მ. ბარნაბიშვილი, შ. ბარნაბაშვილი",http://geocinema.ge/ka/movies/428,http://geocinema.ge/uploads/nophoto.png,ok
807,უკანასკნელი მაძიებელი,2006,სათავგადასავლო,"კომპანია ""ახალი  სტუდია""",92,,"არჩილ მელიქიშვილი, ნიკოლოზ ადუაშვილი",არჩილ მელიქიშვილი,"დავით მეფარიშვილი, კოკა ჯავახია",ლევან მელიქიშვილი,კაკო ვაშალომიძე,"ჯიმშერ (ჯიმი) დევნოზაშვილი, გიორგი სანაძე",ნიკოლოზ ადუაშვილი,"დავით იაშვილი, მიშა ინაძე, ანა ჩურინა, თამთა კობახიძე, გიორგი ჭელიშვილი, გიორგი აფხაზავა, ნიკოლოზ (ნიკა) წერედიანი, ალექსეი კრავჩენკო, ალექსეი პეტრუხინი, ნიკოლოზ თანიაშვილი, ზაალ წულუკიძე, ზურაბ ჭიპაშვილი, ზვიად მებაღიშვილი, მამუკა მაზავრიშვილი, სალომე სულაბერიძე, ლაშა-გიორგი პაპუაშვილი, თემურ კალანდაძე, გიორგი (გოგი) თურქიაშვილი, ნუგზარ ხიდურელი, თეიმურაზ ნაცვლიშვილი, დავით წიქარიძე, ალექსანდრე (სანდრო) თომაძე, ნათელა ნაცვლიშვილი, ზურაბ ჯავახია, გიორგი ფრანგიშვილი, მაშო გაგუა, ლიკა ორჯონიკიძე, ანა კანდელაკი, ბორის მარგველაშვილი, ლევან შუბითიძე, არჩილ მელიქიშვილი, ნატო გავაშელიშვილი, ნინო (ნუცა) მაისურაძე, რუსუდან ლორია, გიორგი ტიელიძე, გიორგი საჯაია, დავით გაგუნაშვილი, ზურაბ სიხარულიძე, იური ვადაჭკორია, ქეთევან ფორაქიშვილი",http://geocinema.ge/ka/movies/807,http://geocinema.ge/uploads/old/poster/p807.jpg,ok
732,თემო,1986,,კომპანია ”ქართული ტელეფილმი”,68,,ლევან ზაქარეიშვილი,"ლევან ზაქარეიშვილი, ზაალ სამადაშვილი",იგორ კრეპსი,ვახტანგ რურუა,გიორგი ცინცაძე,მერაბ გვანცელაძე,ნანა არეშიძე,"მერაბ ნინიძე, ლალი ანდრონიკაშვილი, გიორგი ფალავანდიშვილი, ირაკლი აფაქიძე, მაია აბაიშვილი, გივი (გურამ) ფირცხალავა, ვლადიმერ ტყაბლაძე, ნანა შონია, კობა კობაიძე, ბაია (ბარბარე) დვალიშვილი, კუკური აბრამიშვილი, კოტე ებანოიძე, მზია ჯორბენაძე, ტატიანა ალიოშკინა, დავით დოლიძე, ნანა ჭელიძე, ილო ღლონტი, რუსლან მიქაბერიძე, მალხაზ ქვრივიშვილი, გიორგი (გოგა) პიპინაშვილი",http://geocinema.ge/ka/movies/732,http://geocinema.ge/uploads/old/poster/p732.jpg,ok
671,შემსრულებელი,1994,დრამა,კომპანია ”ქართული ტელეფილმი”,72,,როლანდ (მიხო) ბორაშვილი,"როლანდ (მიხო) ბორაშვილი, მიხეილ ბასინოვი",იგორ კრეპსი,თენგიზ ქართველიშვილი,,მიხეილ დარჩიევი,მადონა ლომიძე,"გია გამყრელიძე-ძნელაძე, ნინო კობერიძე, შოთა ქრისტესაშვილი, მანანა გამცემლიძე, გელა ოთარაშვილი, ალეკო გეწაძე, თენგიზ პაპიძე, ირმა მოდებაძე, ოთარ ბახტაძე",http://geocinema.ge/ka/movies/671,http://geocinema.ge/uploads/nophoto.png,ok
672,კუჩხი ბედინერი,1978,კომედია,კომპანია ”ქართული ტელეფილმი”,28,,გურამ პატარაია,გურამ პატარაია,ირაკლი ონოფრიშვილი,თენგიზ სამსონაძე,იაკობ ბობოხიძე,ოთარ გეგეჭკორი,ციური კობერიძე,"დიმიტრი (ჯუნა) მიქატაძე, ვასილ კახნიაშვილი, გოვენ ჭეიშვილი, ციალა გურგენიძე, მაია მელაძე, ბაია (ბარბარე) დვალიშვილი, ეკა ყიფიანი, ლევან (ლეო) სოხაშვილი, გალინა პატარიძე, ივანე საყვარელიძე",http://geocinema.ge/ka/movies/672,http://geocinema.ge/uploads/old/poster/p672.jpg,ok
657,მე მოვედი,1981,,კომპანია ”ქართული ტელეფილმი”,64,,ალექსანდრე (ალეკო) ნინუა,"მერაბ ბერაძე, ალექსანდრე (ალეკო) ნინუა",პავლე შნაიდერი,რობერტ პლაქსინი,ირაკლი გეჯაძე,მიხეილ დარჩიევი,ალექსანდრა შულცი,"ვლადიმერ (ლადო) ბურდული, მამუკა ოქროპირიძე, ნინო აბაშმაძე, ზაზა ურუშაძე, ვანიკო ინაური, იური ცანავა, გალინა პატარიძე, ვაჟა ბჟალავა, იაკობ ტრიპოლსკი, ნანა ფაჩუაშვილი, ივანე ჩხეიძე, მანუჩარ შერვაშიძე, ბაადურ (ბადრი) ბეგალიშვილი, იური ვასაძე, აკაკი მგელაძე, თამარ ნინუა, შოთა სხირტლაძე, აკაკი აფხაზავა, ბ. უკლება, მ. ბჟალავა, ლევან ყავლაშვილი, მანანა მაჩაბელი, ნათელა გოდერძიშვილი, იოსებ ურუშაძე, ი. ბაკურაძე, ქეთინო მოქერია, ბერტა ხაფავა, ლამზირა ჩხეიძე, ნინო ნინუა",http://geocinema.ge/ka/movies/657,http://geocinema.ge/uploads/nophoto.png,ok
177,არგონავტები,1986,მიუზიკლი / მუსიკალური კომედია,"სს ""ქართული ფილმი""",81,,ევგენი გინზბურგი,"ჯემალ ბაღაშვილი, ევგენი გინზბურგი",ალექსანდრე შაპორინი,ირაკლი ყიფშიძე,ალექსანდრე ბასილაია,"მ. ვეინბერგი, ი. ნიკიშოვი",ნატალია დიანოვა,"ზურაბ ყიფშიძე, ლიკა ქავჟარაძე, სერგეი შაკუროვი, ალექსანდრე აბდულოვი, თეიმურაზ წიკლაური, რომან რცხილაძე, ნუგზარ კვაშალი, ჯემალ ბაღაშვილი, ლეონიდ იარმოლნიკი, იგორ რუხ (რუხმან), ანატოლი კალმიკოვი, ვახტანგ ტატიშვილი, ალექსანდრე ბასილაია, ანრი ბასილაია, ვალენტინ მინოხინი, ელენა სტეფანოვა, ელეონორა ზუბკოვა",http://geocinema.ge/ka/movies/177,http://geocinema.ge/uploads/old/poster/p177.jpg,ok
549,"სიყვარული, ხანძარი და პომპიერო",1976,კომედია,კომპანია ”ქართული ტელეფილმი”,64,,გურამ პატარაია,"გურამ პატარაია, რევაზ (რეზო) გაბრიაძე","ირაკლი ონოფრიშვილი, ელიზბარ კარავაევი",თენგიზ სამსონაძე,ბიძინა (ალექსანდრე) კვერნაძე,ლევან ქიშმიშევი,ლუდმილა (ლუსია) უნანიანი,"რამაზ ჩხიკვაძე, თენგიზ შორაპნელი, ოთარ ხარებაშვილი, ალექსანდრე (სესიკა) კუპრაშვილი, მარინა საღარაძე, ალექსანდრე კონდრაშოვი, დიმიტრი (ჯუნა) მიქატაძე, ეკა ყიფიანი, აკაკი აფხაზავა, აკაკი (კაკო) ბაქრაძე",http://geocinema.ge/ka/movies/549,http://geocinema.ge/uploads/nophoto.png,ok
542,ლაქა,1985,დრამა,კომპანია ”ქართული ტელეფილმი”,90,,ალექსანდრე (ალეკო) ცაბაძე,ალექსანდრე (ალეკო) ცაბაძე,ნოდარ ნამგალაძე,გიორგი (გოგი) ტატიშვილი,ქიშვარდ გლუნჩაძე,მერაბ გვანცელაძე,,"ქიშვარდ გლუნჩაძე, რუსუდან ქვლივიძე, ოთარ ბაზღაძე, დავით (ჯაპანა) ხურცილავა, გურამ მგალობლიშვილი, ზურაბ ბეგალიშვილი, გ. შანიძე, ვ. ჭუმბურიძე, დ. ჩაგრაგანიძე, მარინე იშხნელი, ალექსანდრე მეიფარიანი, რ. ინაძე, ვ. ტაგიროვი, ე. პისკუნოვა",http://geocinema.ge/ka/movies/542,http://geocinema.ge/uploads/old/poster/p542.jpg,ok
284,თვალი პატიოსანი,1976,მელოდრამა,"სს ""ქართული ფილმი""",76,,შოთა მანაგაძე,"გურამ ფანჯიკიძე, შოთა მანაგაძე",მიხეილ მედნიკოვი,ვასილ არაბიძე,რევაზ ლაღიძე,რაფიელ კეზელი,ნუნუ შავგულიძე,"ვახტანგ (ბუბა) კიკაბიძე, მურმან ჯინორია, თამარ (თათული) დოლიძე, რუსუდან კიკნაძე, ვახტანგ ნინუა, გულნარა ემხვარი, დავით პაპუაშვილი, თეიმურაზ კვანტალიანი, შალვა ხერხეულიძე, ზაზა მაჩაბელი, მზეჭაბუკ (ჭაბუა) ამირეჯიბი, გიორგი თოლორდავა, ე. მაჭავარიანი, შოთა ქოჩორაძე, თენგიზ არჩვაძე, კოტე დაუშვილი, თამაზ თოლორაია, იოსებ (სოსო) ხაინდრავა, ნაილი ხელაშვილი, ო. ხომერიკი, ზურაბ ცინცქილაძე, ელენე ასლამაზიშვილი, ნოდარ მანაგაძე, ლია ციბაძე, თამარ სხირტლაძე",http://geocinema.ge/ka/movies/284,http://geocinema.ge/uploads/nophoto.png,ok
495,ბესამე,1989,დრამა,"სს ""ქართული ფილმი""",99,,ნინო ახვლედიანი,"გურამ დოჩანაშვილი, ნინო ახვლედიანი",ლომერ ახვლედიანი,ვაჟა ჯალაღანია,ვახტანგ კახიძე,მადონა თევზაძე,ჯულიეტა ბეზუაშვილი,"დავით გაბუნია, რევაზ (უმც) თაბუკაშვილი, ნუგზარ ცომაია, კახი კავსაძე, გიორგი (გოგი) ხარაბაძე, მურმან ჯინორია, გიზო ჟორდანია, ნინო ქორიძე, ბექა ჯგუბურია, გიორგი დევდარიანი, მიხეილ დევდარიანი, ვაჟა აფრასიძე, მიშიკო ლობჟანიძე, გოჩა გიორგაძე, ოთარ ბაგრატიონი, ლადო გაბაშვილი, კახა ჩხაიძე, ხოსე მარია რიო დე ბელესტერო, ბერტა ხაფავა, ა. მამაცაშვილი, თენგიზ გიორგაძე, გ. მიროტაძე, შ. ჯუღელი",http://geocinema.ge/ka/movies/495,http://geocinema.ge/uploads/old/poster/p495.jpg,ok
929,მაცხოვრის საფლავზე ანთებული სანთელი,2008,,"""ლედა” (რუსეთი)",125,,რევაზ (რეზო) ჩხეიძე,"სულიკო ჟღენტი, ანზორ ჯუღელი, რევაზ (რეზო) ჩხეიძე, ამირან (I) დოლიძე","იგორ კრეპსი, გიორგი ბერიძე, ლერი მაჩაიძე","გივი გიგაური, ილამაზ (ზურაბ) მეძმარიაშვილი, მიხეილ მედნიკოვი",იაკობ ბობოხიძე,გარი კუნცევი,,"თორნიკე ბზიავა, ანა ამირიძე, ლიდია ფედოსეევა-შუკშინა, ოთარ მეღვინეთუხუცესი, გივი ბერიკაშვილი, ბიძინა ჩხეიძე, ბაადურ (ბადრი) ბეგალიშვილი, ლაურა რეხვიაშვილი, თამარ ბუხნიკაშვილი, თათული ბართაია, ზაზა მეჭიაური, ჯუმბერ ლომინაძე, ჯემალ ველიაძე",http://geocinema.ge/ka/movies/929,http://geocinema.ge/uploads/old/poster/p929.jpg,ok
395,მაცივარში ვიღაც იჯდა,1983,კომედია,"სს ""ქართული ფილმი""",74,,ყარამან (გუგული) მგელაძე,"ყარამან (გუგული) მგელაძე, ლევან ჭელიძე",გიორგი ჭელიძე,ნაუმ ფურმანი,ნუგზარ ვაწაძე,ვლადიმერ დოლიძე,"ლალი ლაფანაშვილი, ეთერ თავაძე","ბიძინა ჩხეიძე, მაკა მახარაძე, ზურაბ ყუფუნია, რუსლან მიქაბერიძე, დავით(დოდო) აბაშიძე, თეიმურაზ ხელაშვილი, ალექსანდრე (სანდრო) სავიცკი, ომარ გაბელია, ელენე (ლიკა) ჭავჭავაძე, ლაურა რეხვიაშვილი, ვახტანგ ელიოზიშვილი, ჟირაირ კარაპეტიანი, ზურაბ კვირკველია, საბა პაპუაშვილი, იპოლიტე ხვიჩია, ზურაბ კაპანაძე, ივანე საყვარელიძე, ირმა გურიელი, რევაზ თავართქილაძე, მარინა ჯაიანი, გოგი ჩხეიძე, ნანა ალადაშვილი, თამარ ბააკაშვილი, ნუგზარ ლორია, შალვა გედევანიშვილი, ვიგენ ვართანოვი, ნათია გაბიძაშვილი",http://geocinema.ge/ka/movies/395,http://geocinema.ge/uploads/nophoto.png,ok
744,"ჩემი ძვირფასი, სანატრელი ბაბუ",1998,კომედია,"სს ""ქართული ფილმი""",110,,პავლე ჩარკვიანი,"პავლე ჩარკვიანი, ლევან ჭელიძე, დევი ივანოვ-ჩიქოვანი","მიხეილ მედნიკოვი, ირაკლი ონოფრიშვილი",ნოდარ სულემანაშვილი,იაკობ ბობოხიძე,"მადონა თევზაძე, გურამ შუბლაძე","ჯულიეტა წოწონავა, როზა ჯიკაევა","ნინო (II) კაკაბაძე, ლეო ანთაძე, თენგიზ არჩვაძე, ბორის წიფურია, ჯემალ ღაღანიძე, გივი (გურამ) ფირცხალავა, ნანა მჭედლიძე, ნინო კობერიძე, დავით დვალიშვილი, დავით იაშვილი, მალხაზ ქვრივიშვილი, ზურაბ მაღალაშვილი, დათო გიგოლაშვილი, დათო კუბლაშვილი, ჯიმშერ (ჯიმი) ლომიძე, რუსუდან ქვლივიძე, ბიძინა ჩხეიძე, გურამ ლორთქიფანიძე, კარლო საკანდელიძე, ლუდმილა ალიმბარაშვილი, მზია მაღლაკელიძე, თამარ (თათული) დოლიძე, გივი ჯაჯანიძე, ნინო ლორია, ხათუნა იოსელიანი, ნოდარ სოხაძე",http://geocinema.ge/ka/movies/744,http://geocinema.ge/uploads/old/poster/p744.jpg,ok
262,ივანე კოტორაშვილის ამბავი,1974,ჰეროიკული კომედია,"სს ""ქართული ფილმი""",68,,ნოდარ მანაგაძე,"ერლომ ახვლედიანი, დავით ჯავახიშვილი",იგორ ამასიისკი,შოთა გოგოლაშვილი,ნოდარ გაბუნია,ვაჟა მაჩაიძე,ნელი დევნოზაშვილი,"ზურაბ ქაფიანიძე, ნატო გაგნიძე, ვახტანგ ცხადაძე, აბესალომ ლორია, დ. ლონდარიძე, ჰამლეტ მაჩაიძე, ზ. ლონდარიძე, ლ. ასპანიძე, ი. მამაცაშვილი, გივი ჯაჯანიძე, გივი ჩუგუაშვილი, ა. გულბიანი, გიგა ჯაფარიძე, გ. გათენდაშვილი, ვ. ჩორგოლაშვილი, კ. ლონდარიძე",http://geocinema.ge/ka/movies/262,http://geocinema.ge/uploads/old/poster/p262.jpg,ok
002,არსენა ჯორჯიაშვილი,1921,დრამა,"""განსახკომის"" კინოსექცია",49,19.11.1922,ივანე პერესტიანი,შალვა დადიანი,ალექსანდრე დიღმელოვი,ფიოდორი პუში,,,,"მიხეილ ჭიაურელი, ივანე პერესტიანი, ალისა ქიქოძე, ნინო დოლიძე, ელისაბედ ჩერქეზიშვილი, ნ. იაჩმენევი, ივანე კრუჩინინი, ნ. ოკუჯავა, ალექსანდრე იმედაშვილი, კოტე მიქაბერიძე, მ. დიევსკი, ვალერიან გუნია, ვასო აბაშიძე, გიორგი კეთილაძე, დ. პოგრომსკი, გიორგი დავითაშვილი, გარსევან გომართელი, შალვა დადიანი, დავით ჩხეიძე, ნიკოლოზ ნაგორნი",http://geocinema.ge/ka/movies/002,http://geocinema.ge/uploads/ზომაშეცვლილი/არსენა ჯორჯიაშვილი.jpg,ok
265,ძაღლი,1974,,"სს ""ქართული ფილმი""",50,,ლეილა გორდელაძე,ლეილა გორდელაძე,ალექსანდრე (საშა) რეხვიაშვილი,ვასილ არაბიძე,იოსებ კეჭაყმაძე,თენგიზ ნანობაშვილი,ოფელია გევორქიანი,"ილია კიღურაძე, გრიგოლ ტყაბლაძე, ია ხობუა, გიორგი მდინარაძე, მიხეილ ვაშაძე, ვასილ ივანიძე, შალვა მოსია",http://geocinema.ge/ka/movies/265,http://geocinema.ge/uploads/nophoto.png,ok
240,წუთისოფელი,1971,დრამა,"სს ""ქართული ფილმი""",78,,"შოთა მანაგაძე, ნოდარ მანაგაძე",სულიკო ჟღენტი,გივი რაჭველიშვილი,შოთა გოგოლაშვილი,რევაზ ლაღიძე,ვლადიმერ დოლიძე,,"სოფიკო ჭიაურელი, გრიგოლ წიტაიშვილი, მანუჩარ შერვაშიძე, ზურაბ ყიფშიძე, თენგიზ არჩვაძე, ვალერიან დოლიძე, გივი ჭიჭინაძე, გიზო სიხარულიძე, მიხეილ ვაშაძე, ვარლამ (ვალოდია) წულაძე, ვიქტორ ნინიძე, მერაბ გეგეჭკორი, ნინო დიდია, ლეილა ყიფიანი, ქეთევან ბოჭორიშვილი, მ. ხითარიშვილი, ნოდარ ფირანიშვილი, ალექსანდრე (სესიკა) კუპრაშვილი, დუდუხანა წეროძე, ბაადურ (ბადრი) ბეგალიშვილი, რევაზ ბარამიძე, მალხაზ ბებურიშვილი, შოთა გაბელაია, იოსებ (სოსო) ხაინდრავა, გივი თოხაძე, იოსებ (სოსო) გოგიჩაიშვილი",http://geocinema.ge/ka/movies/240,http://geocinema.ge/uploads/nophoto.png,ok
407,ახალგაზრდა კომპოზიტორის მოგზაურობა,1984,დრამა,"სს ""ქართული ფილმი""",98,,გიორგი შენგელაია,"ერლომ ახვლედიანი, გიორგი შენგელაია",ლევან პაატაშვილი,"ბორის ცხაკაია, ნიკოლოზ (ნიკუშა) შენგელაია",გუსტავ მალერი,ვილჰელმ გოგიჩაიშვილი,სოფიო მაჩაიძე,"გია ფერაძე, ლევან აბაშიძე, ზურაბ ყიფშიძე, რუსუდან ქვლივიძე, რუსლან მიქაბერიძე, მზეჭაბუკ (ჭაბუა) ამირეჯიბი, ლილი იოსელიანი, თემო ჯაფარიძე, ქეთევან ორახელაშვილი, ზინაიდა კვერენჩხილაძე, ია რჩეულიშვილი, ზაქარია (ზაზა) კოლელიშვილი, რამაზ იოსელიანი, თემურ ბიჭიაშვილი, ნიკოლოზ (ბიჭიკო) ანდრონიკაშვილი, დევი ივანოვ-ჩიქოვანი, პაატა ბარათაშვილი, გიორგი (გოგი) მარგველაშვილი, ირაკლი ხიზანიშვილი, ლაურა რეხვიაშვილი, ლევან თურმანიძე",http://geocinema.ge/ka/movies/407,http://geocinema.ge/uploads/old/poster/p407.jpg,ok
379,დიმიტრი II,1982,ისტორიული,"სს ""ქართული ფილმი""",134,,რამაზ (ბუბა) ხოტივარი,რამაზ (ბუბა) ხოტივარი,"ჯიმშერ ქრისტესაშვილი, გიორგი (გოგლიკო) გამილაღდიშვილი",კახა ქორიძე,ევსევი (კუკური) ჭოხონელიძე,იმერი მანჯგალაძე,"სოფიო მაჩაიძე, ნელი ქრისტესაშვილი, ლალი კოლხიდაშვილი","ლევან თუთბერიძე, ელგუჯა ბურდული, გივი ჩუგუაშვილი, გურამ საღარაძე, ზაზა მაღალაშვილი, გიორგი (გია) ბურჯანაძე, ოთარ კობერიძე, გივი სარჩიმელიძე, ივანე საყვარელიძე, კახი კავსაძე, გივი თოხაძე, იმედა კახიანი, მურთაზ არაბული, გაგა ალუდაური, გია ლეჟავა, ლიკა ქავჟარაძე, თამარ ლომინაძე, ინგა გოცირიძე, ელენე ფხალაძე, ია ღამბაშიძე, ლევან ყიფიანი, ბაადურ (ბადრი) ბეგალიშვილი, გივი ჯაჯანიძე, ედიშერ (დავით) გიორგობიანი, ამირან ტაკიძე, მ. გამყრელიძე, იოსებ (სოსო) ჯაჭვლიანი, გია ბადრიძე, შოთა სხირტლაძე, გიორგი ჭიჭინაძე, ირინა ჭიჭინაძე, ნინო ქორიძე, მ. გვასალია, დუდუხანა წეროძე, გიორგი (გოგლიკო) გამილაღდიშვილი, მ. ოთხმოზორია, ვაჟა ქოქრაშვილი",http://geocinema.ge/ka/movies/379,http://geocinema.ge/uploads/old/poster/p379.jpg,ok
613,ექსპრეს-ინფორმაცია,1993,კომედია,"სტუდია ""ლილეო ართსი""",105,,ელდარ შენგელაია,"რეზო ჭეიშვილი, ელდარ შენგელაია",ლომერ ახვლედიანი,"დიმიტრი ერისთავი, ბორის ცხაკაია, მედეა ბაქრაძე","ჯანსუღ კახიძე, ვახტანგ კახიძე",გარი კუნცევი,ლეილა აშიანი,"ზურაბ ყიფშიძე, მიხეილ ვაშაძე, ნანა შონია, თამარ ადამია, მაკა მახარაძე, ეთერ გელოვანი, თეიმურაზ ჩირგაძე, თამაზ ხუციშვილი, თენგიზ პაპიძე, ავთანდილ შარვაძე, თემურ ჯორჯაძე, ალეკო მახარობლიშვილი, ვაჟა (სულთან) კვიტაიშვილი, ჯიმშერ (ჯიმი) ლომიძე, გრიგოლ ნაცვლიშვილი, ბესარიონ ხიდეშელი, თემურ შოთაძე, ანზორ ჟვანია, ილია მაცხონაშვილი, ლამარა კობახიძე, ალექსანდრე ყველაშვილი",http://geocinema.ge/ka/movies/613,http://geocinema.ge/uploads/nophoto.png,ok
712,ოცნებების სასაფლაო,1997,ისტორიული,კომპანია ”ქართული ტელეფილმი”,94,,გიორგი (გოგა) ხაინდრავა,"გიორგი (გოგა) ხაინდრავა, ირაკლი სოლომანაშვილი","მიხეილ მაღალაშვილი, ავთანდილ გვენცაძე, ვაჟა დემეტრაშვილი, მალხაზ მაისაშვილი",ზაზა ციციშვილი,ნიაზ დიასამიძე,გარი კუნცევი,ნაზი (ლეილა) მუხიგულაშვილი,"ნინო მურჯიკნელი, ზაზა ციციშვილი, ზურაბ ერისთავი, ალეკო ცენაძე, კახა ხარაიძე, გიორგი ნაკაშიძე, ბაჩო ბაჩუკიშვილი, ავთანდილ სხირტლაძე, თამაზ ბერეჟიანი, ლაშა ესებუა, ზურაბ გორგაძე",http://geocinema.ge/ka/movies/712,http://geocinema.ge/uploads/old/poster/p712.jpg,ok
108,ერთი ცის ქვეშ,1961,,"სს ""ქართული ფილმი""",77,,ლანა ღოღობერიძე,"ლანა ღოღობერიძე, არჩილ სულაკაური",ლევან პაატაშვილი,"დიმიტრი თაყაიშვილი, ნიკოლოზ იგნატოვი",რევაზ ლაღიძე,ვლადიმერ დოლიძე,,"ლიანა ასათიანი, ციცინო ციციშვილი, ოთარ მეღვინეთუხუცესი, გიული ჭოხონელიძე, კირა (უმც) ანდრონიკაშვილი, გივი ყიასაშვილი, რევაზ თათარაძე, იოსებ (სოსო) გოგიჩაიშვილი, თენგიზ არჩვაძე, გურანდა გაბუნია, ზეინაბ ბოცვაძე, ალექსანდრე კვალიაშვილი, თემურ გაჟონია, ნუნუ მაჭავარიანი, ალექსანდრე ომიაძე, ეკატერინე ვერულეიშვილი, ირაკლი ქოქრაშვილი",http://geocinema.ge/ka/movies/108,http://geocinema.ge/uploads/erti tsis qvesh.jpg,ok
690,ცეცხლთან თამაში,1990,,კომპანია ”ქართული ტელეფილმი”,170,,ალექსანდრე (ალეკო) ნინუა,ამირან ჭიჭინაძე,"ილია ვაჩნაძე, რევაზ ცხოვრებაძე",ვასილ არაბიძე,ირაკლი გეჯაძე,მიხეილ დარჩიევი,დალი ადამია,"მარინა ძნელაძე, თორნიკე ერგემლიძე, დავით დვალიშვილი, ვაჟა ქოქრაშვილი, გიორგი (გია) ბურჯანაძე, ლაშა მესხი, გივი ხახიძე, კახა ბერიძე, ლევან ლორთქიფანიძე, პავლე ნოზაძე, ქეთევან ფეიქრიშვილი, ვახტანგ ფანჩულიძე, ნინო ხომასურიძე, შოთა ქრისტესაშვილი, ირაკლი კავსაძე, შოთა მშვენიერაძე, ირაკლი მაჭარაშვილი, დავით იაშვილი, ნინო ნინუა, თამარ ნინუა",http://geocinema.ge/ka/movies/690,http://geocinema.ge/uploads/nophoto.png,ok
3257,პირველი ეროვნული,1990,დოკუმენტური,საქართველოს სამეცნიერო–პოპულარული და დოკუმენტური ფილმების სტუდია,17,,ალექსანდრე ჟღენტი,ალექსანდრე ჟღენტი,"გურიელ (გურამ) როგავა, იმედა მაღლაკელიძე, ვლადიმერ საღარეიშვილი, რევაზ (რეზო) მახათაძე",,,გიორგი (გია) აბაშიძე,ელენე მახვილაძე,,http://geocinema.ge/ka/movies/3257,http://geocinema.ge/uploads/nophoto.png,ok
143,ორი ოჯახი,1958,კინომოთხრობა,"სს ""ქართული ფილმი""",93,,დავით კანდელაკი,"სამსონ სულაკაური, არჩილ სულაკაური, დავით კანდელაკი","დავით კანდელაკი, შოთა კილაძე",მიხეილ გოცირიძე,არჩილ კერესელიძე,ვლადიმერ დოლიძე,ელიზბარ გაბრიელი,"სალომე ყანჩელი, იუსუფ (იოსებ) კობალაძე, დავით(დოდო) აბაშიძე, ჟუჟუნა დუგლაძე, თამარ ციციშვილი, ნანა ღამბაშიძე, დათო სოხაძე, ლიანა მანჯავიძე, თინა ღამბაშიძე, თამარ თეთრაძე, გიორგი გელოვანი, ელენე ჩოხელი",http://geocinema.ge/ka/movies/143,http://geocinema.ge/uploads/nophoto.png,ok
619,ვალსი პეჩორაზე,1992,დრამა,"სტუდია ""ლილეო ართსი""",105,,ლანა ღოღობერიძე,"ზაირა არსენიშვილი, ლანა ღოღობერიძე",გიორგი ბერიძე,"შოთა გოგოლაშვილი, სალომე (ნუცა) ალექსი-მესხიშვილი",გიორგი ცინცაძე,გია ჯავახიშვილი,სოფიო მაჩაიძე,"ნინო სურგულაძე, გივი (გურამ) ფირცხალავა, მარიამ (მარიკა) ჭიჭინაძე, თამარ სხირტლაძე, ირინა კუპჩენკო, ვალენტინა ტელეჩკინა, გურანდა გაბუნია, დარეჯან ხარშილაძე, ბერტა ხაფავა, ნინო არსენიშვილი, თამარ იაშვილი, ნინელი ჭანკვეტაძე, დოდო ჭიჭინაძე, ივანე საყვარელიძე, ლადო რიგვავა, ზაზა მიქაშავიძე, ალეკო ალავიძე, ელენე ასლამაზიშვილი, ქეთევან ესაიაშვილი, მაია ტატიშვილი, დარეჯან ჯიქია, მანანა ცხოვრებოვა",http://geocinema.ge/ka/movies/619,http://geocinema.ge/uploads/nophoto.png,ok
253,"გზა მშვიდობისა, ჯაყო !",1973,,"სს ""ქართული ფილმი""",78,,მერაბ კოკოჩაშვილი,"ნოდარ დუმბაძე, მერაბ კოკოჩაშვილი",გიორგი გერსამია,"ვასილ არაბიძე, დიმიტრი ერისთავი",ანზორ ერქომაიშვილი,თენგიზ ნანობაშვილი,"ჯულიეტა წოწონავა, მ. ფაშტიანი","გია იაშვილი, სანდრო ერისთავი, ვ. რამოევი, ნანი ჩიქვინიძე, ვასო (კოწო) ამაშუკელი, სლავა სტეპანენკო, გოგი შენგელია, მაია პიპინაშვილი, ნანა ქავთარაძე, რ. მამფორია, ზურაბ ღავთაძე, რეზო ჭეიშვილი, ვ. პლუგატირი, ჯუმბერ შაქარაშვილი, ნ. მაშტალიოროვა, მანანა გაგნიძე, ქ. ჭავჭანიძე, ი. მგალობლიშვილი, ვ. კორნევი, გ. გავკინი, გ. გიგინეიშვილი, ვ. ახვლედიანი, გ. ბარიშნიკოვი, რ. მაყაშვილი, ნ. სულხანიშვილი, გ. ყაველაშვილი, ნ. სოსნოვსკაია, ნინო თუთბერიძე, შალვა კოკოჩაშვილი",http://geocinema.ge/ka/movies/253,http://geocinema.ge/uploads/old/poster/p253.jpg,ok
434,ორომტრიალი,1986,,"სს ""ქართული ფილმი""",99,,ლანა ღოღობერიძე,"ზაირა არსენიშვილი, ლანა ღოღობერიძე",ნუგზარ ერქომაიშვილი,გიორგი (გოგი) მიქელაძე,გია ყანჩელი,ზურაბ ნადარაია,სოფიო მაჩაიძე,"ლეილა აბაშიძე, ლია ელიავა, გივი (გურამ) ფირცხალავა, ოთარ მეღვინეთუხუცესი, მეგი წულუკიძე, დოდო ჭიჭინაძე, ნინელი ჭანკვეტაძე, ნინო ცეცხლაძე, სალომე (ნუცა) ალექსი-მესხიშვილი, ლევან აბაშიძე, მერაბ ნინიძე, გურანდა გაბუნია, დარეჯან ხარშილაძე, მიხეილ იოფე, თამარ სხირტლაძე, თინათინ მენაბდე, რევაზ თავართქილაძე, რუსუდან ქვლივიძე, გივი თოხაძე, ლევან ერისთავი, დალი მაცაბერიძე, ც. დადიანი, ალეკო ალავიძე, ვახტანგ თანდილაშვილი, ზვიად სიხარულიძე, ნუგზარ ხიდურელი, გიორგი თოლორდავა, ნათელა მაჭავარიანი",http://geocinema.ge/ka/movies/434,http://geocinema.ge/uploads/old/poster/p434.jpg,ok
171,თხუნელა,1962,სატირული კომედია,"სს ""ქართული ფილმი""",97,,შალვა მარტაშვილი,ოთარ ჩიჯავაძე,იური რიშკოვი,ნიკოლოზ ყაზბეგი,სულხან ცინცაძე,დავით ლომიძე,ოფელია გევორქიანი,"იპოლიტე ხვიჩია, მარინე თბილელი, თინათინ სეფერთელაძე, მედეა ჩახავა, ელენე ჩოხელი, რამაზ ჩხიკვაძე, არჩილ გომიაშვილი, თამარ თეთრაძე, კოტე დაუშვილი, რევაზ ხობუა, პავლე ინწკირველი, ზურაბ კახიანი, ავთანდილ ვერულეიშვილი, დავით ქუთათელაძე, ა. მეწუღიშვილი, ა. ნარჩემაშვილი, დავით ოქროსცვარიძე",http://geocinema.ge/ka/movies/171,http://geocinema.ge/uploads/old/poster/p171.jpg,ok
314,პეპელა,1977,მელოდრამა,"სს ""ქართული ფილმი""",11,,"ნელი ნენოვა, გენო წულაია",რევაზ (რეზო) გაბრიაძე,ალექსანდრე სულამანიძე,დინარა ნოდია,გენო წულაია,დავით ლომიძე,ჯულიეტა ბეზუაშვილი,"ლიკა ქავჟარაძე, კახი კავსაძე, გივი ბერიკაშვილი, ბაადურ წულაძე, ქართლოს მარადიშვილი",http://geocinema.ge/ka/movies/314,http://geocinema.ge/uploads/old/poster/p314.jpg,ok
203,შეხვედრა წარსულთან,1966,დრამა,"სს ""ქართული ფილმი""",100,,სიკო დოლიძე,სიკო დოლიძე,ფელიქს ვისოცკი,"ნიკოლოზ ყაზბეგი, მიხეილ მედნიკოვი",დავით თორაძე,ვლადიმერ დოლიძე,,"სერგო ზაქარიაძე, ვერიკო ანჯაფარიძე, ლეილა აბაშიძე, მეგი წულუკიძე, ქეთევან კიკნაძე, იოსებ (სოსო) გოგიჩაიშვილი, გიული ჭოხონელიძე, მალხაზ ბებურიშვილი, ეროსი მანჯგალაძე, ვახტანგ ნინუა, გრიგოლ (გიგოლა) თალაკვაძე, იპოლიტე ხვიჩია, თენგიზ არჩვაძე, იაკობ ტრიპოლსკი, იოსებ (სოსო) ხაინდრავა, ელენე საყვარელიძე, ეკატერინე ვერულეიშვილი, ირაკლი ქოქრაშვილი",http://geocinema.ge/ka/movies/203,http://geocinema.ge/uploads/old/poster/p203.jpg,ok
224,სინათლე ჩვენს ფანჯრებში,1969,კინომოთხრობა,"სს ""ქართული ფილმი""",83,,ყარამან (გუგული) მგელაძე,სულიკო ჟღენტი,გივი რაჭველიშვილი,გივი გიგაური,ნუგზარ ვაწაძე,თენგიზ ნანობაშვილი,ოფელია გევორქიანი,"დავით(დოდო) აბაშიძე, გრიგოლ წიტაიშვილი, ლეილა ყიფიანი, ლალი მესხი, რუსუდან კიკნაძე, თამაზ თოლორაია, თეიმურაზ წიკლაური, ნანული პირველი, ლიანა ასათიანი, ილია ბაკაკური, თამარ თვალიაშვილი, მალხაზ გორგილაძე, მანანა დაშნიანი, ი. ჭავჭავაძე, მალხაზ ჭეიშვილი, ბ. თოფურიძე, გ. გაბაშვილი, გია ნარიმანიძე, ზოზო (იასონ) ბაქრაძე",http://geocinema.ge/ka/movies/224,http://geocinema.ge/uploads/old/poster/p224.jpg,ok
841,სუბორდინაცია,2007,,სტუდია ”სანგუკო”,78,,არჩილ ქავთარაძე,არჩილ ქავთარაძე,გოგა დევდარიანი,"სალომე სხირტლაძე, დოდო ჩხეიძე",,,,"ირაკლი გაბაშვილი, თორნიკე ბზიავა, დიმიტრი ბოკერია, გიორგი ხაჩიძე, დავით კოვზირიძე, დარეჯან ხარშილაძე, დავით კვირცხალია",http://geocinema.ge/ka/movies/841,http://geocinema.ge/uploads/old/poster/p841.jpg,ok
393,დღეს ღამე უთენებია,1983,,"სს ""ქართული ფილმი""",104,,ლანა ღოღობერიძე,"ზაირა არსენიშვილი, ლანა ღოღობერიძე",ნუგზარ ერქომაიშვილი,გიორგი (გოგი) მიქელაძე,გია ყანჩელი,ზურაბ ნადარაია,"სოფიო მაჩაიძე, ჯულიეტა ბეზუაშვილი, ლუიზა ნიაზიანი","დარეჯან ხარშილაძე, თამარ სხირტლაძე, გივი (გურამ) ფირცხალავა, გურანდა გაბუნია, ირაკლი ხიზანიშვილი, გურამ ფალავანდიშვილი, ლეო (ლევან) ფილფანი, აკაკი ხიდაშელი, სოფიკო არსენიშვილი, ნიკა ხაზარაძე, გრიგოლ (გიგოლა) თალაკვაძე, ნათია გოგოჭური, მანანა მენაბდე, ამირან ამირანაშვილი, რამაზ იოსელიანი, თინათინ მენაბდე, ელენე (ლიკა) ჭავჭავაძე, ეკა ქუთათელაძე, ლუიზა ნიაზიანი",http://geocinema.ge/ka/movies/393,http://geocinema.ge/uploads/old/poster/p393.jpg,ok
173,ალავერდობა,1962,,"სს ""ქართული ფილმი""",52,30.12.1963,გიორგი შენგელაია,"რევაზ ინანიშვილი, გიორგი შენგელაია",ალექსანდრე (საშა) რეხვიაშვილი,გოგი ოჩიაური,ფელიქს (ფილიპე) ღლონტი,ვლადიმერ დოლიძე,,"გეიდარ ფალავანდიშვილი, კოტე დაუშვილი, ირაკლი ქოქრაშვილი, ლ. ბალისევიჩი, ნოდარ ფირანიშვილი, კონსტანტინე (კოტე) თოლორაია, არსენ აბრამიშვილი, კ. მიქაბერიძე, პაპუნა წერეთელი, ვახტანგ მატარაძე-ჩელთისპირელი, ლეო (ლევან) ფილფანი, ნუგზარ ჯუღელი",http://geocinema.ge/ka/movies/173,http://geocinema.ge/uploads/old/poster/p173.jpg,ok
820,კომპლექსი,2005,დრამა,სტუდია ”სანგუკო”,24,,კოტე თაყაიშვილი,კოტე თაყაიშვილი,გოგა დევდარიანი,,,,,"დავით სალაძე, ნინო (ნუცა) კუხიანიძე, გურამ (გუკა) რჩეულიშვილი, ქეთა კირტავა, ირაკლი გაბაშვილი, ლევან მაჭარაშვილი, სანდრო თაყაიშვილი, ნიკა ჰაინე-შველიძე, დავით დარჩია, ზაზა ციციშვილი, ლევან ხოჭოლავა, ნინა კალანდაძე, ნინა ჟვანია, მაკო მეტრეველი, ქეთი ხერხეულიძე, ვახტანგ რჩეულიშვილი, არჩილ გვახარია, გოგი საყვარელიძე, გიორგი ძანაშვილი, ია დარახველიძე",http://geocinema.ge/ka/movies/820,http://geocinema.ge/uploads/old/poster/p820.jpg,ok
299,ამაღლება,1977,,"სს ""ქართული ფილმი""",67,,ნოდარ მანაგაძე,"ერლომ ახვლედიანი, ნოდარ მანაგაძე, დავით ჯავახიშვილი",ნუგზარ ერქომაიშვილი,"შოთა გოგოლაშვილი, ნიკოლოზ ზანდუკელი",ნოდარ გაბუნია,ვაჟა მაჩაიძე,ნელი დევნოზაშვილი,"ზურაბ ქაფიანიძე, თემო ჯაფარიძე, ჯემალ მონიავა, იოსებ (სოსო) ჯაჭვლიანი, თემურ ჩხეიძე, ამირან ლონდარიძე, ნინო ანდრიაძე, გივი (გურამ) ფირცხალავა, გრიგოლ კაბოსანიძე, ივანე შერმადინი, იზა გიგოშვილი, სანათა ჭინჭარაული, ასმათ მოწონელიძე, მანანა ორბელიანი",http://geocinema.ge/ka/movies/299,http://geocinema.ge/uploads/nophoto.png,ok
211,ქოლგა,1967,კინონოველა,"სს ""ქართული ფილმი""",19,,მიხეილ კობახიძე,მიხეილ კობახიძე,ნიკოლოზ სუხიშვილი,გივი გიგაური,,თენგიზ ნანობაშვილი,,"ჯანა პეტრაიტიტე, გია ავალიშვილი, რამაზ გიორგობიანი, ბაადურ წულაძე",http://geocinema.ge/ka/movies/211,http://geocinema.ge/uploads/nophoto.png,ok
519,ბებერი მეზურნეები,1973,,"სს ""ქართული ფილმი""",78,,ვალერიან კვაჭაძე,მერაბ ელიოზიშვილი,"არჩილ ფილიპაშვილი, ლევან ნამგალაშვილი",გივი გიგაური,,ვლადიმერ ნიკონოვი,ნაზი (ლეილა) მუხიგულაშვილი,"ვერიკო ანჯაფარიძე, სესილია თაყაიშვილი, ეთერ მოციქულაშვილი, გიორგი საღარაძე, რამაზ ჩხიკვაძე, ბუხუტი ზაქარიაძე, ზურაბ ქაფიანიძე, კოტე დაუშვილი, ბორის წიფურია, თენგიზ მაისურაძე, გიორგი (გოგი) ქავთარაძე",http://geocinema.ge/ka/movies/519,http://geocinema.ge/uploads/old/poster/p519.jpg,ok
427,არსენას ლექსი,1985,,"სს ""ქართული ფილმი""",133,,"ნანა ხატისკაცი, თენგიზ მაღალაშვილი",ნანა ხატისკაცი,იგორ კრეპსი,ირაკლი ფარჯიანი,იოსებ კეჭაყმაძე,"მიხეილ კილოსანიძე, გურამ გოგუა",გიული გრიგორიანი,"ვლადიმერ (ლადო) ბურდული, ია ფარულავა, მანანა მენაბდე, ზურაბ ყიფშიძე, დარეჯან ხარშილაძე, ნიალა გოძიაშვილი, მიხეილ მაღალაშვილი, კახა თავართქილაძე, თეონა ჩარკვიანი, თამარ კორძაია, მედეა ნემსიწვერიძე, ნუგზარ (ნუკრი) მაღალაშვილი, ნონა მაღალაშვილი, ვ. ჯულუხაძე, ლია ბახტაძე, ირინა კახიძე, თამუნა კახიძე, ეკა ბერიძე, მაია ცინცაბაძე, ნინო ნემსაძე, მაია ნემსაძე, ვიკა იცკოვიჩი, ეკატერინე იცკოვიჩი, გივი (გურამ) ფირცხალავა, თ. კილაძე, გურამ მგალობლიშვილი, მალხაზ გურგენაშვილი, ანა ნიჟარაძე, ქ. კოჭლამაზაშვილი, მ. ითონიშვილი, ი. კობიაშვილი, ტ. მიგდისაშვილი, ზურაბ ჩხეიძე",http://geocinema.ge/ka/movies/427,http://geocinema.ge/uploads/old/poster/p427.jpg,ok
751,ლუკას სახარება,1998,,"სტუდია ""სამება""",70,,გოდერძი ჩოხელი,გოდერძი ჩოხელი,ჯიმშერ ქრისტესაშვილი,დავით საჯაია,იაკობ ბობოხიძე,გურამ გოგუა,"ნელი ქრისტესაშვილი, სოფიო მაჩაიძე","ლუკა ჩოხელი, თამარ სხირტლაძე, ზურაბ სტურუა, ბორის წიფურია, ტრისტან სარალიძე, კონსტანტინე (კოტე) თოლორაია, ზურაბ (შალვა) ქირიკაშვილი, ნინო მელაშვილი, ნიკა ჩოხელი, მარიკა აფციაური, ნატო ოსიტაშვილი, გაგა რევიშვილი, ვალიკო აფციაური, ლაშა წიკლაური, ნაილი ხელაშვილი, გიორგი ჩოხელი, ლეილა ლალიაშვილი, მზია წიკლაური, ლილი ზაქაიძე, ლელა ჩოხელი, ზვიად წიკლაური, დათო საჯაია, ნუგზარ მეგრელიშვილი, მარგო მაყაშვილი, დათო ქრისტესაშვილი, გიორგი წიკლაური",http://geocinema.ge/ka/movies/751,http://geocinema.ge/uploads/old/poster/p751.jpg,ok
138,ფატიმა,1958,,"სს ""ქართული ფილმი""",100,31.03.1959,სიკო დოლიძე,სიკო დოლიძე,დუდარ მარგიევი,სერაფიონ ვაწაძე,"ბორის გალაევი, არჩილ კერესელიძე",ვლადიმერ დოლიძე,ვასილ დოლენკო,"ვლადიმერ ტხაპსაევი, თამარ კოკოვა, ოთარ მეღვინეთუხუცესი, გიული ჭოხონელიძე, ცაცა (ეკატერინე) ამირეჯიბი, მეგი წულუკიძე, ივანე რუსინოვი, აკაკი ვასაძე, დიმიტრი მამიევი, დათო სოხაძე, ესმა ცხოვრებოვა, ირაკლი ნიჟარაძე, დავით ქობულოვი (ქობულაშვილი), გიორგი გაბელაშვილი, ალექსანდრე ალაზნისპირელი, დავით ლურსმანაშვილი, ია ხობუა, გრიგოლ კოსტავა, მიხეილ ჩიხლაძე, კოტე დაუშვილი",http://geocinema.ge/ka/movies/138,http://geocinema.ge/uploads/old/poster/p138.jpg,ok
004,სურამის ციხე,1922,მუნჯი / დრამა,"""განსახკომის"" კინოსექცია",65,16.11.1923,ივანე პერესტიანი,ივანე პერესტიანი,ბორის ზაველევი,"ევგენი ლანსერე, ვალერიან სიდამონ–ერისთავი, კ. ტირი, ვ. აკიშნი",,,,"ამო ბეკ-ნაზაროვი, მიხეილ ჭიაურელი, თამარ საყვარელიძე, ტატიანა მაქსიმოვა, ლ. გალუსტიანი, ნინო დოლიძე, ოლღა მაისურიანი, შალვა დადიანი, ნ. ოდანკევიჩი, ვანდა პოლიკევიჩი, ემანუილ აფხაიძე, ვალერიან გუნია, გიორგი დავითაშვილი, ალისა ქიქოძე, ზაქარია ბერიშვილი, ერასტი ბილანიშვილი",http://geocinema.ge/ka/movies/004,http://geocinema.ge/uploads/ზომაშეცვლილი/სურამის ციხე.jpg,ok
459,ვამეხი მოდის (დაკარგული საგანძურის საძებნელად),1988,,"სს ""ქართული ფილმი""",131,,"ოთარ შამათავა, ოთარ (II) ლითანიშვილი",ლაშა თაბუკაშვილი,დავით შუშანია,ბორის ცხაკაია,გიორგი ცინცაძე,გურამ გოგუა,ნელი ქრისტესაშვილი,"რატი ერაძე, გიორგი (გია) ბურჯანაძე, ედიშერ (დავით) გიორგობიანი, ნინო სუხიშვილი, მაკა ცქიტიშვილი, შოთა ქრისტესაშვილი, ნუგზარ ყურაშვილი, ლიკა ქავჟარაძე, მზია არაბული, ოთარ მეღვინეთუხუცესი, მედეა ჯაფარიძე, ზაზა მიქაშავიძე, პაატა ბარათაშვილი, რუსუდან ბოლქვაძე, ალექსანდრე (სანდრო) სავიცკი, კახა თოლორდავა, თემურ დესნი, გრიგოლ ნაცვლიშვილი, კუკური აბრამიშვილი, მამუკა ქადაგიშვილი, დიმიტრი (დიტო) ცინცაძე, დარეჯან ჯოჯუა, ზაქარია სიხარულიძე, გია ლაზიშვილი, რევაზ იმნაიშვილი, რ. მაზმანიშვილი, ვ. აბულაძე, მაია მოწონელიძე, გიორგი გურგულია, კოტე ბურჯანაძე, ნოდარ სოხაძე, სერგო ურიადმყოფელი, გ. ქიმერიძე, გურამ მაჭავარიანი, ზურაბ ლეჟავა, მაია ციხელაშვილი, ზვიად სიხარულიძე, თ. ხიზამბარელი",http://geocinema.ge/ka/movies/459,http://geocinema.ge/uploads/nophoto.png,ok
515,"ოჰ, ეს საშინელი, საშინელი ტელევიზორი",1990,კომედია,"სს ""ქართული ფილმი""",64,,თემურ ფალავანდიშვილი,"ლევან ჭელიძე, დევი ივანოვ-ჩიქოვანი, თემურ ფალავანდიშვილი",გივი რაჭველიშვილი,ნოდარ სულემანაშვილი,გია ყანჩელი,იმერი მანჯგალაძე,ჯულიეტა წოწონავა,"ვახტანგ ფანჩულიძე, აბესალომ ლორია, ბაია (ბარბარე) დვალიშვილი, მამუკა კიკალეიშვილი, ელენე ასლამაზიშვილი, კარლო საკანდელიძე, ქართლოს მარადიშვილი, რუსლან მიქაბერიძე, მამუკა ლორია, მანანა მაჩაბელი, ბადრი კაკაბაძე, გურამ ლორთქიფანიძე, შოთა სხირტლაძე, დევი ივანოვ-ჩიქოვანი, ოთარ გუნცაძე, ირინა პოდკოპაევა, თამაზ თოლორაია, გივი თოხაძე, ნოდარ სოხაძე",http://geocinema.ge/ka/movies/515,http://geocinema.ge/uploads/old/poster/p515.jpg,ok
256,ლევან ხიდაშელი,1973,,"სს ""ქართული ფილმი""",85,,ვახტანგ ტაბლიაშვილი,"გურამ ფანჯიკიძე, ვახტანგ ტაბლიაშვილი",გიორგი ჭელიძე,დიმიტრი თაყაიშვილი,სულხან ცინცაძე,გურამ შუბლაძე,ქეთევან თაღნიაშვილი,"ვიქტორ კოღოშვილი, ზაზა მაჩაბელი, დიმიტრი მჭედლიძე, იაკობ ტრიპოლსკი, თამაზ გამყრელიძე, მალხაზ ბებურიშვილი, ლალი ბადურაშვილი, ლიანა ასათიანი, ლეილა ყიფიანი, ანდრო ხიდაშელი, გია ფერაძე, გივი თოხაძე, იოსებ (სოსო) ლაღიძე, მალხაზ გორგილაძე, ნოდარ მგალობლიშვილი, ჯემალ სიხარულიძე, გივი ხახიძე, თეა (ნათელა) გაბუნია, რუსუდან მაღრაძე, ნელი ბადალაშვილი, რ. ირემაძე, ჯემალ მაზიაშვილი, ირაკლი ქოქრაშვილი, ივანე საყვარელიძე, ნოდარ ფირანიშვილი, რევაზ თავართქილაძე, ქართლოს მარადიშვილი, მერი ერგნელი-ყიასაშვილი, ვ. ჯულუხაძე, ზ. ამონაშვილი, თ. დვალი, გ. გავაშელი, ნონა მაღალაშვილი, თ. ელიავა, გ. კობიაშვილი, იმედა კახიანი, გიორგი ჟუჟუნაშვილი",http://geocinema.ge/ka/movies/256,http://geocinema.ge/uploads/nophoto.png,ok
409,აქედანა და შენამდე,1984,ლირიული კომედია,"სს ""ქართული ფილმი""",81,,ლეილა გორდელაძე,ლეილა გორდელაძე,იური კიკაბიძე,ნოდარ ბადურაშვილი,ვახტანგ კუხიანიძე,დიმიტრი გედევანიშვილი,ოფელია გევორქიანი,"ბადრი კაკაბაძე, მიშა სამსონაძე, რუსუდან ბოლქვაძე, ია ნინიძე, მაკა მახარაძე, რუსუდან (ხათუნა) მჭედლიძე, ეკა (I) ჩხეიძე, სპარტაკ კიკნაძე, ვაჟა ოყრეშიძე, ზურაბ (I) ძნელაძე, ალექსანდრე (გიზო ) კაკაურიძე, გიორგი ჩიტაიშვილი, გ. დოლიძე, პავლე ლომინაძე, გულჩინა დადიანი, ზურაბ სტურუა, ზურაბ ქაფიანიძე, მედეა ჩახავა, გ. კაკაბაძე, პაატა ბარათაშვილი, რუსუდან ქვლივიძე, ნინო ჩხეიძე, ბიძინა რაჭველიშვილი, ლეილა შოთაძე, ელეონორა ციუმა, ევა ხუტუნაშვილი, დ. კიპაროიძე, ა. ჯიშკარიანი, მიხეილ (უმც) ჯოჯუა, ნ. ნიკოლაიშვილი, ალა ბარაბაძე, როდერ ჩაჩანიძე, ავთანდილ სახამბერიძე, ბ. მიქაძე",http://geocinema.ge/ka/movies/409,http://geocinema.ge/uploads/old/poster/p409.jpg,ok
902,სკამი,2004,,საქართველოს კინემატოგრაფისტთა კავშირი,20,,ლევან ბზვანელი,"ლაშა იმედაშვილი, ლევან ბზვანელი",მიხეილ მაღალაშვილი,ნიკოლოზ (ნიკუშა) შენგელაია,გურამ ბზვანელი,პაატა გოძიაშვილი,ზურაბ ლაშხი,"ზაზა პაპუაშვილი, გულჩინა დადიანი, მიხეილ (მამუკა) ხერხეულიძე, გიორგი (გოგი) ქავთარაძე, ნანული სარაჯიშვილი, გიორგი (გოგა) პიპინაშვილი, ტრისტან სარალიძე, დავით (ჯაპანა) ხურცილავა, ნინო კობერიძე, თამარ მაყაშვილი, თეიმურაზ (თემიკო) ჭიჭინაძე, ნატო (ნატუკა) გულისაშვილი, დავით როინიშვილი, დიმიტრი ალავიძე, ანზორ ურდია, ირაკლი კონტრიძე, ნოდარ ხუციშვილი, ბაჩო დოღონაძე, შალვა ბახტაძე, ირაკლი სოლომანაშვილი, თეიმურაზ ცავა",http://geocinema.ge/ka/movies/902,http://geocinema.ge/uploads/nophoto.png,ok
360,ძნელი დასაწყისი,1981,დრამა,"სს ""ქართული ფილმი""",86,,თენგიზ მაღალაშვილი,"ერლომ ახვლედიანი, თენგიზ მაღალაშვილი",ნიკოლოზ სუხიშვილი,"გივი გიგაური, ილამაზ (ზურაბ) მეძმარიაშვილი",იოსებ კეჭაყმაძე,ვლადიმერ ნიკონოვი,ლუსია ვარტიკიანი,"ირაკლი ხიზანიშვილი, გიორგი თურქიშვილი, ნანი ჩიქვინიძე, მიხეილ ყიფიანი, ედიშერ მაღალაშვილი, ლერი გაფრინდაშვილი, გრიგოლ წიტაიშვილი, აბრეკ ფხალაძე, თეა (ნათელა) გაბუნია, გიორგი ხობუა, ია ფარულავა, დათო იამანიძე, ანა ნიჟარაძე, დათო ამაღლობელი, გურანდა გაბუნია, ნ. ამირასლანოვი, თ. ბლიაძე, ნანა ანდრონიკაშვილი, ნინო დუმბაძე, ნ. ბერელაშვილი, ლევან (ლეო) გაბრიაძე, სპარტაკ კიკნაძე, დარეჯან ხარშილაძე, გიორგი კარიაული, ა. იმედაშვილი, ირინა იამანიძე, ნოდარ მარგველაშვილი, ვაჟა ნოდია, თამარ კორძაია, აკაკი ხიდაშელი, არჩილ მაჩაბელი, მ. რასულოვი, ს. მაჩაიძე, ოთარ სეთურიძე, კახა მესტვირიშვილი, მ. ფიფია",http://geocinema.ge/ka/movies/360,http://geocinema.ge/uploads/nophoto.png,ok
940,16+,2006,,ეროვნული კინოცენტრი,14,,მარიამ ქაცარავა,მაკა გულედანი,ლევან პატარაია,ემზარ ბაზერაშვილი,ეკატერინე ახობაძე,დავით ქაცარავა,დავით ქაცარავა,"გიორგი (ჯაბა) კილაძე, თამარ ჯამარჯაშვილი",http://geocinema.ge/ka/movies/940,http://geocinema.ge/uploads/nophoto.png,ok
475,დანაშაული მოხდა,1988,,"სს ""ქართული ფილმი""",81,,ნანა მჭედლიძე,"ნანა მჭედლიძე, ლევან ჭელიძე","იური კიკაბიძე, გია კუსრაშვილი",ჯემალ მირზაშვილი,,გია ჯავახიშვილი,ნაზი (ლეილა) მუხიგულაშვილი,"ლევან უჩანეიშვილი, მურმან ჯინორია, ზურაბ (ზაქარია) ბერიკაშვილი, გიორგი თავაძე, ირაკლი კავსაძე, კახი კავსაძე, მაკა მახარაძე, რუსუდან კიკნაძე, პავლე ნოზაძე, დათო კუბლაშვილი, ბონდო გოგინავა, ელისო ავაზაშვილი, დარეჯან ხარშილაძე, კლარა გოგიშვილი, შალვა ხერხეულიძე, ნ. წიკლაური, ნ. სიდამონიძე, ეკატერინე მჭედლიძე, ეთერ გელოვანი, ნ. ბერელაშვილი, მანანა თარალაშვილი, ნუგზარ ცომაია, ირაკლი უჩანეიშვილი, გივი ჭიჭინაძე, ანზორ ნიკოლაიშვილი, ი. ლაბაძე, ოთარ ზაუტაშვილი, ა. გასპაროვი, ა. თავართქილაძე, ბესიკ ლობჟანიძე, ვაჟა ფირცხალაიშვილი, ლევან ჭელიძე, თამარ მელიქიშვილი, ნინო (II) კაკაბაძე",http://geocinema.ge/ka/movies/475,http://geocinema.ge/uploads/nophoto.png,ok
037,სამანიშვილის დედინაცვალი,1926,მუნჯი / ტრაგიკომედია,"სს ""სახკინმრეწვი""",56,15.05.1927,"კოტე მარჯანიშვილი, ზაქარია ბერიშვილი","სერგო კლდიაშვილი, ნიკოლოზ შენგელაია",სერგეი ზაბოზლაევი,"სემიონ გუბინ-გუნი, მიხეილ ჭიაურელი",,,,"აკაკი ვასაძე, მიხეილ ლორთქიფანიძე, ცეცილია წუწუნავა, შალვა ღამბაშიძე, ალექსანდრე (სანდრო) ჟორჟოლიანი, ნინო ჯავახიშვილი, პეტრე (პიერ) კობახიძე, დავით ჩხეიძე, შალვა ხონელი (გოგოლაშვილი)",http://geocinema.ge/ka/movies/037,http://geocinema.ge/uploads/ფოტო GNFC/3_3635_SAMANISHVILIS DEDINATSVALI.jpg,ok
600,ჩაკლული სული,1994,,"სს ""ქართული ფილმი""",80,,ყარამან (გუგული) მგელაძე,"ყარამან (გუგული) მგელაძე, რეზო კვესელავა",გენო ჩირაძე,გივი გიგაური,თეიმურაზ მუჯირი,დიმიტრი გედევანიშვილი,,"მურმან ჯინორია, ლიკა ქავჟარაძე, ზურაბ ყიფშიძე, ნუგზარ ყურაშვილი, გელა (ბაჩი) ლეჟავა, გივი ბარათაშვილი, ვაჟა გელაშვილი, ვალერი ხარიუტჩენკო, ზურაბ მაღალაშვილი, გიორგი (გოგი) მარგველაშვილი, ყარამან (გუგული) მგელაძე, ზეინაბ ბოცვაძე",http://geocinema.ge/ka/movies/600,http://geocinema.ge/uploads/old/poster/p600.jpg,ok
357,გამოაღეთ ფანჯრები,1981,ლირიული კომედია,"სს ""ქართული ფილმი""",76,,დევი აბაშიძე,რეზო ჭეიშვილი,აბესალომ მაისურაძე,ქრისტესია ლებანიძე,ჯანსუღ კახიძე,"მიხეილ კილოსანიძე, თენგიზ თოდაძე",ვასილ დოლენკო,"ომარ მხეიძე, დუდუხანა წეროძე, ნათია გოგოჭური, შალვა ხერხეულიძე, ზურაბ ქაფიანიძე, ვიქტორ ნინიძე, გრიგოლ (გიგოლა) თალაკვაძე, აკაკი (კაკო) ბაქრაძე, აბესალომ ლორია, შ. ახალაძე, თენგიზ ჩანტლაძე, რევაზ იმნაიშვილი, მურმან ჯინორია, ე. ხაჩიძე, ირაკლი აზიკური, ივანე საყვარელიძე, ქეთევან ბოჭორიშვილი, თ. უხაძე, ც. კუტალაძე, ლ. ზამთარაძე, ალექსანდრე ჯალიაშვილი, ნოდარ ჩაჩანიძე, გივი თოხაძე, ჯემალ გაგნიძე, ავთანდილ მიქაძე, გ. ვარდოსანიძე, ა. ლომსაძე, ბესარიონ ხიდეშელი, ნ. კიკნაძე, სერგო ახალაძე",http://geocinema.ge/ka/movies/357,http://geocinema.ge/uploads/nophoto.png,ok
136,ქალის ტვირთი,1957,,"სს ""ქართული ფილმი""",102,18.06.1958,ნიკოლოზ სანიშვილი,ნიკოლოზ სანიშვილი,დიმიტრი ფელდმანი,მიხეილ გოცირიძე,სულხან ცინცაძე,დავით ლომიძე,ვასილ დოლენკო,"ლია ელიავა, იაკობ ტრიპოლსკი, გიორგი შავგულიძე, თამარ წულუკიძე, ალექსანდრე ომიაძე, გიორგი გეგეჭკორი, ვალერიან დოლიძე, ოთარ კობერიძე, დავით ოქროსცვარიძე, მარინე თბილელი, მიხეილ მინეევი, ფარსმან სონღულაშვილი, კონსტანტინე (კოტე) თოლორაია, ვ. მირონოვი, ანდრო კობალაძე, გიორგი დავითაშვილი, ზურაბ (კუკური) ლაფერაძე, ლიანა მანჯავიძე, ა. ერმილოვი, ასმათ ქანდაურიშვილი, ბარნაბ მამასახლისი, ალექსანდრე ვოლოგინი, ლეონიდ რომანოვი, მერი დავითაშვილი, გიორგი ჟუჟუნაშვილი, გენრი კავლელიშვილი",http://geocinema.ge/ka/movies/136,http://geocinema.ge/uploads/old/poster/p136.jpg,ok
440,საფეხური,1986,,"სს ""ქართული ფილმი""",89,,ალექსანდრე (საშა) რეხვიაშვილი,"ალექსანდრე (საშა) რეხვიაშვილი, დავით ჩუბინიშვილი",არჩილ ფილიპაშვილი,"ნოშრევან ნიკოლაძე, გია ლაფერაძე",,ვილჰელმ გოგიჩაიშვილი,ნელი ქრისტესაშვილი,"მერაბ ნინიძე, ირინა ჭიჭინაძე, ნინელი ჭანკვეტაძე, ნინო თარხან-მოურავი, ნინო ბურდული, ლევან აბაშიძე, რამაზ გიორგობიანი, ლეო ანთაძე, აკაკი ხიდაშელი, ამირ კაკაბაძე, ჟანრი ლოლაშვილი, გიორგი (გოგი) ხუციშვილი, ზურაბ ცინცქილაძე, ნინო სარჩიმელიძე, ნუკა კაციტაძე, ნანა შონია, ლევან წულაძე, მამუკა სალუქვაძე, ლია კაპანაძე, ვილჰელმ გოგიჩაიშვილი, იგორ სანოვიჩი, აბუ-ელ-აკარი, აბრეკ ფხალაძე",http://geocinema.ge/ka/movies/440,http://geocinema.ge/uploads/old/poster/p440.jpg,ok
367,"იცოცხლე, გენაცვალე",1981,კომედია,"სს ""ქართული ფილმი""",77,,"თამაზ გომელაური, ვახტანგ (ბუბა) კიკაბიძე","ვახტანგ (ბუბა) კიკაბიძე, თამაზ გომელაური",იგორ ამასიისკი,ჯემალ მირზაშვილი,გიორგი ცაბაძე,გარი კუნცევი,ჯულიეტა ბეზუაშვილი,"ვახტანგ (ბუბა) კიკაბიძე, გიორგი (გოგი) ქავთარაძე, ნიკოლაი რიბნიკოვი, მიხეილ ფოფხაძე, ლია ელიავა, ლია გუდაძე, ტატიანა რომაშინა, ოლგა ბელიავსკაია, ა. ჯაფარიძე, ანა პონომარიოვა, თამარ ციციშვილი, შაუმ კაზარიანი, კარინა არმენიანცი, არმენ ხოსტიკიანი, ნოდარ მარგველაშვილი, მიხეილ ნანეიშვილი, თეა (ნათელა) გაბუნია, იური ლახმანი, მ. მგალობლიშვილი, ნ. კიკალაშვილი, მ. მაკაროვი, ნანა ჯორჯაძე, კოტე კიკაბიძე, გ. კავილაძე, კ. ჩიტაძე, ოლია ჯანიაშვილი, მ. ქელაძე, ნ. ელიავა, კუკური აბრამიშვილი, ოთარ ყიფიანი, გია გიგაშვილი",http://geocinema.ge/ka/movies/367,http://geocinema.ge/uploads/old/poster/p367.jpg,ok
321,ბათა ქექია,1978,კომედია,"სს ""ქართული ფილმი""",141,,ლეილა გორდელაძე,"ერლომ ახვლედიანი, ლეილა გორდელაძე",ლერი მაჩაიძე,"ვახტანგ რურუა, გულნარა ქურდიანი",იოსებ კეჭაყმაძე,ზურაბ ნადარაია,ოფელია გევორქიანი,"ნოდარ ჩაჩანიძე, სოსო აროშიძე, სერგი მამალაძე, გიორგი გეგეჭკორი, სიმონ ჩინჩალაძე, ვახტანგ ცირეკიძე, ევა ხუტუნაშვილი, მაია გედენიძე, ნანა ქავთარაძე, მაია ელიავა, ბერდია ინწკირველი, გივი (გურამ) ფირცხალავა, ივანე საყვარელიძე, გრიგოლ წიტაიშვილი, ვიქტორ ნინიძე, გია გამყრელიძე-ძნელაძე, გულჩინა დადიანი, ჯ. ჯობავა, ს. სამადაშვილი, მ. მომცემლიძე, ა. მენაბდე, ე. თავართქილაძე, ბ. კორტავა, ნ. ჩხაიძე, აკაკი დობორჯგინიძე, გიგლა ებრალიძე, დარეჯან ხარშილაძე, კ. მახარაძე, ვახტანგ მიხელიძე, ნინო ჩოდრიშვილი, ვაჟა ქობულაშვილი, თ. ფანჩულიძე, ნათია კორკოტაშვილი, შალვა ლომაია, ოთარ სხულუხია, ზაურ სხულუხია",http://geocinema.ge/ka/movies/321,http://geocinema.ge/uploads/nophoto.png,ok
223,ფიროსმანი,1969,დრამა,"სს ""ქართული ფილმი""",86,,გიორგი შენგელაია,"ერლომ ახვლედიანი, გიორგი შენგელაია","ალექსანდრე (საშა) რეხვიაშვილი, კონსტანტინე აპრიატინი, დუდარ მარგიევი","ავთანდილ ვარაზი, ვასილ არაბიძე","ვახტანგ კუხიანიძე, ნოდარ გაბუნია",ოთარ გეგეჭკორი,მანანა ყარალაშვილი,"ავთანდილ ვარაზი, დავით(დოდო) აბაშიძე, ზურაბ ქაფიანიძე, თეიმურაზ ბერიძე, ბორის წიფურია, შოთა დაუშვილი, მარგო გვარამაძე, ნინო სეთურიძე, როზალია მინჩინი, გივი ალექსანდრია, ალექსანდრე (საშა) რეხვიაშვილი, ამირ კაკაბაძე, სამსონ სულაკაური, გიორგი ჟუჟუნაშვილი, ია ხობუა",http://geocinema.ge/ka/movies/223,http://geocinema.ge/uploads/old/poster/p223.jpg,ok
165,ენგურის ნაპირებზე,1961,კინომოთხრობა,"სს ""ქართული ფილმი""",97,12.12.1961,დავით რონდელი,ალექსანდრე ვიტენზონი,არჩილ ფილიპაშვილი,ევგენი მაჭავარიანი,არჩილ კერესელიძე,დავით ლომიძე,,"ნუგზარ შარია, მალხაზ გორგილაძე, სოფიკო ჭიაურელი, არიადნა შენგელაია, ზურაბ გვაჯავა, თამარ ბაქრაძე, ბუხუტი ზაქარიაძე, ივანე ნინუა, ალექსი მამრიკიშვილი, რევაზ ბარამიძე, ს. გვარამაძე, ნ. კევლიშვილი, სერგო გერსამია, პავლე კანდელაკი, გივი თოხაძე, ჯ. აბულაძე, რ. გურჩიანი, პ. დადვანი, დავით ჯაფარიძე, ვ. კორნილინი, ირაკლი ნიჟარაძე, ლიკა ნიჟარაძე, თამარ ციციშვილი, რევაზ ხობუა",http://geocinema.ge/ka/movies/165,http://geocinema.ge/uploads/old/poster/p165.jpg,ok
856,ჭერი ანუ დაუმთავრებელი ფილმის მასალა,2003,,ეროვნული კინოცენტრი,112,,რეზო ესაძე,"რეზო კვესელავა, რეზო ესაძე","ლევან პაატაშვილი, დავით გუჯაბიძე, გიორგი გერსამია","გიორგი (გოგი) მიქელაძე, რეზო ესაძე",,მადონა თევზაძე,ნელი დევნოზაშვილი,"ეკა ჩხეიძე, ლიანა ასათიანი, ზაზა პაპუაშვილი, ზურაბ სტურუა, რეზო ესაძე, ცოტნე ნაკაშიძე, ზურაბ ბეგალიშვილი, გიორგი ნაკაშიძე, გვანცა გურგენიშვილი, ინგა გოგია, ლაშა ვანიშვილი, ნინო ბრეგვაძე, ნანა თათიკაშვილი, ეკატერინე (ეკა) ანდრონიკაშვილი, ლია გიორგაძე, ედიშერ მაღალაშვილი, ნუგზარ ხიდურელი, მაკა გუგუშვილი, კონსტანტინე (მინდია) ესაძე, ბადრი კორკოტაძე, მიხეილ (მიშა) გომიაშვილი, ბაადურ (ბადრი) ბეგალიშვილი, ბექა ქავთარაძე, ელენე გელაშვილი, ნუკრი (ნოშრევან) ლურსმანაშვილი, ლევან ათანესიანი, ვიგენ ვართანოვი, ციცინო ესაძე, დიმიტრი (დიტო) ცინცაძე, რეზიკო ესაძე, გივი ბარათაშვილი",http://geocinema.ge/ka/movies/856,http://geocinema.ge/uploads/nophoto.png,ok
439,ჭიდაობას რა უნდა,1986,რეტრო / დრამა,"სს ""ქართული ფილმი""",84,,მიხეილ (უმც) ჭიაურელი,"რეზო ჭეიშვილი, მიხეილ (უმც) ჭიაურელი",გიორგი გერსამია,"ვასილ არაბიძე, მალხაზ კუხაშვილი, გენო ცაავა",ენრი ლოლაშვილი,დიმიტრი გედევანიშვილი,როზა ჯიკაევა,"ოთარ მეღვინეთუხუცესი, დათო გობეჯიშვილი, ლიკა ქავჟარაძე, ლუდმილა ნილსკაია, სოფიკო კალანდაძე, გურამ ნიკოლაიშვილი, რომან რცხილაძე, გივი სიხარულიძე, ზაზა კობერიძე, გივი თოხაძე, თემურ ბიჭიაშვილი, პაატა ბარათაშვილი, ჯემალ ფხაკაძე, ოთარ ზაუტაშვილი, თეიმურაზ ბერიძე",http://geocinema.ge/ka/movies/439,http://geocinema.ge/uploads/old/poster/p439.jpg,ok
244,სამკაული სატრფოსათვის,1971,,"სს ""ქართული ფილმი""",74,,თენგიზ აბულაძე,"თამაზ მელიავა, თენგიზ აბულაძე, აჰმედხან აბუ-ბაქარი",ლომერ ახვლედიანი,"ნიკოლოზ ყაზბეგი, ასხაბ აბაკაროვი",ნოდარ გაბუნია,მიხეილ ნიჟარაძე,გულნარა (გულიკო) ომიაძე,"რამაზ გიორგობიანი, ნანი ბრეგვაძე, ეროსი მანჯგალაძე, გიორგი გეგეჭკორი, რამაზ ჩხიკვაძე, ლეონიდ ენგიბაროვი, ეთერ აბზიანიძე, კახი კავსაძე, ოთარ მეღვინეთუხუცესი, დავით ქობულოვი (ქობულაშვილი), ნატაშა ქვლივიძე, თემურ ჩხიკვაძე, ლეომერ გუგუშვილი, ბესარიონ ხიდეშელი, ირაკლი ნიჟარაძე, ირინა შესტუა, გიორგი ფალავანდიშვილი, ია ხობუა, ია გიგოშვილი",http://geocinema.ge/ka/movies/244,http://geocinema.ge/uploads/old/poster/p244.jpg,ok
417,ბატონი ავანტიურისტები,1985,სათავგადასავლო,"სს ""ქართული ფილმი""",86,,ბიძინა ჩხეიძე,ამირან ჭიჭინაძე,"გიორგი ჭელიძე, ნუგზარ ერქომაიშვილი",ნოდარ სულემანაშვილი,იაკობ ბობოხიძე,ზურაბ ნადარაია,ვასილ დოლენკო,"მამუკა კიკალეიშვილი, ტრისტან სარალიძე, კახი კავსაძე, გივი (გურამ) ფირცხალავა, რამაზ გიორგობიანი, გივი ურუშაძე, გიორგი (გია) მატარაძე, დიმიტრი გონგლიაშვილი, შოთა ქრისტესაშვილი, ნანა მჭედლიძე, კარლო საკანდელიძე, გულჩინა დადიანი, ნინო მესხურაძე, ალექსანდრე (სანდრო) სავიცკი, თიკო ჩხეიძე, ნუკა კაციტაძე, გურამ პეტრიაშვილი, ლერი ზარდიაშვილი, ნიკოლოზ (ბიჭიკო) ანდრონიკაშვილი, ზეინაბ ბოცვაძე, თამარ ქირიკაშვილი, ი. ლილუაშვილი, შალვა გედევანიშვილი, მარინა მადატოვა, თამარ ჩერქეზიშვილი, დავით დავიდ-ზადე, ნ. ჩივაძე",http://geocinema.ge/ka/movies/417,http://geocinema.ge/uploads/old/poster/p417.jpg,ok
363,კროსვორდის ამოხსნის მოყვარულთათვის,1981,დეტექტივი,"სს ""ქართული ფილმი""",76,,ბაადურ წულაძე,"გია ბადრიძე, ბაადურ წულაძე",გივი რაჭველიშვილი,ბორის ცხაკაია,მიხეილ (მიკა) ოძელი,"გურამ შუბლაძე, დიმიტრი გედევანიშვილი",ოფელია გევორქიანი,"გივი (გურამ) ფირცხალავა, ზურაბ ყიფშიძე, თენგიზ წულაია, ვიქტორ ნინიძე, გეგა კობახიძე, ბაადურ წულაძე, გია ბალიაშვილი, ნანა გერასიმოვა, მონიკა გუნია, ივანე საყვარელიძე, გივი თოხაძე, ზურაბ (კუკური) ლაფერაძე, რაფიკა ხაჩატურიანი, გია ბადრიძე, გურამ ჩხარტიშვილი, აბესალომ ლორია, ნ. სკლიარენკო, ა. ქოჩორიანი, თემურ მაღრაძე, მანუჩარ შერვაშიძე, ვიქტორ ბარკოვსკი, ვლადიმერ ივანოვი, რუსუდან (ხათუნა) მჭედლიძე, ნ. მენაბდე, მანანა ორბელიანი",http://geocinema.ge/ka/movies/363,http://geocinema.ge/uploads/nophoto.png,ok
197,"პიერი, მილიციის თანამშრომელი",1965,კინომოთხრობა,"სს ""ქართული ფილმი""",86,,დავით რონდელი,ლევან ჭელიძე,"აბესალომ მაისურაძე, იური ფედნევი",კახი ხუციშვილი,ნუგზარ ვაწაძე,"გულნარა ბერიაშვილი, დავით ლომიძე",ლარისა დიღმელოვა,"იმედა კახიანი, ლალი მესხი, სესილია თაყაიშვილი, დინარა ჟორჟოლიანი, აკაკი (კაკო) კვანტალიანი, მალხაზ გორგილაძე, დავით(დოდო) აბაშიძე, ალექსანდრე (სანდრო) ჟორჟოლიანი, აბესალომ ლორია, კარლო საკანდელიძე, მერაბ თავაძე, ვახტანგ მეგრელიშვილი, ბუხუტი ზაქარიაძე, იპოლიტე ხვიჩია, იოსებ (სოსო) ხაინდრავა, ლევან შენგელია, ვახტანგ ნინუა, ივანე მარქაროვი, ვალერიან გვენცაძე, გრიგოლ კოკელაძე, ვიქტორ დეისაძე, ნოდარ ფირანიშვილი, გურამ ჟვანია, კონსტანტინე (კოტე) თოლორაია, გ. ლასხიშვილი, გელა გიორგაძე, ბაადურ წულაძე, ელენე ყიფშიძე, ერემია სვანაძე, ვაჟა (სულთან) კვიტაიშვილი, ქეთევან კოლხიდელი, ბიჭიკო(კონსტანტინე) ამაღლობელი",http://geocinema.ge/ka/movies/197,http://geocinema.ge/uploads/nophoto.png,ok
088,ნარინჯის ველი,1937,დრამა,"სს ""სახკინმრეწვი""",92,14.06.1937,ნიკოლოზ შენგელაია,"ლეო ქიაჩელი, ნიკოლოზ შენგელაია",ანტონ პოლიკევიჩი,"იოსებ გაბაშვილი, შალვა მამალაძე",იონა ტუსკია,ვლადიმერ კოტოვი,,"ლევან ხოტივარი, ნატო ვაჩნაძე, ვერიკო ანჯაფარიძე, ალექსანდრე (სანდრო) ჟორჟოლიანი, მიხეილ გელოვანი, რიურიკ ჩხეიძე, აკაკი ხორავა, ალექსანდრე წითლიძე, უშანგი ჩხეიძე, ემანუილ აფხაიძე, ილია მამფორია, ზაალ ტერიშვილი, ნინო (ჩიტოლია) ჩხეიძე, ალეანდრა ხოფერია, გიორგი (გიგა) ბრეგვაძე",http://geocinema.ge/ka/movies/088,http://geocinema.ge/uploads/old/poster/p088.jpg,ok
333,ქორწინება იმერულად,1979,კომედია,"სს ""ქართული ფილმი""",145,,"ნელი ნენოვა, გენო წულაია","ალექსანდრე ებანოიძე, მარინა ვიშნევეცკაია, გენო წულაია",იური კიკაბიძე,ჯემალ მირზაშვილი,ნუგზარ ვაწაძე,გარი კუნცევი,ჯულიეტა ბეზუაშვილი,"სესილია თაყაიშვილი, დავით კვირცხალია, მარიამ (მარიკა) ჭიჭინაძე, მიხეილ ვაშაძე, ეთერ მოციქულაშვილი, დავით(დოდო) აბაშიძე, გივი მოდებაძე, ირაკლი აზიკური, რევაზ დარჯანია, ზაქარია (ზაზა) კოლელიშვილი, ზ. მუკმანიანი, ილია ტყემალაძე, ვალენტინა სიომინა, ვასილ კახნიაშვილი, თამარ თვალიაშვილი, რ. ყოჩიაშვილი, ივანე საყვარელიძე, გივი ბერიკაშვილი, ც. წერეთელი, ნინო ბახტაძე, ვაჟა ბრეგვაძე, ლეომერ გუგუშვილი, ქეთევან ესაიაშვილი, ალექსანდრე (სესიკა) კუპრაშვილი, დავით ლომიძე, გია ლორთქიფანიძე, დ. მუმლაძე, ვენერა ნეფარიძე, ე. სხირტლაძე, ლევან უჩანეიშვილი, ი. ქორჩილავა, კ. ყიფიანი, დავით ჩხიკვაძე, ია ცხადაძე, გივი წიქარიძე, ნატო წულაია, იოსებ (სოსო) ხაინდრავა",http://geocinema.ge/ka/movies/333,http://geocinema.ge/uploads/nophoto.png,ok
260,ანარეკლი,1974,,"სს ""ქართული ფილმი""",81,,ოთარ აბესაძე,"თეიმურაზ მაღლაფერიძე, ოთარ აბესაძე",არჩილ ფილიპაშვილი,ვასილ არაბიძე,რევაზ ლაღიძე,ეთერ ჯებაშვილი,ევგენია ბეჟანოვა,"თენგიზ არჩვაძე, მედეა ბიბილეიშვილი, იზა გიგოშვილი, დავით პაპუაშვილი, მარინე თბილელი, ზურაბ (კუკური) ლაფერაძე, თამილა ლასხიშვილი, ბუხუტი ზაქარიაძე, სპარტაკ ბაღაშვილი, კოტე დაუშვილი, მერაბ გეგეჭკორი, გ. დარისპანაშვილი, პავლე ინწკირველი, ვახტანგ ნინუა, იპოლიტე ხვიჩია, გრიგოლ (გიგოლა) თალაკვაძე, ივანე ოსაძე, ნინო ჩხეიძე, დავით ქუთათელაძე, ელისაბედ (ლიზა) ვაჩნაძე, თამაზ თოლორაია, ზანდა იოსელიანი, მალხაზ ბებურიშვილი, ნ. აბესაძე, ხ. დოლიძე, გ. დოლიძე, ნ. მაღლაფერიძე, მაია ტატიშვილი, ლ. გოგიშვილი",http://geocinema.ge/ka/movies/260,http://geocinema.ge/uploads/old/poster/p260.jpg,ok
943,ჩემი თვითმფრინავი,2006,,ეროვნული კინოცენტრი,45,,გიო მგელაძე,გიო მგელაძე,გიორგი ბერიძე,,"ირაკლი ჩარკვიანი, გოგი ძოძუაშვილი, ლევან კიკვიძე",ლევან კიკვიძე,მერაბ ახვლედიანი,"ჯუნა თუთბერიძე, თინანო ჯავახიშვილი, არჩილ ფოცხვერაშვილი, მაკა შალიკაშვილი, დათო ნათიძე, გაგა ნახუცრიშვილი, გიორგი ქორიძე, დათო ქორიძე, გიო მგელაძე, დიმიტრი ბოკერია, დათო კვაჭანტირაძე, შაკო კაპანაძე, ლევან ფირცხალავა, ანა ხერხეულიძე, ლუკა მგელაძე",http://geocinema.ge/ka/movies/943,http://geocinema.ge/uploads/old/poster/p943.jpg,ok
359,ცხელი ზაფხულის სამი დღე,1981,დრამა,"სს ""ქართული ფილმი""",89,,მერაბ კოკოჩაშვილი,"დავით ჯავახიშვილი, ერლომ ახვლედიანი, მერაბ კოკოჩაშვილი",გიორგი გერსამია,გიორგი (გოგი) მიქელაძე,ნოდარ მამისაშვილი,თენგიზ ნანობაშვილი,ჯულიეტა წოწონავა,"კახი კავსაძე, ნინელი ჭანკვეტაძე, რამაზ ჩხიკვაძე, ოთარ (I) ლითანიშვილი, ერლომ ახვლედიანი, გია ფერაძე, სულიკო ჟღენტი, ციცინო ციციშვილი, მარინა ჯორჯაძე, აბრეკ ფხალაძე, ნანული პირველი, თამარ თვალიაშვილი, დავით ჩხიკვაძე, გიორგი (გოგი) მარგველაშვილი, გალინა ბერაძე, ლერი გაფრინდაშვილი, ბერტა ხაფავა, ანა ნიჟარაძე, რამაზ იოსელიანი",http://geocinema.ge/ka/movies/359,http://geocinema.ge/uploads/old/poster/p359.jpg,ok
277,გლადიატორი,1972,,"სს ""ქართული ფილმი""",16,,ბაადურ წულაძე,თამაზ მელიავა,ნიკოლოზ სუხიშვილი,გიორგი (გოგი) ალექსი-მესხიშვილი,გია ყანჩელი,ვილჰელმ გოგიჩაიშვილი,ზიზო ქურხული,"ვახტანგ ნინუა, ლეო ანთაძე, გურამ ნიკოლაიშვილი, ბაადურ წულაძე, ლეილა შოთაძე, ვ. უსპენსკი, ზურაბ ქაფიანიძე, ა. ბეჟუაშვილი, აბესალომ ლორია, ელგუჯა ბეჟუაშვილი",http://geocinema.ge/ka/movies/277,http://geocinema.ge/uploads/old/poster/p277.jpg,ok
560,წკიპურტები,1973,კინონოველა,კომპანია ”ქართული ტელეფილმი”,65,,რეზო ესაძე,"რეზო ესაძე, ფრიდრიხ გორენშტეინი",იური ვორონცოვი,თენგიზ სამსონაძე,იაკობ ბობოხიძე,მერაბ გვანცელაძე,მზია გვაზავა,"რამაზ ჩხიკვაძე, ია ხობუა, ჯემალ გაგნიძე, გიორგი ტატიშვილი, კარლო საკანდელიძე, რეზო ესაძე, კახი კავსაძე, იური ვასაძე, ნოდარ პეტრიაშვილი, ნოდარ ფირანიშვილი, ზურაბ ქაფიანიძე, ლეო ანთაძე, ბუხუტი ზაქარიაძე, ბაადურ (ბადრი) ბეგალიშვილი, გია ფერაძე, ოთარ ზაუტაშვილი, დავით პაპუაშვილი, გიორგი (გია) მატარაძე, თამარ თეთრაძე, ლამარა დორეული, გიორგი (გოგი) ქავთარაძე, ნატო გაგნიძე",http://geocinema.ge/ka/movies/560,http://geocinema.ge/uploads/nophoto.png,ok
701,ლოლიტა,1991,დრამა,კომპანია ”ქართული ტელეფილმი”,75,,რამაზ გიორგობიანი,"რამაზ გიორგობიანი, ბესარიონ მაღლაკელიძე",გივი ყურელი,გიგა ლაპიაშვილი,გიორგი (გოგი) ჩლაიძე,მერაბ გვანცელაძე,ვერა შიშმაკოვა–ნიკოლაძე,"რამაზ გიორგობიანი, მზია არაბული, ეკა ქუთათელაძე, იოსებ (სოსო) ხაინდრავა, თორნიკე თხილავა, ვარლამ ნიკოლაძე, ტრისტან სარალიძე, ბონდო გოგინავა, ბესარიონ მაღლაკელიძე, იოსებ (სოსო) ლაღიძე, ვატო ციციშვილი, ამირან ბუაძე, აბესალომ ლორია, ალექსანდრე (სანდრო) სავიცკი, ბერტა ხაფავა, ვაჟა ფირცხალაიშვილი, ნანა მჭედლიძე, მამუკა ლორია, გივი ჯაჯანიძე, მიხეილ (მამუკა) ხერხეულიძე, თემურ გვალია",http://geocinema.ge/ka/movies/701,http://geocinema.ge/uploads/nophoto.png,ok
145,ზვიგენის კბილი,1959,კინომოთხრობა,"სს ""ქართული ფილმი""",71,20.06.1960,შალვა გედევანიშვილი,ოთარ ჩიჯავაძე,"არჩილ ფილიპაშვილი, ბორის ბურავლიოვი","ილამაზ (ზურაბ) მეძმარიაშვილი, ტატიანა კრიმკოვსკაია",რევაზ ლაღიძე,"დავით ლომიძე, ევგენი მასსი",,"საბრი ჩოლოევი, რეზო მჭედლიშვილი, გოგი თვალავაძე, კირა ანდრონიკაშვილი, გიორგი შავგულიძე, ზურაბ (კუკური) ლაფერაძე, არსენ აბრამიშვილი, ალექსანდრე (სესიკა) კუპრაშვილი, ილია ნაბატოვი, ვახტანგ ბაბუნაშვილი, ერასტი ბილანიშვილი, მ. ლეზგიშვილი, თემურ ჩაჩავა, მაკა ცქიტიშვილი, ალექსანდრე კვალიაშვილი, თ. გერსამია, ბ. რიშკოვი, ა. ჯორბენაძე",http://geocinema.ge/ka/movies/145,http://geocinema.ge/uploads/nophoto.png,ok
795,"ყაჩაღები, თავი VII",1996,კინოფანტაზია,"სს ""ქართული ფილმი""",120,,ოთარ იოსელიანი,ოთარ იოსელიანი,იულიამ ლუბჩანსკი,ემანუელ ჩაუვიგნი,ნიკოლას ზურაბიშვილი,,"მარიე–აგნეს ბლუმი, ოთარ იოსელიანი, ელვირე ლერნერი","ამირან ამირანაშვილი, დავით გოგიბედაშვილი, გია (გიო) ცინცაძე, ნინო ორჯონიკიძე, ალექსი ჯაყელი, ნიკო ქარცივაძე, ქეთი კაპანაძე, დათო ტარიელაშვილი, ნიკო ტარიელაშვილი, მარინა ქარცივაძე, კახი მაისურაძე, ემანუელ ჩაუვიგნი, ნარდა ბლანჩეტი, ანა–მარიე ეიზენშიცი",http://geocinema.ge/ka/movies/795,http://geocinema.ge/uploads/old/poster/p795.jpg,ok
003,მოძღვარი,1922,მუნჯი / დრამა,"""განსახკომის"" კინოსექცია",54,26.04.1926,ვლადიმერ ბარსკი,შალვა დადიანი,ალექსანდრე დიღმელოვი,,,,,"შალვა დადიანი, გიორგი დავითაშვილი, ელენე ჩარსკაია, მ. ალიბეგოვა, ვალერიან გუნია, მარგალიტა ბარსკაია, ალექსანდრე იმედაშვილი, იუზა ზარდალიშვილი, ზაალ ტერიშვილი, თამარ თოიძე",http://geocinema.ge/ka/movies/003,http://geocinema.ge/uploads/nophoto.png,ok
335,მეცამეტე გოჭი,1979,კომედია,"სს ""ქართული ფილმი""",47,,რევაზ ჭარხალაშვილი,სულიკო ჟღენტი,იგორ ამასიისკი,ნიკოლოზ ყაზბეგი,ნუგზარ ვაწაძე,თენგიზ ნანობაშვილი,ოფელია გევორქიანი,"სესილია თაყაიშვილი, ზურაბ ქაფიანიძე, ლია გუდაძე, ევა ხუტუნაშვილი, გრიგოლ (გიგოლა) თალაკვაძე, ზურაბ (კუკური) ლაფერაძე, კახი კავსაძე, ბაადურ წულაძე, აბესალომ ლორია, გივი თოხაძე, ლევან (ლეო) სოხაშვილი, ზოზო (იასონ) ბაქრაძე, ნათელა ფალიაშვილი, ივანე ნინუა, გია ფერაძე, ამირან ბუაძე, თამარ სხირტლაძე, იოსებ (სოსო) ხაინდრავა, ვასილ ივანიძე, ვლადიმერ ჩიტიშვილი, გიორგი ჟუჟუნაშვილი",http://geocinema.ge/ka/movies/335,http://geocinema.ge/uploads/old/poster/p335.jpg,ok
183,თეთრი ქარავანი,1963,კინომოთხრობა,"სს ""ქართული ფილმი""",97,17.08.1964,"ელდარ შენგელაია, თამაზ მელიავა",მერაბ ელიოზიშვილი,"ლეონიდ კალაშნიკოვი, გიორგი კალატოზიშვილი","დიმიტრი თაყაიშვილი, ქრისტესია ლებანიძე",ირაკლი გეჯაძე,მიხეილ ნიჟარაძე,ნელი სარადოვა,"იმედა კახიანი, არიადნა შენგელაია, გიორგი კიკაძე, სპარტაკ ბაღაშვილი, ნ. კალაფიდინი, მერაბ ელიოზიშვილი, კონსტანტინე (კოტე) თოლორაია, დავით(დოდო) აბაშიძე, ალექსანდრე (სესიკა) კუპრაშვილი, იოსებ (სოსო) თარალაშვილი, ვალენტინ დონღუზაშვილი, აკაკი (კაკო) კვანტალიანი, გრიგოლ ტყაბლაძე, უ. რაშიდოვი, ლეო (ლევან) ფილფანი, შალვა ლორთქიფანიძე, გ. ისაევა, დურმიშხან ხულორდავა, ა. აბოვიანი, ვ. ბოჭორიშვილი, ა. წიკლაური",http://geocinema.ge/ka/movies/183,http://geocinema.ge/uploads/nophoto.png,ok
541,სიბრძნე სიცრუისა,1991,,"სს ""ქართული ფილმი""",92,,ნანა ხატისკაცი,ნანა ხატისკაცი,დავით მეფარიშვილი,გენო ცაავა,,"გარი კუნცევი, თენგიზ თოდაძე",სოფიო მაჩაიძე,"ზურაბ მაღალაშვილი, ბონდო გოგინავა, გივი ჭიჭინაძე, გიორგი თურქიშვილი, გია აბესალაშვილი, პაატა მოისწრაფიშვილი, გენო ცაავა, ია ფარულავა, მანანა მენაბდე, მარი (მარინა) ჯანაშია, ბაია (ბარბარე) დვალიშვილი, ეკა ქუთათელაძე, კახი კავსაძე, ლელა ალიბეგაშვილი, ნინო არსენიშვილი, თამუნა კახიძე, ირინა კახიძე, გიორგი გეგეჭკორი, ედიშერ მაღალაშვილი, ჟანრი ლოლაშვილი, დიმიტრი (დიმა) ხვთისიაშვილი",http://geocinema.ge/ka/movies/541,http://geocinema.ge/uploads/nophoto.png,ok
986,რაც ყველაზე ძალიან გიყვარს,2008,,ფორმულა კრეატივი,112,,გიორგი ლიფონავა,"მიშა მშვილდაძე, ირაკლი საღინაძე, ნიკა (დრუპი) რამიშვილი, გიგა ნასარიძე",გიორგი შველიძე,ვახტანგ კაკულია,"არჩილ გულედანი, ბექა ჯაფარიძე",ნიკოლოზ ფანიაშვილი,გიორგი ლიფონავა,"ვანო თარხნიშვილი, ანა სანაია, ზურა (შონზო) გაჩეჩილაძე, ნიკა (დრუპი) რამიშვილი, გიორგი კალანდარიშვილი, გიორგი კალანდაძე, გია ცინაძე, ნათია წიწილაშვილი, თაკო აბაშიძე, ნინო მუმლაძე, ადელინა გოგუაძე, დევი დევიძე, დიმიტრი ტატიშვილი, ვასილ (ვასიკო) ოდიშვილი, გუგა კახიანი, თორნიკე კალანდარიშვილი, ბექა გოცირიძე, ირაკლი კლიმიაშვილი",http://geocinema.ge/ka/movies/986,http://geocinema.ge/uploads/old/poster/p986.jpg,ok
214,მალე გაზაფხული მოვა,1967,,"სს ""ქართული ფილმი""",76,,ოთარ აბესაძე,"ოტია იოსელიანი, თეიმურაზ მაღლაფერიძე, ოთარ აბესაძე",აბესალომ მაისურაძე,შოთა გოგოლაშვილი,არჩილ კერესელიძე,დავით ლომიძე,მილდა რომანოვა,"სერგო ზაქარიაძე, სესილია თაყაიშვილი, თენგიზ არჩვაძე, ნუგზარ მაჭავარიანი, ლია ელიავა, ქეთევან ჯორჯაძე, კარლო საკანდელიძე, დიმიტრი კაპკა, იპოლიტე ხვიჩია, დავით(დოდო) აბაშიძე, მიხეილ ვაშაძე, ვალერიან გვენცაძე, ელენე ყიფშიძე, ეკატერინე ვერულეიშვილი, ლალი მესხი, ელგუჯა ბეჟუაშვილი, მარლენ ეგუტია, აკაკი (კაკო) ბაქრაძე, მერაბ გეგეჭკორი, რენე აბესაძე, მალხაზ ბებურიშვილი, როსტომ ლორთქიფანიძე, ალექსანდრე (სესიკა) კუპრაშვილი, ვალენტინ დონღუზაშვილი",http://geocinema.ge/ka/movies/214,http://geocinema.ge/uploads/nophoto.png,ok
3019,ქალები საქართველოდან,2008,,შპს კინოსტუდია ”დამოუკიდებელი კინოპროექტი ”,53,,ლევან კოღუაშვილი,ლევან კოღუაშვილი,"კირილე მიხანოვსკი, ლაილ ვინსენტი",,,ლევან კოღუაშვილი,,,http://geocinema.ge/ka/movies/3019,http://geocinema.ge/uploads/old/poster/p3019.jpg,ok
319,XIX საუკუნის ქართული ქრონიკა,1978,დრამა / იგავი,"სს ""ქართული ფილმი""",67,,ალექსანდრე (საშა) რეხვიაშვილი,"რეზო კვესელავა, ანზორ ჯუღელი, ალექსანდრე (საშა) რეხვიაშვილი",გური (გურამ) შენგელაია,"ამირ კაკაბაძე, დავით ლურსმანაშვილი",ვახტანგ კუხიანიძე,ვილჰელმ გოგიჩაიშვილი,ნელი დევნოზაშვილი,"მამუკა სალუქვაძე, ვარლამ (ვალოდია) წულაძე, ცუცა მეძმარიაშვილი, თენგიზ მაღალაშვილი, დარეჯან ხარშილაძე, რამაზ ჩხიკვაძე, კარლო საკანდელიძე, რამაზ გიორგობიანი, იური ჯიჯეიშვილი, შუქრი გოგიტიძე, ოთარ ზაუტაშვილი, ლ. გობრონიძე, მ. გოგიბერიძე, ივანე საყვარელიძე, გივი ჩუგუაშვილი, ამირ კაკაბაძე, ფ. ხინთიბიძე, მაია ცინცაბაძე, თამაზ დანელია, სერგო სულავა, ავთანდილ მაჩაიძე, ტომა მამალაძე",http://geocinema.ge/ka/movies/319,http://geocinema.ge/uploads/old/poster/p319.jpg,ok
514,ამხანაგ სტალინის მოგზაურობა აფრიკაში,1990,კომედია,"სს ""ქართული ფილმი""",73,,ირაკლი კვირიკაძე,ირაკლი კვირიკაძე,დენის ევსტეგნეევი,გიორგი (გოგი) მიქელაძე,,გურამ შუბლაძე,,"რამაზ ჩხიკვაძე, ჟანრი ლოლაშვილი, ზურაბ ყიფშიძე, გრიგორის კარანტინაკის, რამაზ გიორგობიანი, იოსებ (სოსო) ლაღიძე, ელენა კოსტინა",http://geocinema.ge/ka/movies/514,http://geocinema.ge/uploads/nophoto.png,ok
374,მე დავბრუნდები,1982,მელოდრამა,"სს ""ქართული ფილმი""",79,,მერაბ თავაძე,"მერაბ თავაძე, იური კვაჭაძე",დავით სხირტლაძე,ნიკოლოზ ყაზბეგი,ბიძინა (ალექსანდრე) კვერნაძე,ვილჰელმ გოგიჩაიშვილი,ნაზი (ლეილა) მუხიგულაშვილი,"რეზო ჩხიკვიშვილი, გია გამყრელიძე-ძნელაძე, ჯემალ ნიორაძე, რუსუდან (ხათუნა) მჭედლიძე, ბადრი კობახიძე, ნინელი ჭანკვეტაძე, გიორგი ნაზარენკო, ელენე ანტონენკო, ვიქტორ შერბაკოვი, ბორის პეტრიუხინი, იზა გიგოშვილი, ამირან ბუაძე, რუსლან მიქაბერიძე, თემურ გვალია, გენად გარბუნი, გერონ კულიჩინი, ირაკლი ჭავჭანიძე, თამარ თარხნიშვილი, გრიგოლ წიტაიშვილი, დინარა ჟორჟოლიანი, შალვა გედევანიშვილი, პეტრე გრუზინსკი, ოთარ ვეფხვაძე, ნესტან შარია, გიორგი ვეფხვაძე, რევაზ იმნაიშვილი, ნიკოლოზ (ნიკა) თავაძე, გ. მარგიშვილი, ა. გარნიცკი, ვასილ მოლოდცოვი, ვლადიმერ ნიკოლაიშვილი, გურამ პეტრიაშვილი, ნათელა ფარცვანია",http://geocinema.ge/ka/movies/374,http://geocinema.ge/uploads/nophoto.png,ok
185,ზღვის შვილები,1964,,"სს ""ქართული ფილმი""",99,,კონსტანტინე პიპინაშვილი,"გიორგი ხუხაშვილი, კონსტანტინე პიპინაშვილი",გიორგი ჭელიძე,ევგენი მაჭავარიანი,გია ყანჩელი,რაფიელ კეზელი,,"კოტე დაუშვილი, ირაკლი უჩანეიშვილი, ოთარ კობერიძე, ლია ელიავა, ნოდარ მგალობლიშვილი, მანანა ეგაძე, დავით(დოდო) აბაშიძე, ვახტანგ ნინუა, როდამ ჭელიძე, ლია კაპანაძე, ალექსანდრე (სესიკა) კუპრაშვილი, კარლო საკანდელიძე, ნოდარ ფირანიშვილი, მანუჩარ შერვაშიძე, იოსებ (სოსო) ლაღიძე, იუსუფ (იოსებ) კობალაძე, თინათინ სეფერთელაძე, თენგიზ დაუშვილი, მერაბ (მურად) ხინიკაძე, მაია პიპინაშვილი, კარლო ღლონტი",http://geocinema.ge/ka/movies/185,http://geocinema.ge/uploads/nophoto.png,ok
198,ქორწილი,1964,კომედია,კომპანია ”ქართული ტელეფილმი”,21,,მიხეილ კობახიძე,მიხეილ კობახიძე,ნიკოლოზ სუხიშვილი,გივი გიგაური,,თენგიზ ნანობაშვილი,,"გიორგი (გოგი) ქავთარაძე, ნანა ქავთარაძე, ეკატერინე ვერულეიშვილი, ბაადურ წულაძე",http://geocinema.ge/ka/movies/198,http://geocinema.ge/uploads/nophoto.png,ok
268,აურზაური სალხინეთში,1975,მიუზიკლი,"სს ""ქართული ფილმი""",82,,ლანა ღოღობერიძე,"ზაირა არსენიშვილი, ლანა ღოღობერიძე",ლომერ ახვლედიანი,"გივი გიგაური, ილამაზ (ზურაბ) მეძმარიაშვილი",ნოდარ გაბუნია,ვლადიმერ დოლიძე,ლუსია ვარტიკიანი,"ნადეჟდა ხარაძე, სოფიკო ჭიაურელი, კახი კავსაძე, ნინო ანანიაშვილი, გეგა კობახიძე, ნ. მალაზონია, ირმა გიგაური, ზურაბ კიკალეიშვილი, მარია ბაუერი, მარინე თბილელი, გურანდა გაბუნია, ელენე (ლიკა) ჭავჭავაძე, ნანული სარაჯიშვილი, ნ. ბერელაშვილი, სოფიკო მაღალაშვილი, მაია კაჭარავა, ე. გურევიჩი, ს. მაჩაიძე, ს. გრიგორიადისი, დიმიტრი თაყაიშვილი, ზურაბ (კუკური) ლაფერაძე, გიორგი გეგეჭკორი, გია ავალიშვილი, ჯემალ ღაღანიძე, ზოზო (იასონ) ბაქრაძე, ვასილ ჩხაიძე, ბაადურ წულაძე, დავით პაპუაშვილი, ქეთი ალექსი-მესხიშვილი",http://geocinema.ge/ka/movies/268,http://geocinema.ge/uploads/nophoto.png,ok
398,გაზაფხული გადის,1983,,"სს ""ქართული ფილმი""",69,,ნოდარ მანაგაძე,ნოდარ მანაგაძე,აბესალომ მაისურაძე,შოთა გოგოლაშვილი,ნოდარ გაბუნია,"ვაჟა მაჩაიძე, გურამ გოგუა",ნელი დევნოზაშვილი,"ერეკლე კუხიანიძე, მარეხი ლიქოკელი, თამრიკო ჩიჩუა, ელგუჯა ბურდული, მერაბ კომახიძე, მ. ბორსტი, ზაზა ბაბუნაშვილი, მ. შიშნიაშვილი, მ. მამალაძე, ე. ერისთავი, პ. მამულაშვილი, ლია ბახტაძე, გ. კიკნაძე, გ. სამხარაძე",http://geocinema.ge/ka/movies/398,http://geocinema.ge/uploads/nophoto.png,ok
460,ჩემი ბოშები,1987,,"სს ""ქართული ფილმი""",76,,ლეილა გორდელაძე,ლეილა გორდელაძე,იგორ კრეპსი,გია ლაფერაძე,იოსებ კეჭაყმაძე,ვლადიმერ ნიკონოვი,"ოფელია გევორქიანი, ქეთევან თაღნიაშვილი","მიტო მაჭუტაძე, ნაზი კეჭაყმაძე, სვეტლანა ტომა, არტურ ჟუკოვი, რედიკა სანდუ, ვლადიმერ საკიზჩი, მიხაი ფუსუ, გელა გიორგაძე, კახა გიორგაძე, რუსუდან ქვლივიძე, მიხეილ ვაშაძე, სონია გორშკოვა, გულჩინა დადიანი, ცისანა გოქსაძე, გოჩა ყურაშვილი, თამარ მამულაშვილი, გოვენ ჭეიშვილი, იური ჯიჯეიშვილი, ე. ნეგრუ, ა. კოვალსკაია, პავლე ლომინაძე, ი. ახვერდოვა, ე. ტუღუში, ზ. რატიეშვილი, ტ. მელუა, მ. კორინთელი, ნ. სალუქვაძე, ნ. გეგენავა, ბ. სიხარულიძე, თამთა გოგუაძე, ზ. ნაზაროვი, ლ. მორჩილაძე, შ. თანდიაშვილი, პ. პატეიშვილი",http://geocinema.ge/ka/movies/460,http://geocinema.ge/uploads/nophoto.png,ok
137,მე ვიტყვი სიმართლეს,1957,,"სს ""ქართული ფილმი""",80,04.07.1958,ლევან ხოტივარი,"ორდე დგებუაძე, ლევან ხოტივარი",არჩილ ფილიპაშვილი,"ლეონიდ მამალაძე, ილამაზ (ზურაბ) მეძმარიაშვილი",ოთარ თაქთაქიშვილი,როსტისლავ ლაპინსკი,,"ოთარ კობერიძე, ზურაბ (კუკური) ლაფერაძე, აკაკი ვასაძე, მარინა ახვლედიანი, დავით(დოდო) აბაშიძე, გიორგი შავგულიძე, გიორგი გელოვანი, ნინო კაკაბაძე, გიორგი ქორიძე, მიხეილ მგელაძე, მიხეილ სულთანიშვილი, შალვა ბეჟუაშვილი, გიორგი გაბელაშვილი, კირილე მაჭარაძე, ალექსანდრე ომიაძე, ია ხობუა, გრიგოლ კოსტავა",http://geocinema.ge/ka/movies/137,http://geocinema.ge/uploads/old/poster/p137.jpg,ok
621,მეოთხე თვის პირველი დღე,2003,,"სს ""ქართული ფილმი""",15,,გენო ცაავა,გენო ცაავა,ბადრი ბარქაია,გენო ცაავა,ვახტანგ ბერიკაშვილი,"ირაკლი ქაცარავა, თენგიზ თოდაძე",ნელი დევნოზაშვილი,"პაატა მოისწრაფიშვილი, ნინო თარხან-მოურავი, ია ფარულავა",http://geocinema.ge/ka/movies/621,http://geocinema.ge/uploads/old/poster/p621.jpg,ok
111,ჯურღაის ფარი,1944,ფილმი-კონცერტი,თბილისის კინოსტუდია,68,27.07.1944,"სიკო დოლიძე, დავით რონდელი","გიორგი ლეონიძე, სიკო დოლიძე, დავით რონდელი","კონსტანტინე კუზნეცოვი, ანტონ პოლიკევიჩი",ევგენი მაჭავარიანი,"ზაქარია ფალიაშვილი, ანდრია ბალანჩივაძე, ა. სეროვი, გრიგოლ კილაძე, აკაკი ანდრიაშვილი, დიმიტრი არაყიშვილი, მელიტონ ბალანჩივაძე, ვანო მურადელი",ვლადიმერ დოლიძე,ვასილ დოლენკო,"ქეთო ჯაფარიძე, მედეა ჯაფარიძე, ნუცა მიქელაძე, დუდუხანა წეროძე, დავით ბადრიძე, დავით გამრეკელი, მიხეილ გრიშკო, ნიკოლოზ ჩასტი, გრიგოლ გრიგორაშვილი, ვახტანგ ჭაბუკიანი, ელენე (ლილი) გვარამაძე, ირაკლი (ჯანო) ბაგრატიონი, ნინო (ჩიტოლია) ჩხეიძე, ირაკლი ნიჟარაძე, ილია მამფორია, დავით ჩხეიძე, ალექსანდრე აფხაიძე, გიორგი გელოვანი, ზაალ ტერიშვილი, კირილე მაჭარაძე, კოტე დაუშვილი, ირაკლი ქოქრაშვილი, პეტრე მორსკოი, შალვა ხუსკივაძე",http://geocinema.ge/ka/movies/111,http://geocinema.ge/uploads/nophoto.png,ok
195,"ბოდიში, თქვენ გელით სიკვდილი",1965,,"სს ""ქართული ფილმი""",73,,ყარამან (გუგული) მგელაძე,"არლი თაყაიშვილი, ზურაბ ჯაფარიძე",გივი რაჭველიშვილი,გივი გიგაური,ირაკლი გეჯაძე,ოთარ გეგეჭკორი,,"სესილია თაყაიშვილი, ეროსი მანჯგალაძე, იპოლიტე ხვიჩია, მავრ პიასეცკი, დალი რატიანი, სერგო ორჯონიკიძე, ელენე ყიფშიძე, დალი წერეთელი, გივი თოხაძე, ნოდარ ფირანიშვილი, ალექსანდრე (სესიკა) კუპრაშვილი, რევაზ ხობუა, გიორგი (გოგი) ქავთარაძე, ჯემალ ღაღანიძე, გიორგი ჟუჟუნაშვილი, დიმიტრი ყიფიანი, ვაჟა (სულთან) კვიტაიშვილი, ეკატერინე ვერულეიშვილი, ოთარ ზაუტაშვილი, არჩილ გომიაშვილი, დავით(დოდო) აბაშიძე",http://geocinema.ge/ka/movies/195,http://geocinema.ge/uploads/old/poster/p195.jpg,ok
1022,სეზონი,2010,,სტუდია კვადრატი,101,,დავით ბორჩხაძე,"გურამ მეგრელიშვილი, თეზო გობეჩია, დავით ბორჩხაძე",ომარ გელაშვილი,დოდო ჩხეიძე,"დავით ევგენიძე, ლაშა აბაშმაძე","გიორგი გვარჯალაძე, პაატა გოძიაშვილი",დავით ბორჩხაძე,"ნიკა ბახტაძე, რატი ბაქრაძე, რეზი გოგეშვილი, ჯეჯი სხირტლაძე, თიკო დალაქიშვილი, ლიკა ქორქია, სალომე ბეზარაშვილი, ვაჟა ქოქრაშვილი",http://geocinema.ge/ka/movies/1022,http://geocinema.ge/uploads/old/poster/p1022.jpg,ok
286,პასტორალი,1975,,"სს ""ქართული ფილმი""",91,,ოთარ იოსელიანი,"ოთარ იოსელიანი, რევაზ ინანიშვილი, ოთარ მეხრიშვილი",აბესალომ მაისურაძე,ვახტანგ რურუა,,ეკატერინე პოპოვა-ევანსი,"ჯულიეტა ბეზუაშვილი, გულნარა (გულიკო) ომიაძე, ცისანა ციხისელი","ნესტორ ფიფია, რევაზ ჭარხალაშვილი, ლია თოხაძე-ჯუღელი, მარინა ქარცივაძე, მაია მაცაბერიძე, ვახტანგ ერემაშვილი, თამარ გაბარაშვილი, ნუკრი დავითაშვილი, მიხეილ ნანეიშვილი, ნანა (I) იოსელიანი, ლერი ზარდიაშვილი, ქსენია ფიფია, პავლე რუხაია, ა. წოწონავა, ჯ. აბრამოვი, ვ. ქარდავა, ზ. თოფურია, ა. კვაშილავა, ძ. ლიპარტია, ტ. კვაშილავა, ჯ. ლიპარტია, ა. გადელია, მ. გიორბელიძე, გ. ქარდავა, თ. თოდუა, ფ. ქარდავა, ვ. ლიპარტია, ს. ქარდავა, გ. ციმინტია, რ. ქარდავა",http://geocinema.ge/ka/movies/286,http://geocinema.ge/uploads/old/poster/p286.jpg,ok
846,გაჭედილები (ენკი–ბენკი),2003,,ეროვნული კინოცენტრი,80,,ყარამან (გუგული) მგელაძე,ყარამან (გუგული) მგელაძე,მიხეილ მაღალაშვილი,გივი გიგაური,გოგი ძოძუაშვილი,ზეზვა ფოჩხიძე,გიორგი (გოგა) მჭედლიშვილი,"ოთარ მეღვინეთუხუცესი, გურანდა გაბუნია, გივი სიხარულიძე, ბიძინა ჩხეიძე, ედიშერ მაღალაშვილი, თამაზ თოლორაია, აბესალომ ლორია",http://geocinema.ge/ka/movies/846,http://geocinema.ge/uploads/old/poster/p846.jpg,ok
679,სამი ამბავი ტელეფონით,1984,,კომპანია ”ქართული ტელეფილმი”,24,,ნარგიზა გარდაფხაძე,ნარგიზა გარდაფხაძე,თენგიზ ლომიძე,"მალხაზ კუხაშვილი, ნოდარ ბადურაშვილი, ნელი ოქროპირიძე",კახა ცაბაძე,მერაბ გვანცელაძე,ნინო აბაშიშვილი,"გიორგი გურგულია, სოფიკო კალანდაძე, ინა სიხარულიძე, სოლომონ (ოტო) გორთამაშვილი, ნიკა დავლალაშვილი, მაკა გარდაფხაძე, ნესტან ვარდიაშვილი",http://geocinema.ge/ka/movies/679,http://geocinema.ge/uploads/nophoto.png,ok
553,რევანში,1981,,კომპანია ”ქართული ტელეფილმი”,30,,ოთარ შამათავა,"ოთარ შამათავა, გარსევან ბიჭიაშვილი",იგორ კრეპსი,თენგიზ სამსონაძე,თამაზ ყურაშვილი,მერაბ გვანცელაძე,ინა კრეპსი,"ანა ნიჟარაძე, ნიკა ხაზარაძე, ნანა ფაჩუაშვილი, ეკა ვიბლიანი, ოლღა (ლალა) თაბუკაშვილი, ნატაშა შენგელაია",http://geocinema.ge/ka/movies/553,http://geocinema.ge/uploads/nophoto.png,ok
120,გაზაფხული საკენში,1950,,თბილისის კინოსტუდია,92,16.01.1951,ნიკოლოზ სანიშვილი,ნიკოლოზ სანიშვილი,"ალექსანდრე დიღმელოვი, დავით კანდელაკი","რევაზ მირზაშვილი, ქრისტესია ლებანიძე",არჩილ კერესელიძე,როსტისლავ ლაპინსკი,ვასილ დოლენკო,"ედიშერ მაღალაშვილი, ლიანა ასათიანი, ივანე გვინჩიძე, ალექსანდრე ომიაძე, ლეილა აბაშიძე, გიორგი შავგულიძე, ალექსანდრე (სანდრო) ჟორჟოლიანი, შალვა ღამბაშიძე, მიხეილ სარაული, კოტე დაუშვილი, გიორგი ქორიძე, ვახტანგ ნინუა, ალექსანდრე კვალიაშვილი, ირინე მაღალაშვილი",http://geocinema.ge/ka/movies/120,http://geocinema.ge/uploads/old/poster/p120.jpg,ok
782,პრემიერა,1991,დრამა,"სს ""ქართული ფილმი""",100,,გრიგოლ (გიგა) ლორთქიფანიძე,"ლალი როსება, გრიგოლ (გიგა) ლორთქიფანიძე",ლევან ნამგალაშვილი,კახი ხუციშვილი,ბიძინა (ალექსანდრე) კვერნაძე,დიმიტრი გედევანიშვილი,ნანა არეშიძე,"თენგიზ არჩვაძე, ქეთევან კიკნაძე, ნინო თარხან-მოურავი, გიორგი (გია) ბურჯანაძე, ნანა ლორთქიფანიძე, ნინო ჩხეიძე, თამარ (II) დათუაშვილი, რეზო ჩხიკვიშვილი, ზურაბ ცინცქილაძე, იური ვასაძე, ბაადურ (ბადრი) ბეგალიშვილი, ირაკლი დათუკიშვილი, ჯონი ჯანჯალაშვილი, ჯიბო თალაკვაძე, ი. ქუთათელაძე, ქ. კობახიძე, ან. ნებიერიძე, ოთარ ბახტაძე",http://geocinema.ge/ka/movies/782,http://geocinema.ge/uploads/old/poster/p782.jpg,ok
323,სათადარიგო ბორბალი,1978,,"სს ""ქართული ფილმი""",20,,ამირან დარსაველიძე,რევაზ (რეზო) გაბრიაძე,,შოთა გოგოლაშვილი,ნანა ავალიშვილი,გურამ შუბლაძე,ევგენია ბეჟანოვა,"ლიკა ქავჟარაძე, გიორგი (გოგი) ქავთარაძე, ეთერ მოციქულაშვილი, შალვა გედევანიშვილი, აბესალომ ლორია, ლეილა შოთაძე, შალვა ჯანიაშვილი, არჩილ მაჩაბელი, ნოდარ სოხაძე",http://geocinema.ge/ka/movies/323,http://geocinema.ge/uploads/nophoto.png,ok
890,ვალი,2005,,"სტუდია ""ახალი ქართული ფილმები""",15,,ლევან კოღუაშვილი,ლევან კოღუაშვილი,"კირილე მიხანოვსკი, ადამ უელში",,,"ანდრეი პროკოპენკო, დავით ლეჟავა, არუნ ჩოდჰარი",ლევან კოღუაშვილი,"ნიკო აბაზაძე, ვახტანგ კიზირია, მარკ სტოუნი, ბილი უელანი, დავით ბუზიკაშვილი, ვახტანგ მუსბლიანი, კახა ხორბალაძე, აჩიკო ნიკოლაიშვილი, გია ჯოჯიშვილი, თორნიკე ბზიავა, იოსებ მიკუტიშვილი, ჯემალ ჯანიაშვილი, გიორგი ხარაზიშვილი, გიორგი მჭედლიშვილი, თამაზ ხავბლაშვილი, შოკან ალიხანოვი",http://geocinema.ge/ka/movies/890,http://geocinema.ge/uploads/nophoto.png,ok
008,მამის მკვლელი,1923,მუნჯი / დრამა,"სს ""სახკინმრეწვი""",61,06.05.1924,ამო ბეკ-ნაზაროვი,ამო ბეკ-ნაზაროვი,სერგეი ზაბოზლაევი,"ვალერიან სიდამონ–ერისთავი, კ. ტირი",,,,"ვასილ (ვასო) არაბიძე, ბეჟანოვა, ნატო ვაჩნაძე, ვანო სარაჯიშვილი, კოტე ანდრონიკაშვილი, აკაკი ვასაძე, ნიკო გვარაძე, ზაქარია ბერიშვილი, ელენე (ჩუტა) ერისთავი-ჟღენტი, პავლე ესიკოვსკი, შალვა ელიაშვილი, ვალერიან გუნია, გარსევან გომართელი, ვლადიმერ (ლადო) გვიშიანი, ზაალ ტერიშვილი, თამარ თოიძე, ნიკოლოზ ნაგორნი",http://geocinema.ge/ka/movies/008,http://geocinema.ge/uploads/ზომაშეცვლილი/მამის მკვლელი.jpg,ok
719,მარტოობის ორდენის კავალერი,1999,ვიდეოფილმი / დრამა,G&K Studio,70,,ალექსანდრე (ალეკო) ცაბაძე,ალექსანდრე (ალეკო) ცაბაძე,მიხეილ მაღალაშვილი,გიორგი (გოგი) ტატიშვილი,მაკა ცქიტიშვილი,მადონა თევზაძე,ლევან კუხაშვილი,"გიორგი (გოგი) ხარაბაძე, ზურაბ ყიფშიძე, ნინო კასრაძე, ნატო მურვანიძე, დავით (ჯაპანა) ხურცილავა, ზურაბ სტურუა, მარინა კახიანი, დემეტრე (დუტა) სხირტლაძე, ბერდია ინწკირველი, ჯონ ვოტკინსონი, თამარ გოგილაძე, ალექსანდრე ელოშვილი, გულჩინა დადიანი, ტრისტან სარალიძე, დავით დოლიძე, დავით სუხიშვილი, ვახტანგ რურუა, ამირან (II) ამირანაშვილი, ავთო ნაცარაშვილი, ბაია (ბარბარე) დვალიშვილი, მიხეილ (მამუკა) ხერხეულიძე, სოფო ბურჯანაძე, ნინო სვანიძე, ლალი ტოტიკაშვილი, ლელა ცინცაძე, ბადრი შოშიტაიშვილი, ოთარ შამათავა, ალა ვოტკინსონი, ალექსანდრე (ალეკო) ცაბაძე, გიორგი (გოგი) ტატიშვილი",http://geocinema.ge/ka/movies/719,http://geocinema.ge/uploads/nophoto.png,ok
508,ომი ყველასათვის ომია (სტალინის შვილი),1990,დრამა,"სს ""ქართული ფილმი""",81,,დევი აბაშიძე,"ბადრი ჭოხონელიძე, დევი აბაშიძე",აბესალომ მაისურაძე,ნაუმ ფურმანი,ბიძინა (ალექსანდრე) კვერნაძე,გარი კუნცევი,ნანა ბახტაძე,"ზაქარია (ზაზა) კოლელიშვილი, ევგენი ჯუღაშვილი, გერბერტ შტორმი, ალექსანდრე მეძმარიაშვილი, ლევ გავრილოვი, ვაჟა ფირცხალაიშვილი, ია ნინიძე, ლიანა ასათიანი, იმედა კახიანი, მურმან ჯინორია, ქართლოს მარადიშვილი, მალხაზ ჯიბლაძე, ია ფარულავა, მიხეილ ვაშაძე, ლეო (ლევან) ფილფანი, გივი თოხაძე, მიხეილ იოფე, კუკური აბრამიშვილი, ანზორ ურდია, ჯემალ სიხარულიძე, ვახტანგ მიხელიძე",http://geocinema.ge/ka/movies/508,http://geocinema.ge/uploads/old/poster/p508.jpg,ok
181,პალიასტომი,1963,დრამა,"სს ""ქართული ფილმი""",93,,სიკო დოლიძე,სიკო დოლიძე,დუდარ მარგიევი,კახი ხუციშვილი,დავით თორაძე,ვლადიმერ დოლიძე,ლარისა დიღმელოვა,"სერგო ზაქარიაძე, მ. ჯიბლაძე, დუდუხანა წეროძე, მეგი წულუკიძე, გ. ჩაჩავა, ზეინაბ ბოცვაძე, ვახტანგ ნინუა, ვარლამ (ვალოდია) წულაძე, ლაზარე ყაზაიშვილი, გურამ საღარაძე, ირაკლი უჩანეიშვილი, ალექსანდრე ეძგვერაძე, ნუგზარ შარია, ნანა ფაჩუაშვილი, ბონდო გოგინავა, ცაცა (ეკატერინე) ამირეჯიბი, გივი თოხაძე, რამაზ ჩხიკვაძე, ნინო (ჩიტოლია) ჩხეიძე, ნუნუ მაჭავარიანი",http://geocinema.ge/ka/movies/181,http://geocinema.ge/uploads/nophoto.png,ok
421,ერთ პატარა ქალაქში,1985,დრამა,"სს ""ქართული ფილმი""",90,,გრიგოლ (გიგა) ლორთქიფანიძე,"ალექსანდრე ჩხაიძე, გრიგოლ (გიგა) ლორთქიფანიძე",აბესალომ მაისურაძე,კახი ხუციშვილი,ბიძინა (ალექსანდრე) კვერნაძე,ზურაბ ნადარაია,ქეთევან თაღნიაშვილი,"ტრისტან ყველაიძე, ქეთევან კიკნაძე, მერაბ ნინიძე, გიორგი (გოგი) ქავთარაძე, გივი (გურამ) ფირცხალავა, გიორგი (გოგი) ხარაბაძე, გრიგოლ წიტაიშვილი, იოსებ (სოსო) გოგიჩაიშვილი, თენგიზ ჩანტლაძე, ბადრი კობახიძე, თენგიზ დაუშვილი, დავით დვალიშვილი, გიგა ჯაფარიძე, იამზე გვათუა, გაიოზ ბუხრაშვილი, ა. ჩაფიჩაძე",http://geocinema.ge/ka/movies/421,http://geocinema.ge/uploads/nophoto.png,ok
998,ბექნუ,2008,დრამა,სინეტექი,10,,მარიამ ხაჭვანი,მარიამ ხაჭვანი,გიორგი მაზმიშვილი,აკაკი ჯაში,თამარ ჟორდანია,თამთა მანძულაშვილი,,"გივი ჩუგუაშვილი, ენდი ძიძავა, დავით დავითულიანი",http://geocinema.ge/ka/movies/998,http://geocinema.ge/uploads/nophoto.png,ok
848,ხვეული კიბით,2001,დრამა,"სს ""ქართული ფილმი""",90,,მერაბ თავაძე,მერაბ თავაძე,"გიორგი გერსამია, გიორგი ბერიძე","დიმიტრი ერისთავი, ოთარ ვეფხვაძე, ია გიგოშვილი","გივი გაჩეჩილაძე, პაატა გოძიაშვილი","პაატა გოძიაშვილი, გარი კუნცევი",ნაზი (ლეილა) მუხიგულაშვილი,"ნიკოლოზ (ნიკა) თავაძე, იზა გიგოშვილი, ეკატერინე (ეკა) ანდრონიკაშვილი, ზვიად თავაძე, გია დარჩიაშვილი, გიორგი ვეფხვაძე, ზაალ ჩიქობავა, ია გიგოშვილი, ალექსანდრე ლობილაძე, კახა სალარიძე, დათა თავაძე, ერეკლე ვეფხვაძე, ოთარ ვეფხვაძე, ვლადიმერ ვეფხვაძე",http://geocinema.ge/ka/movies/848,http://geocinema.ge/uploads/nophoto.png,ok
075,შაქირი (როტე ფანე),1932,დრამა,"სს ""სახკინმრეწვი""",94,06.11.1932,ლეო ესაკია,გიორგი მდივანი,ანტონ პოლიკევიჩი,სერაფიონ ვაწაძე,იონა ტუსკია,"პ. ხარიტონოვი, როსტისლავ ლაპინსკი",,"კოხტა ყარალაშვილი, ბეგლარ ამირჯიანი, გრიგოლ მიჩურინი, ელენე სენიჩევა-ესაკია, ვლადიმერ ბარსკი, გრიგოლ (გიგა) ლორთქიფანიძე, ო. გეგელაშვილი, ვიქტორ ჭანკვეტაძე, არკადი ხინთიბიძე, შალვა ალხაზიშვილი, თამარ კალანდაძე, შალვა ხუსკივაძე",http://geocinema.ge/ka/movies/075,http://geocinema.ge/uploads/Shaqiri.jpg,ok
226,მოლოდინი,1969,,"სს ""ქართული ფილმი""",72,,"შოთა მანაგაძე, ნოდარ მანაგაძე","ლეილა აბაშიძე, გიორგი ხუხაშვილი, კონსტანტინე პიპინაშვილი, შოთა მანაგაძე","ფელიქს ვისოცკი, აბესალომ მაისურაძე",ნიკოლოზ ყაზბეგი,რევაზ ლაღიძე,დავით ლომიძე,ევგენია ბეჟანოვა,"ლეილა აბაშიძე, ვლადიმერ ცინცაძე, გივი (გურამ) ფირცხალავა, ლეილა ყიფიანი, თამარ (თათული) დოლიძე, გედეონ ნავროზაშვილი, ზურაბ ქაფიანიძე, კარლო საკანდელიძე, მიხეილ ვაშაძე, ეკატერინე ვერულეიშვილი, ვასილ კახნიაშვილი, ილია ბაკაკური, ნინო ჩხეიძე, ლია ციბაძე, გიორგი (გია) ტყეშელაშვილი, ლუდმილა კოშაძე, მ. წიქურიშვილი",http://geocinema.ge/ka/movies/226,http://geocinema.ge/uploads/nophoto.png,ok
759,თამაში,1990,,"სს ""ქართული ფილმი""",126,,თეიმურაზ კვანტალიანი,თეიმურაზ კვანტალიანი,"ვიქტორ ანდრიევსკი, ოლეგ ბაშნინი",ნინო ქართველიშვილი,,გურამ შუბლაძე,სალამბო მარგიანი,"მარლენ ეგუტია, გიზო სიხარულიძე, ვაჟა გელაშვილი, გურამ მგალობლიშვილი, ლია პიტავა, მარიამ (მარიკა) ჭიჭინაძე, შოთა ქრისტესაშვილი, ენვერ ბაღათურია, ვაჟა ფირცხალაიშვილი, ასმათ ტყაბლაძე, თინა კვანტალიანი, აკაკი მესაბლიშვილი, პაატა ციქურიშვილი, კახა ბაკურაძე, ლაშა ონიანი, გიო მგელაძე, დავით ლებანიძე, ლევან ჟვანია, ლევან ბუჩუკური, ირინა პოდკოპაევა, თამარ ხომასურიძე, თეა ცქიფურიშვილი, ავთანდილ გაჩეჩილაძე",http://geocinema.ge/ka/movies/759,http://geocinema.ge/uploads/nophoto.png,ok
808,რუსული სამკუთხედი,2007,დეტექტივი,"სტუდია ""რემკა""",123,,ალექსანდრე (ალეკო) ცაბაძე,ალექსანდრე (ალეკო) ცაბაძე,"გიორგი ბერიძე, არჩილ ახვლედიანი","გიორგი (გოგი) ტატიშვილი, კოტე ჯაფარიძე",ვახტანგ კახიძე,,,"კონსტანტინე ხაბენსკი, პიოტრ მირონოვი, არტიომ ტკაჩენკო, ოსტაპ სტუპკა, რამილ საბიტოვი, ინა ბელიკოვა",http://geocinema.ge/ka/movies/808,http://geocinema.ge/uploads/old/poster/p808.jpg,ok
938,კვენტინის სათვალე,2008,,,93,,გიორგი (გიო) გერსამია,გურამ მეგრელიშვილი,"გიორგი კოკაია, ნიკა წეველიძე",დალი ქორჩილავა,ეკატერინე ახობაძე,გვაჯი,"ლაშა მელაძე, ირაკლი გელეიშვილი, ნატო შუშანია","ლაშა-გიორგი პაპუაშვილი, ლევან სუხიტაშვილი, ვასილ (ვასიკო) ოდიშვილი, ლელა მეტრეველი, გეგი ფალიანი, ოთარ მიქელაძე (მაცაბერიძე), ქეთი გორგაძე, ტარიელ ფალავანდიშვილი, ვასილ ბახტაძე, კახა ახვლედიანი, პაატა მხეიძე, მამუკა გურჩიანი",http://geocinema.ge/ka/movies/938,http://geocinema.ge/uploads/old/poster/p938.jpg,ok
077,უკანასკნელი ჯვაროსნები,1933,დრამა,"სს ""სახკინმრეწვი""",83,06.06.1934,სიკო დოლიძე,სიკო დოლიძე,ალექსანდრე დიღმელოვი,სერაფიონ ვაწაძე,შალვა აზმაიფარაშვილი,"როსტისლავ ლაპინსკი, ვლადიმერ დოლიძე",,"ნატო ვაჩნაძე, სერგო ზაქარიაძე, შოთა ნოზაძე, ვასილ (ვასო) არაბიძე, მიხეილ აბესაძე, სანდრო კანდელაკი, შალვა ხოფერია, ნიკოლოზ ანჯაფარიძე, აკაკი (კაკო) კვანტალიანი, ოლღა კეჟერაძე, ნინო (ჩიტოლია) ჩხეიძე, გიორგი გაბელაშვილი, ვასილ ბალანჩივაძე, დიმიტრი სუხიტაშვილი-გლდანელი, შალვა ხონელი (გოგოლაშვილი), შალვა ხუსკივაძე, ილია მამფორია, ივანე გვინჩიძე, ზაალ ტერიშვილი, გიორგი ომიაძე, ნელი ხერხეულიძე, კოტე დაუშვილი",http://geocinema.ge/ka/movies/077,http://geocinema.ge/uploads/NAG_FPA_P_2_10258_2014_06_03.jpg,ok
909,თედო,2005,დრამა,ეროვნული კინოცენტრი,26,,აკაკი შანშიაშვილი,აკაკი შანშიაშვილი,გიორგი ბერიძე,გია ლაფერაძე,გიორგი (გოგი) ჩლაიძე,გია ჯავახიშვილი,"კაკო ქუთელია, ჯიმშერ (ჯიმი) დევნოზაშვილი","ტრისტან სარალიძე, ლაურა რეხვიაშვილი, ირინა გუდაძე, გურამ მგელაძე, თამაზ ლობჟანიძე, ფარნაოზ ფიროსმანი, ალექსანდრე დენიაიძე, ჯემალ დენიაიძე, ომიკო ბიკაშვილი, ლელა ბუაძე, პაატა ხუციშვილი, ხატია ტურაშვილი, გიორგი ფარაშვილი, ფიქრია კურტანიძე, ბელა გობეჯიშვილი, ნიკოლოზ ბურდული, მარინა ბურდული, სვეტა ლობჟანიძე, ბექა ჩაფიძე, ლევან გონაშვილი, ვალერი გონაშვილი",http://geocinema.ge/ka/movies/909,http://geocinema.ge/uploads/nophoto.png,ok
420,ბაგრატიონი,1985,ისტორიულ-ბიოგრაფიული,"სს ""ქართული ფილმი""",161,,"ყარამან (გუგული) მგელაძე, გიული ჭოხონელიძე","ვასილ სოლოვიოვი, გიული ჭოხონელიძე",ვლადიმერ კლიმოვი,"ევგენი მარკოვიჩი, ნაუმ ფურმანი",ვიაჩესლავ ოვჩინიკოვი,იგორ ურვანცევი,"ტ. ლიხაჩოვა, ტ. ბელოუსოვა","გიული ჭოხონელიძე, იური კატინ-იარცევი, მიხეილ კუზნეცოვი, ულდის ლიელდიჯი, ვიქტორ მურგანოვი, ჟანრი ლოლაშვილი, ირინა მალიშევა, ლია ელიავა, ირინა ალფიოროვა, პაულ ბუტკევიჩი, პ. მახოტინი, ვლადიმერ კონკინი, ს. მილივანოვი, ანრის ლიციტისი, ვიქტორ ლაზარევი, ვლადიმერ დრუჟნიკოვი, გიო მგელაძე, ა. ლუკიანოვი, ვლადიმერ კოსტიუკი, ალექსანდრე მეძმარიაშვილი, ი. კონონიხინი, ლევ პოლიაკოვი, ა. ვერტოგრადოვი, პავლე ვინიკი, ვ. კარდონოვი, გიორგი გეორგიუ, ვ. ვილსკი, ზურაბ ყიფშიძე, ვ. პრივალოვი, პ. ალექსეევი, ნიკოლოზ გორლოვი, ვ. ვიაზოვიკი, ლეონიდ ხარიტონოვი, ბ. იურჩენკო, რევაზ იაშვილი, ლევან მსხილაძე",http://geocinema.ge/ka/movies/420,http://geocinema.ge/uploads/old/poster/p420.jpg,ok
533,ჩიტის რძე,1975,დრამა / ზღაპარი,"სს ""ქართული ფილმი""",45,,ნიკოლოზ სანიშვილი,ანზორ სალუქვაძე,ომარ ბრეგვაძე,ლ. ფავლენიშვილი,სულხან ცინცაძე,დიმიტრი გედევანიშვილი,ლუსია ვარტიკიანი,"გეგა კობახიძე, ნინო (II) დოლიძე, გივი (გურამ) ფირცხალავა, სესილია თაყაიშვილი, კოტე დაუშვილი, ვახტანგ მიხელიძე, ნ. მგელაძე",http://geocinema.ge/ka/movies/533,http://geocinema.ge/uploads/old/poster/p533.jpg,ok
7007,გავარდნილები,2008,,სტუდია ”მარაო”,26,,დავით (თეიმურაზ) სიხარულიძე,დავით (თეიმურაზ) სიხარულიძე,,მამუკა დიდებაშვილი,მიხეილ მდინარაძე,მადონა თევზაძე,"ელენე მურჯიკნელი, ნიკოლოზ არუცევი",,http://geocinema.ge/ka/movies/7007,http://geocinema.ge/uploads/old/poster/p7007.jpg,ok
269,მოხეტიალე რაინდები,1975,კომედია,"სს ""ქართული ფილმი""",71,,თემურ ფალავანდიშვილი,რევაზ (რეზო) გაბრიაძე,დუდარ მარგიევი,შოთა გოგოლაშვილი,გია ყანჩელი,"ვლადიმერ დოლიძე, გულნარა ბერიაშვილი","ჯულიეტა წოწონავა, ეკატერინე (ეკა) გურამიშვილი","ვასილ ჩხაიძე, გიორგი დათუნაშვილი, გოჩა ლომია, ბორის წიფურია, დიმიტრი თაყაიშვილი, ლევან (ლეო) სოხაშვილი, კახი კავსაძე, ჟანრი ლოლაშვილი, ოთარ ზაუტაშვილი, ვ. გეჯაძე, მარიკა გოგიჩაიშვილი, მიხეილ კინწურაშვილი, ბაადურ წულაძე, ირაკლი ქოქრაშვილი, იპოლიტე ხვიჩია, თამარ სხირტლაძე, კონსტანტინე (კოტე) თოლორაია, ალექსანდრე ეძგვერაძე, ვაჟა (სულთან) კვიტაიშვილი",http://geocinema.ge/ka/movies/269,http://geocinema.ge/uploads/nophoto.png,ok
257,ციმბირელი პაპა,1973,ისტორიულ-რევოლუციური,"სს ""ქართული ფილმი""",89,,გიორგი კალატოზიშვილი,სულიკო ჟღენტი,დავით სხირტლაძე,მიხეილ მედნიკოვი,გია ყანჩელი,ვილჰელმ გოგიჩაიშვილი,ლუსია ვარტიკიანი,"დავით(დოდო) აბაშიძე, პეტრე კოლბასინი, გივი (გურამ) ფირცხალავა, ულდის პუციტისი, ბაადურ წულაძე, შოთა გაბელაია, ჟანა პროხორენკო, იური ნაზაროვი, ლევ დუროვი, ანატოლი ადოსკინი, ოთარ ყიფიანი, ამირან ქადეიშვილი, გერმანე იუშკო, ნანული პირველი, ა. ივანოვი, ვალერი გატაევი, დიმიტრი ორლოვსკი, ვიაჩესლავ გოსტინსი, ა. ვოკაჩი, გია ბადრიძე, ი. სმირნოვა, ვ. ზახარენკო, ი. ოდინიკოვი, ლ. ჩუდბაროვი, გ. ედილაშვილი, ა. ვანინი, ბ. ბატაშოვი, ვ. ვანიაშკინი, ს. ჩუჩევსკი",http://geocinema.ge/ka/movies/257,http://geocinema.ge/uploads/old/poster/p257.jpg,ok
1004,აპრილის სუსხი,2010,,სინეტექი,15,,თორნიკე ბზიავა,თორნიკე ბზიავა,გოგა დევდარიანი,თეო ბერიანიძე,თამარ ჟორდანია,ალექსანდრე (ალიკა) კურანოვი,ალექსანდრე (ალიკა) კურანოვი,"იმედა არაბული, მირიან გარუჩავა, რეზო ჭანიშვილი, მალხაზ ჯორბენაძე",http://geocinema.ge/ka/movies/1004,http://geocinema.ge/uploads/nophoto.png,ok
490,ტურანდოტი,1989,დრამა,"სს ""ქართული ფილმი""",96,,ოთარ შამათავა,"რეზო ჭეიშვილი, ოთარ შამათავა",გიორგი ბერიძე,"გია ლაფერაძე, ბორის ცხაკაია, ლევან გვეტაძე",გიორგი ცინცაძე,გურამ გოგუა,სოფიო მაჩაიძე,"ცოტნე ნაკაშიძე, ამირან ამირანაშვილი, ვაჟა ფირცხალაიშვილი, ვასილ რცხილაძე, ვლადიმერ (ლადო) მექვაბიშვილი, ოთარ ბაზღაძე, ალექსანდრე (სანდრო) სავიცკი, გიორგი თოლორდავა, კახა მხეიძე, ლევან ერისთავი, გიორგი დადიანი, ლილი ჩიბალაშვილი, მაკა მახარაძე, ზეინაბ ბოცვაძე, ანზორ ურდია, ვახტანგ ქართველიშვილი, გივი ურიგაშვილი, ირაკლი ფრუიძე, ოთარ (II) ლითანიშვილი, ქეთევან ესაიაშვილი, ვარლამ ნიკოლაძე, ზაზა მიქაშავიძე, ნინო ყრუაშვილი, შოთა ქრისტესაშვილი, ოთარ მეღვინეთუხუცესი, მაია გილაშვილი, მარიკა გიორგობიანი, ხათუნა იოსელიანი, მანანა დავითაშვილი, მარიამ (მაკა) ქორიძე, ნაირა დიდია, გივი სიხარულიძე, გურამ პეტრიაშვილი, ბაია (ბარბარე) დვალიშვილი, პავლე ნოზაძე",http://geocinema.ge/ka/movies/490,http://geocinema.ge/uploads/nophoto.png,ok
473,აღდგომის ბატკანი,1988,,"სს ""ქართული ფილმი""",40,,გოდერძი ჩოხელი,გოდერძი ჩოხელი,ალექსანდრე გვასალია,მერაბ ბუჩუკური,იაკობ ბობოხიძე,თამაზ მჭედლიძე,ნელი დევნოზაშვილი,"ლევან ხარანაული, ბერტა ხაფავა, ჯემალ ღაღანიძე, დათო ელიოზიშვილი, მაკა ჩიჩუა, ელგუჯა ბურდული, კახა ბუჩუკური, დავით ბერიკაშვილი, მ. ოქროშიძე, თ. მერაბიშვილი, დოდო კვაჭაძე",http://geocinema.ge/ka/movies/473,http://geocinema.ge/uploads/nophoto.png,ok
484,ნაზარის უკანასკნელი ლოცვა,1988,დრამა,"სს ""ქართული ფილმი""",70,,ლევან თუთბერიძე,"ამირან ჭიჭინაძე, ლევან თუთბერიძე",დავით შუშანია,ბადრი სამსონაძე,ანტონ ბუკნერი,თამაზ კვატაშიძე,"ნუნუ თავბერიძე, ოფელია გევორქიანი","რამაზ ჩხიკვაძე, გივი (გურამ) ფირცხალავა, გურამ პეტრიაშვილი, გია როინიშვილი, ანდრო ჭიაურელი, მალხაზ კუხიანიძე, ზაზა მაღალაშვილი, ზურაბ ბეგალიშვილი, გივი ჯაჯანიძე, ლევან ლორთქიფანიძე, დიმიტრი (დიტო) საბანაძე, გიორგი (გოგი) მიქელაძე, რეზო შარიქაძე, თამაზ ჯანიკაშვილი, ვალერი რცხილაძე, ბადრი ცანავა",http://geocinema.ge/ka/movies/484,http://geocinema.ge/uploads/nophoto.png,ok
090,დიადი განთიადი,1938,ისტორიულ-რევოლუციური,თბილისის კინოსტუდია,86,06.11.1938,მიხეილ ჭიაურელი,"გიორგი ცაგარელი, მიხეილ ჭიაურელი",ალექსანდრე დიღმელოვი,შალვა მამალაძე,ივანე გოკიელი,"ვლადიმერ დოლიძე, როსტისლავ ლაპინსკი",,"კონსტანტინე მიუფკე, მიხეილ გელოვანი, ბორის პოლტავცევი, სპარტაკ ბაღაშვილი, თამარა მაკაროვა, ანა სმირნოვა, ვასილ მატოვი, დ. ივანოვი, გიორგი საღარაძე, მიხეილ ჩიხლაძე, ივანე პერესტიანი, ალექსანდრე (სანდრო) ჟორჟოლიანი, შალვა ღამბაშიძე, გიორგი შავგულიძე, ნუცა ჩხეიძე, ალექსანდრე კვალიაშვილი, შალვა ხუსკივაძე, გიორგი ჯავაშვილი, დიმიტრი ყიფიანი, პეტრე მორსკოი",http://geocinema.ge/ka/movies/090,http://geocinema.ge/uploads/Diadi Gantiadi.jpg,ok
326,წინაპართა მიწა,1979,,"სს ""ქართული ფილმი""",84,,"გრიგოლ (გიგა) ლორთქიფანიძე, გიული ჭოხონელიძე","ინგა გარუჩავა, პეტრე ხოტიანოვსკი",აბესალომ მაისურაძე,შოთა გოგოლაშვილი,გია ყანჩელი,თენგიზ ნანობაშვილი,"ლუსია ვარტიკიანი, ეთერ თავაძე","გიული ჭოხონელიძე, ზურაბ ყიფშიძე, გიორგი (გია) მაჩაიძე, მზია არაბული, კოტე დაუშვილი, ლია კაპანაძე, ქეთევან კიკნაძე, თამარ სხირტლაძე, მარინა მიქაშავიძე, მალხაზ გორგილაძე, მიხეილ ვაშაძე, გიორგი (გია) კობახიძე, მალხაზ ბებურიშვილი, ავთანდილ მიქაძე, არსენ აბრამიშვილი, მ. დიდებულიძე, ვ. კიკნაძე, ვარლამ (ვალოდია) წულაძე, ლ. კაკუშაძე, ჯ. ჭოხონელიძე",http://geocinema.ge/ka/movies/326,http://geocinema.ge/uploads/old/poster/p326.jpg,ok
332,კარიერი,1979,ლირიული დრამა,"სს ""ქართული ფილმი""",78,,პავლე ჩარკვიანი,"გივი (ბესო) ოდიშარია, პავლე ჩარკვიანი",გივი რაჭველიშვილი,ქრისტესია ლებანიძე,"გია ყანჩელი, ჯანსუღ კახიძე",ვლადიმერ ნიკონოვი,ნუნუ თავბერიძე,"ერეკლე კუხიანიძე, თამარ (II) დათუაშვილი, ვარლამ (ვალოდია) წულაძე, პლატო ოსორაული, ლერი ზარდიაშვილი, გიორგი პაპოშვილი, კახა კობალაძე, ვენერა ნეფარიძე, ლია ლომთაძე, ზაზა მიქაშავიძე, მიხეილ ანთაძე, შოთა დაუშვილი, რეზო ესაძე, ივანე საყვარელიძე, გია კუსრაშვილი, ეთერ მოციქულაშვილი, ანა ბარბაქაძე, გიორგი თოლორდავა, თამილა ლასხიშვილი, ამირან ბუაძე, ია ხობუა, იამზე ტყავაძე, მ. ბაქრაძე, შ. ზავრაშვილი, გ. ავანოვა, ე. ცისკარიშვილი, ვასილ კოჭლამაზიშვილი, ვ. ჯოხაძე, მარგო გვარამაძე, კოტე ჯაჯანაძე, ვ. მაისურაძე, თ. გიგინეიშვილი",http://geocinema.ge/ka/movies/332,http://geocinema.ge/uploads/nophoto.png,ok
827,ქართველები ცაში,1984,ფანტასტიური,"სს ""ქართული ფილმი""",71,,ომარ გვასალია,"ომარ გვასალია, გოდერძი ჩოხელი",ალექსანდრე გვასალია,მერაბ ქობულაძე,იაკობ ბობოხიძე,გურამ შუბლაძე,ნელი ქრისტესაშვილი,"გია ბადრიძე, მამუკა კიკალეიშვილი, გივი (გურამ) ფირცხალავა, კარლო საკანდელიძე, სოფიკო ჭიაურელი, ბერტა ხაფავა, კახი კავსაძე, გიორგი (გია) მატარაძე, რეზო ჩხიკვიშვილი, დარეჯან ხარშილაძე, ნატაშა შენგელაია, მარინა კახიანი, ჟანრი ლოლაშვილი, იმედა კახიანი, მანანა გამცემლიძე, ანა ნიჟარაძე, გიორგი (გია) ფხაკაძე, ივანე საყვარელიძე, იზა გიგოშვილი, ნინელი ჭანკვეტაძე, ჯემალ ღაღანიძე, ზურაბ ქაფიანიძე, გია გამყრელიძე-ძნელაძე",http://geocinema.ge/ka/movies/827,http://geocinema.ge/uploads/nophoto.png,ok
200,მიმინო,1965,კინომოთხრობა,"სს ""ქართული ფილმი""",16,,თემურ ფალავანდიშვილი,გიორგი მდივანი,ალექსანდრე ფარადაშვილი,თეიმურაზ ლაფერაშვილი,სულხან ნასიძე,ვლადიმერ დოლიძე,ჯულიეტა წოწონავა,"ვარლამ (ვალოდია) წულაძე, ჯაბა წულაძე",http://geocinema.ge/ka/movies/200,http://geocinema.ge/uploads/nophoto.png,ok
210,ცისკრის ზარები,1967,დრამა,"სს ""ქართული ფილმი""",71,,ყარამან (გუგული) მგელაძე,"თეიმურაზ მაღლაფერიძე, ყარამან (გუგული) მგელაძე",გივი რაჭველიშვილი,კახი ხუციშვილი,ნუგზარ ვაწაძე,ვლადიმერ დოლიძე,,"გრიგოლ წიტაიშვილი, მანანა დაშნიანი, ზურაბ ქაფიანიძე, სპარტაკ ბაღაშვილი, გიორგი გოცირელი, კოტე დაუშვილი, მანანა ცხოვრებოვა, კონსტანტინე (კოტე) თოლორაია, ზინაიდა კვერენჩხილაძე, იუსუფ ზოიძე, თამაზ თოლორაია, ბაადურ წულაძე, ნუნუ მაჭავარიანი, ნინო ხომასურიძე, ვაჟა (სულთან) კვიტაიშვილი",http://geocinema.ge/ka/movies/210,http://geocinema.ge/uploads/old/poster/p210.jpg,ok
014,„უაილდ ვესტის“ მხედარი (ვინ არის დამნაშავე?),1925,მუნჯი / დრამა,"სს ""სახკინმრეწვი""",104,25.12.1925,ალექსანდრე წუწუნავა,ალექსანდრე წუწუნავა,სერგეი ზაბოზლაევი,დიმიტრი შევარდნაძე,,,,"კოტე მიქაბერიძე, ცეცილია წუწუნავა, ნატო ვაჩნაძე, დიმიტრი ყიფიანი, ვლადიმერ ტრაპაიძე, არკადი ხინთიბიძე, ნიკოლოზ კახიძე, სოფია ჟოზეფი, კოტე ანდრონიკაშვილი, ვასილ (ვასო) არაბიძე, ელისაბედ ჩერქეზიშვილი, მიხეილ გელოვანი, ვლადიმერ (ლადო) გვიშიანი, მიხეილ მგელაძე, გაიოზ მელიავა, ზაალ ტერიშვილი, გიორგი ჯავაშვილი, ლევან ხოტივარი",http://geocinema.ge/ka/movies/014,http://geocinema.ge/uploads/ფოტო GNFC/3_4660_VIN ARIS DAMNASHAVE.jpg,ok
601,ნათლისღება,1994,დრამა,"სს ""ქართული ფილმი""",77,,ნოდარ მანაგაძე,"ნოდარ მანაგაძე, სოსო რამიშვილი, დავით ჯავახიშვილი",ვიქტორ პიშჩალნიკოვი,გია ლაფერაძე,გიორგი (გოგი) ჩლაიძე,ზურაბ ნადარაია,როზა ჯიკაევა,"გიორგი (გია) მაჩაიძე, დავით ჯავახიშვილი, ნანა კიკნაძე, მიმი გაბრიჩიძე, დავით ახობაძე, ვახტანგ თედიაშვილი, ჟანრი ლოლაშვილი, თამარ (თათული) დოლიძე, მერი ჩიკვაიძე, სერგო სამხარაძე, მურმან ურუშაძე, სოსო რამიშვილი",http://geocinema.ge/ka/movies/601,http://geocinema.ge/uploads/nophoto.png,ok
209,ქალაქი ადრე იღვიძებს,1967,დრამა,"სს ""ქართული ფილმი""",95,,სიკო დოლიძე,"სიკო დოლიძე, რევაზ (რეზო) ებრალიძე",დუდარ მარგიევი,"ნიკოლოზ ყაზბეგი, მიხეილ მედნიკოვი",ბიძინა (ალექსანდრე) კვერნაძე,ვლადიმერ დოლიძე,ლარისა დიღმელოვა,"შალვა ხერხეულიძე, სესილია თაყაიშვილი, მეგი წულუკიძე, ოთარ კობერიძე, ლია ელიავა, თამაზ ბიბილური, ნინო ახალაძე, იპოლიტე ხვიჩია, იაკობ ტრიპოლსკი, დურმიშხან ხულორდავა, ბაადურ წულაძე, გრიგოლ (გიგოლა) თალაკვაძე, ირაკლი ქოქრაშვილი, რევაზ ბარამიძე, სერგო ისნელი (აპრესიანი), გიორგი გეგეჭკორი, ელენე საყვარელიძე, დუდუხანა წეროძე, გიორგი ქორიძე, ირაკლი ნიჟარაძე, თეა (ნათელა) გაბუნია, ნონა მაღალაშვილი, შალვა ჯანიაშვილი, ნინო (ჩიტოლია) ჩხეიძე, მიხეილ ჩიხლაძე, ჯ. ბურჭულაძე, ამირან დოლიძე, ს. რუხაძე, ირინე მაღალაშვილი, ნინო ხომასურიძე",http://geocinema.ge/ka/movies/209,http://geocinema.ge/uploads/nophoto.png,ok
489,მდგმურები,1989,კომედია / დრამა,"სს ""ქართული ფილმი""",80,,დავით (დათო)  ჯანელიძე,"მამუკა დოლიძე, დავით (დათო)  ჯანელიძე",ლერი მაჩაიძე,ჯემალ მირზაშვილი,დავით ევგენიძე,იმერი მანჯგალაძე,"ნანა ჩემია, ეკატერინე (ეკა) გურამიშვილი","რამაზ (ბუბა) ხოტივარი, მიხეილ ვაშაძე, ნანა შონია, ნინო კობერიძე, მიხეილ (უმც) ჯოჯუა, შოთა ქრისტესაშვილი, ლია გუდაძე, ოთარ ბაღათურია, ვლადიმერ (ლადო) მექვაბიშვილი, ბაია (ბარბარე) დვალიშვილი, დათო ქრისტესაშვილი, თინათინ ფიცხელაური, დავით ევგენიძე, ვლადიმერ რატიანი, ვ. წერეთელი, დავით ჩიხლაძე, ოთარ (II) ლითანიშვილი, ლევან ერისთავი, ჯემალ მირზაშვილი, დიმიტრი (დიტო) ცინცაძე, მამია სიგუა, ბადრი ვასაძე",http://geocinema.ge/ka/movies/489,http://geocinema.ge/uploads/old/poster/p489.jpg,ok
932,კაცი საელჩოდან,2006,დრამა,სტუდია ”სანგუკო”,98,,დიმიტრი (დიტო) ცინცაძე,"დიმიტრი (დიტო) ცინცაძე, ზაზა რუსაძე",ბენედიქტ ნოიენფელზი,"ვაჟა ჯალაღანია, ალექსანდრე შერერი",,,კატია დრინგენბერგი,"ბურგჰარტ კლაუსნერი, ლიკა მარტინოვა, მარიკა გიორგობიანი, ირმ ჰერმანი, როლანდ სჩოფერ, მალხაზ ქვრივიშვილი, დემეტრე (დუტა) სხირტლაძე, დავით იაშვილი, გიო მგელაძე, თეიმურაზ (თემიკო) ჭიჭინაძე, გიორგი გურგულია, დიმიტრი (დიტო) ცინცაძე, გიორგი ბუბაშვილი, ზურა გოგოლაძე, არტურ საფარიანი, ლუისა ვაილენკო, ალექსანდრე (სანდრო) ჩიქოვანი",http://geocinema.ge/ka/movies/932,http://geocinema.ge/uploads/old/poster/p932.jpg,ok
762,"მე, პელეს ნათლია!",1991,კომედია,"სს ""ქართული ფილმი""",78,,მიხეილ (უმც) ჭიაურელი,"რეზო ჭეიშვილი, ლევან ჭელიძე, მიხეილ (უმც) ჭიაურელი, დევი ივანოვ-ჩიქოვანი",გიორგი გერსამია,"ვასილ არაბიძე, შოთა შანიძე",,გარი კუნცევი,ეკატერინე (ეკა) გურამიშვილი,"კახი კავსაძე, ნანი ბრეგვაძე, ნიკუშა ყიფიანი, მამუკა კიკალეიშვილი, ივანე საყვარელიძე, ბორის სიჭინავა, მიხეილ ვაშაძე, მიხეილ შენგელია, ზაურ ბოლქვაძე, მერაბ გამყრელიძე, თეიმურაზ ჩირგაძე, ქეთი თოფაძე, ვახტანგ ცხადაძე, თემურ (თემო) ჭკუასელი, ავთანდილ შარვაძე, დიმიტრი გონგლიაშვილი, ბერტა ხაფავა, ეთერ გელოვანი, ნუგზარ ლორია, იოსებ (სოსო) ხაინდრავა, ანზორ ურდია",http://geocinema.ge/ka/movies/762,http://geocinema.ge/uploads/nophoto.png,ok
172,არდადეგებზე,1962,კინომოთხრობა,"სს ""ქართული ფილმი""",68,,მერაბ კოკოჩაშვილი,რევაზ ინანიშვილი,არჩილ ფილიპაშვილი,"ვასილ არაბიძე, ალექსანდრე ვერულეიშვილი",ირაკლი გეჯაძე,ვლადიმერ დოლიძე,,"ნუკრი კაკოიაშვილი, ოთარ არღუთაშვილი, მარინე მანჯგალაძე, გიორგი გეგეჭკორი, მერაბ გეგეჭკორი, ნინო ერისთავი, ნოდარ მარგველაშვილი, ოთარ კოპტონაშვილი, ავთანდილ ვერულეიშვილი, გიორგი გელოვანი, ცაცა (ეკატერინე) ამირეჯიბი, ოთარ ზაუტაშვილი, ნუნუ მაჭავარიანი",http://geocinema.ge/ka/movies/172,http://geocinema.ge/uploads/old/poster/p172.jpg,ok
3153,ექვთიმე თაყაიშვილი,1985,დოკუმენტური,საქართველოს სამეცნიერო–პოპულარული და დოკუმენტური ფილმების სტუდია,64,,რევაზ (რეზო) თაბუკაშვილი,რევაზ (რეზო) თაბუკაშვილი,"იური ბარამიძე, გენადი (გენო) რეხვიაშვილი",ოთარ შამათავა,თეიმურაზ ბაკურაძე,ვასილ არველაძე,კოზეტა კოტრიკაძე,,http://geocinema.ge/ka/movies/3153,http://geocinema.ge/uploads/nophoto.png,ok
225,ფილატელისტის სიკვდილი,1969,,"სს ""ქართული ფილმი""",79,,გიორგი კალატოზიშვილი,"ლევან ალექსიძე, გიორგი კალატოზიშვილი, ანზორ სალუქვაძე",იური კიკაბიძე,დიმიტრი თაყაიშვილი,კონსტანტინე პევზნერი,დავით ლომიძე,ლუსია ვარტიკიანი,"რამაზ ჩხიკვაძე, რუსუდან კიკნაძე, ავთანდილ ქურდიანი, ვახტანგ სულაქველიძე, გრიგოლ ტყაბლაძე, რამაზ გიორგობიანი, გივი თოხაძე, თემურ (მამა თეოდორე) ჩიხლაძე, თენგიზ ნათაძე, სესილია თაყაიშვილი, ოთარ ყიფიანი, იპოლიტე ხვიჩია, ივანე საყვარელიძე, მავრ პიასეცკი, მერაბ გეგეჭკორი, ვიქტორ დეისაძე, დუდუხანა წეროძე, ზანდა იოსელიანი, ალექსანდრე (სესიკა) კუპრაშვილი, რ. მაჭავარიანი, ნ. მამაცაშვილი, დიტო ალავიძე, გ. ჟღენტი, ირაკლი ქოქრაშვილი",http://geocinema.ge/ka/movies/225,http://geocinema.ge/uploads/old/poster/p225.jpg,ok
283,კავკასიური რომანსი,1975,,"სს ""ქართული ფილმი""",22,,"რევაზ (რეზო) გაბრიაძე, ამირან დარსაველიძე",რევაზ (რეზო) გაბრიაძე,ლერი მაჩაიძე,ნიკოლოზ ზანდუკელი,გია ყანჩელი,ვილჰელმ გოგიჩაიშვილი,ევგენია ბეჟანოვა,"იოსებ (სოსო) ჯაჭვლიანი, ლიკა ქავჟარაძე, ზურაბ კიკალეიშვილი, გრიგოლ გრძელიშვილი, თამაზ დანელია, ვილჰელმ გოგიჩაიშვილი",http://geocinema.ge/ka/movies/283,http://geocinema.ge/uploads/old/poster/p283.jpg,ok
461,პლიაჟის ავაზაკი,1987,კრიმინალური,"სს ""ქართული ფილმი""",68,,ნანა მჭედლიძე,სულიკო ჟღენტი,გიორგი ჭელიძე,მალხაზ დეკანოიძე,,ვლადიმერ დოლიძე,ჯულიეტა ბეზუაშვილი,"გრიგოლ წიტაიშვილი, დარეჯან სუმბათაშვილი, ბაადურ წულაძე, ბონდო გოგინავა, გიზო სიხარულიძე, ჯუმბერ ძიძავა, პავლე ნოზაძე, ვაჟა ფირცხალაიშვილი, გრიგოლ ნაცვლიშვილი, დავით (II) ერისთავი, კახა თავართქილაძე, ნონა მაღალაშვილი, რევაზ ნიკოლაიშვილი, კლარა გოგიშვილი, ვლადიმერ ბრეგვაძე, ზ. დესპოტაშვილი, აბესალომ ლორია, ი. კარგარეთელი, რ. ერისთავი, ციცინო ედიბერიძე, გ. კინწურაშვილი, ეკატერინე მჭედლიძე, ვახტანგ ახალაძე",http://geocinema.ge/ka/movies/461,http://geocinema.ge/uploads/nophoto.png,ok
498,წარსული მუდამ ჩვენთანაა,1989,,"სს ""ქართული ფილმი""",124,,ყარამან (გუგული) მგელაძე,ყარამან (გუგული) მგელაძე,გივი რაჭველიშვილი,"ვახტანგ გაბუნია, ვასილ არაბიძე",ნუგზარ ვაწაძე,გარი კუნცევი,"ნაზი (ლეილა) მუხიგულაშვილი, ნუნუ თავბერიძე","ლადო ჩაკვეტაძე, ლევან ფანჩულიძე, გიორგი თავაძე, ირაკლი აფაქიძე, ირინე ჟღენტი, ია ფარულავა, ლევან კიტია, ედუარდო პარკერ ჩავეს ხავიერ, ბორის ბაჩურინი, თეა ჭკუასელი, ირაკლი კერვალიშვილი, ალექსანდრე მეძმარიაშვილი, რუსლან მიქაბერიძე, ნანი ჩიქვინიძე, რეზო თარხან-მოურავი, ალექსანდრე ბასოვი, გიორგი (გია) ბართაია, ზურაბ საკანდელიძე, მიხეილ ვაშაძე, სულხან ცინცაძე, თამარა ბელოუსოვა-შოთაძე, თ. რატიანი, ვ. ქავთარაძე, მედეა შელეგია, მედეა ბიბილეიშვილი, ვ. კაბიტაია, ვოლდემარ გრუზეცი, სერგეი (უმც) სტოლიაროვი, ეთერ გუგუშვილი, რევაზ (რეზო) ჩხეიძე, ლ. მატიუხოვა, მ. ადეიშვილი, მიხეილ იოფე, ვიქტორ ზახაროვი, დ. შამატოვა, ლევ გავრილოვი",http://geocinema.ge/ka/movies/498,http://geocinema.ge/uploads/nophoto.png,ok
614,ზნედაცემული ანგელოზი,1992,,"სს ""ქართული ფილმი""",74,,"მამუკა კიკალეიშვილი, ლევონ უზუნიანი",თეიმურაზ პაპაშვილი,არჩილ ფილიპაშვილი,ლიანა ოგანეზოვა,"ედიშერ აბულაძე, მამუკა გუჯაბიძე",მიხეილ ინასარიძე,ჯულიეტა ბეზუაშვილი,"დათო სოხაძე, ვიქტორ ნინიძე, მამუკა კიკალეიშვილი, რამაზ ჩხიკვაძე, ამირან (II) ამირანაშვილი, ნანა კიკნაძე, ლეო ანთაძე, მანუელ ფაუნდეს, მიხეილ (მამუკა) ხერხეულიძე, ბაადურ (ბადრი) ბეგალიშვილი",http://geocinema.ge/ka/movies/614,http://geocinema.ge/uploads/old/poster/p614.jpg,ok
361,გზა შინისაკენ,1981,დრამა / იგავი,"სს ""ქართული ფილმი""",76,,ალექსანდრე (საშა) რეხვიაშვილი,"ალექსანდრე (საშა) რეხვიაშვილი, ერლომ ახვლედიანი, რეზო კვესელავა",არჩილ ფილიპაშვილი,ამირ კაკაბაძე,,ვილჰელმ გოგიჩაიშვილი,ნელი დევნოზაშვილი,"ვახტანგ ფანჩულიძე, რამაზ ჩხიკვაძე, ავთანდილ მაჩაიძე, ჟანრი ლოლაშვილი, თ. ბოჭორიშვილი, ვარლამ (ვალოდია) წულაძე, გივი (გურამ) ფირცხალავა, ზურაბ ყიფშიძე, ზინაიდა კვერენჩხილაძე, ოთარ მეღვინეთუხუცესი, გურანდა გაბუნია, აბრეკ ფხალაძე, ზაქრო მეგრელიშვილი, იური ჯიჯეიშვილი, ავთანდილ მახარაძე, ვ. კანთელაძე, თამაზ ოქრუაშვილი",http://geocinema.ge/ka/movies/361,http://geocinema.ge/uploads/old/poster/p361.jpg,ok
612,ზღვარზე,1993,დრამა,"კინოკომპანია ""შვიდკაცა""",80,,დიმიტრი (დიტო) ცინცაძე,დიმიტრი (დიტო) ცინცაძე,მიხეილ მაღალაშვილი,"გია რიგვავა, დიმიტრი (დიტო) ცინცაძე",დიმიტრი (დიტო) ცინცაძე,გურამ გოგუა,ეკატერინე (ეკა) გურამიშვილი,"მარიკა გიორგობიანი, ნინო ბრეგვაძე, გიორგი ნაკაშიძე, ლიკა გუნცაძე, ვაჟა გელაშვილი, თეიმურაზ (თემიკო) ჭიჭინაძე, გიორგი (უცნობი) გაჩეჩილაძე, მალხაზ ქვრივიშვილი, მიხეილ (უმც) ჯოჯუა, მზია მაღლაკელიძე, გოჩა კაპანაძე, თემურ ქამხაძე, ხათუნა იოსელიანი, მაია ტატიშვილი",http://geocinema.ge/ka/movies/612,http://geocinema.ge/uploads/nophoto.png,ok
880,სიყვარული და კარტოფილი,2003,,ტელეკომპანია ”იმედი”,13,,ნონა გიუნაშვილი,"მალხაზ ბარბაქაძე, ნონა გიუნაშვილი",ლერი მაჩაიძე,ქეთევან ღამბაშიძე,მიხეილ ჩეკურიშვილი,გარი კუნცევი,ირაკლი ჭეიშვილი,"მამუკა მუმლაძე, თაკო თოლორაია, თამაზ თოლორაია, ნანული სარაჯიშვილი, ბერტა ხაფავა, ნინო ჩხეიძე, ტრისტან სარალიძე",http://geocinema.ge/ka/movies/880,http://geocinema.ge/uploads/nophoto.png,ok
518,"გაგიმარჯოს, მეზობელო! (ზღვარი)",1973,,"სს ""ქართული ფილმი""",27,,თამაზ გომელაური,"ჯემალ მირზაშვილი, თამაზ გომელაური",ლერი მაჩაიძე,ჯემალ მირზაშვილი,ნოდარ მამისაშვილი,თენგიზ ნანობაშვილი,,"გივი ბერიკაშვილი, მერაბ ელიოზიშვილი, ია ხობუა, ზაირა (ზაზა) ლებანიძე, ლიკა ნიჟარაძე, ეკა (I) ჩხეიძე, თამუნა ბაგრატიონი, ნუკა ჟღენტი",http://geocinema.ge/ka/movies/518,http://geocinema.ge/uploads/nophoto.png,ok
7008,კოჯრის ტყის სიზმრები,1978,ექსპერიმენტული / მარიონეტული ფილმი,კომპანია ”ქართული ტელეფილმი”,28,,"რევაზ (რეზო) გაბრიაძე, გიორგი თოფურია",რევაზ (რეზო) გაბრიაძე,ომარ ბრეგვაძე,"ვალენტინ ბოიახჩიანი, გენადი ლუტინსკი",ნიკოლოზ ქაშაკაშვილი,მერაბ გვანცელაძე,ლეილა მარტიაშვილი,"ეროსი მანჯგალაძე, რამაზ ჩხიკვაძე",http://geocinema.ge/ka/movies/7008,http://geocinema.ge/uploads/nophoto.png,ok
235,ჩემი ქალაქის ვარსკვლავი,1970,,"სს ""ქართული ფილმი""",89,,ოთარ აბესაძე,ოტია იოსელიანი,"არჩილ ფილიპაშვილი, ალექსანდრე დუბინსკი",ვასილ არაბიძე,არჩილ კერესელიძე,ეთერ ჯებაშვილი,,"მედეა ბიბილეიშვილი, ლეო (ლევან) ფილფანი, კარლო საკანდელიძე, ზურაბ ქაფიანიძე, სესილია თაყაიშვილი, ეკატერინე ვერულეიშვილი, არჩილ მაჩაბელი, თინათინ ჩარკვიანი, სპარტაკ ბაღაშვილი, იპოლიტე ხვიჩია, ვალერიან გვენცაძე, რენე აბესაძე, ნ. წერეთელი, გურამ წერეთელი, ელგუჯა ბეჟუაშვილი, ა. სოფრომაძე, რ. ღუღუნაშვილი, გ. ერგემლიძე, თ. ელიავა, ირაკლი ქოქრაშვილი",http://geocinema.ge/ka/movies/235,http://geocinema.ge/uploads/old/poster/p235.jpg,ok
642,ბავშვები,1976,,კომპანია ”ქართული ტელეფილმი”,30,,გივი ვეფხვაძე,"გივი ვეფხვაძე, მარიამ (მერი) გველესიანი",პავლე შნაიდერი,მალხაზ კუხაშვილი,იაკობ ბობოხიძე,მერაბ გვანცელაძე,"ნინო აბაშიშვილი, მზია გვაზავა","ქეთევან ბოჭორიშვილი, ალექსანდრე კუპატაძე, ეროსი მანჯგალაძე, იოსებ (სოსო) ლაღიძე, გელა შარვაძე, სალომე (ნუცა) ალექსი-მესხიშვილი, პაატა ტაბაღუა, თამაზ ყარალაშვილი",http://geocinema.ge/ka/movies/642,http://geocinema.ge/uploads/nophoto.png,ok
153,ამბავი ერთი ქალიშვილისა,1960,კინომოთხრობა,"სს ""ქართული ფილმი""",85,25.01.1961,მიხეილ ჭიაურელი,"ლეონიდ აგრანოვიჩი, რევაზ (რეზო) ებრალიძე, მიხეილ ჭიაურელი",გიორგი კალატოზიშვილი,დიმიტრი თაყაიშვილი,ირაკლი გეჯაძე,ვლადიმერ დოლიძე,ელიზბარ გაბრიელი,"აკაკი ვასაძე, ვერიკო ანჯაფარიძე, სოფიკო ჭიაურელი, გიორგი შენგელაია, რუსუდან ფარემუზაშვილი, ვსევოლოდ აქსიონოვი, კოტე დაუშვილი, გიორგი (გია) იაკობაშვილი, თინათინ ბურბუთაშვილი, გურამ მაჭავარიანი, სალომე ყანჩელი, ტარიელ საყვარელიძე, ი. ბროსევიჩი, ნ. დოვჟენკო, რევაზ ბარამიძე, რევაზ ხობუა, ოთარ იოსელიანი, ვლადიმერ ბრეგვაძე, გიორგი საღარაძე",http://geocinema.ge/ka/movies/153,http://geocinema.ge/uploads/nophoto.png,ok
368,დები წყვდიადში,1981,დრამა,"სს ""ქართული ფილმი""",92,,ბიძინა ჩხეიძე,ბიძინა ჩხეიძე,ალექსანდრე გვასალია,ნოდარ სულემანაშვილი,იაკობ ბობოხიძე,ზურაბ ნადარაია,ვასილ დოლენკო,"ლილი იოსელიანი, ზეინაბ ბოცვაძე, ანა ნარიმანიძე, თამარ ქირიკაშვილი, მანანა სურმავა, ნინელი ჭანკვეტაძე, ნანა მჭედლიძე, ბერტა ხაფავა, ვერიკო ანჯაფარიძე, ქართლოს მარადიშვილი, ჟუჟუნა დუგლაძე, იური ვასაძე, ლია კაპანაძე",http://geocinema.ge/ka/movies/368,http://geocinema.ge/uploads/nophoto.png,ok
353,ბაკურხეველი ხევსური,1980,,"სს ""ქართული ფილმი""",21,,გოდერძი ჩოხელი,გოდერძი ჩოხელი,ნიკოლოზ სუხიშვილი,ვაჟა ჯალაღანია,,ვილჰელმ გოგიჩაიშვილი,ზიზო ქურხული,ზურაბ (შალვა) ქირიკაშვილი,http://geocinema.ge/ka/movies/353,http://geocinema.ge/uploads/old/poster/p353.jpg,ok
437,რობინზონიადა ანუ ჩემი ინგლისელი პაპა,1986,კომედია,"სს ""ქართული ფილმი""",76,,ნანა ჯორჯაძე,ირაკლი კვირიკაძე,ლევან პაატაშვილი,ვახტანგ რურუა,ენრი ლოლაშვილი,გურამ შუბლაძე,გიული გრიგორიანი,"ჟანრი ლოლაშვილი, ნინელი ჭანკვეტაძე, გივი (გურამ) ფირცხალავა, ელგუჯა ბურდული, რუსუდან ბოლქვაძე, თიკო ელიოსიძე, თამარ ციციშვილი, შალვა ხერხეულიძე, გიორგი დადიანი, გია ლეჟავა, ბერდია ინწკირველი, იური კირსი, გოჩა ყურაშვილი, ნინო ვაჩნაძე, ლაურა რეხვიაშვილი, თამარ ხოტივარი, ლია კაპანაძე, დარეჯან ხარშილაძე, ა. ბერიშვილი, ირაკლი კვირიკაძე, თემურ ბურჯანაძე, გიორგი (გოგა) ხაინდრავა, ნანა ჯორჯაძე",http://geocinema.ge/ka/movies/437,http://geocinema.ge/uploads/old/poster/p437.jpg,ok
452,"ბრავო, ალბერ ლოლიშ !",1987,დრამა / რეტრო,"სს ""ქართული ფილმი""",95,,მერაბ თავაძე,ლევან ჭელიძე,"იური კიკაბიძე, გია კუსრაშვილი",ჯემალ მირზაშვილი,გივი გაჩეჩილაძე,"თამაზ მჭედლიძე, თამაზ კვატაშიძე",ნაზი (ლეილა) მუხიგულაშვილი,"ზურაბ ყიფშიძე, ნინელი ჭანკვეტაძე, ედიშერ მაღალაშვილი, გიორგი (გია) ბურჯანაძე, ნინო სუხიშვილი, დათო ბახტაძე, გურამ ჩხარტიშვილი, ზაქარია (ზაზა) კოლელიშვილი, ვარლამ ინწკირველი, გია ბადრიძე, ელენე ყიფშიძე, ნიკოლოზ დგებუაძე, ზაზა მიქაშავიძე, გია გამყრელიძე-ძნელაძე, ანზორ ჟვანია, გოგი სხირტლაძე, ჯუმბერ ჟვანია, ი. ბარათაშვილი, ქართლოს მარადიშვილი, კ. მემარნიშვილი, ზ. ბიჭინაშვილი, მიხეილ (უმც) ჯოჯუა, გია აბესალაშვილი, გია გაგლოშვილი, შ. ებიაშვილი, ნაირა კიკვილაშვილი, მაია ხომერიკი, მ. მარკაროვი",http://geocinema.ge/ka/movies/452,http://geocinema.ge/uploads/nophoto.png,ok
910,საშობაო საჩუქარი,2005,,საქართველოს კინემატოგრაფისტთა კავშირი,26,,ნანა ჯანელიძე,"ნანა ჯანელიძე, აკა მორჩილაძე",გიორგი ბერიძე,გიორგი (გოგი) მიქელაძე,თემურ მაისაშვილი,პაატა გოძიაშვილი,პაატა გოძიაშვილი,"ლევან ლელაშვილი, იოსებ (სოსო) ჯაჭვლიანი, დიმიტრი ლორთქიფანიძე, ნინო კურატაშვილი, მაკა შალიკაშვილი, დავით (ჯაპანა) ხურცილავა, ზურა პირველი, ნინო გაჩეჩილაძე-მღებრიშვილი, ნინო გომართელი, ზაალ გოგუაძე, ბესო ბარათაშვილი",http://geocinema.ge/ka/movies/910,http://geocinema.ge/uploads/nophoto.png,ok
770,მშვენიერი კოსტუმი,1973,კომედია,"სს ""ქართული ფილმი""",40,,ლიანა ელიავა,ლიანა ელიავა,იგორ როგაჩევსკი,"ამირ კაკაბაძე, გიორგი (გოგი) მიქელაძე",ალექსანდრე რაქვიაშვილი,,გულნარა (გულიკო) ომიაძე,"შალვა შენგელია, ივანე ხორგუაშვილი, მევლუდ კუპატაძე, ლიკა ქავჟარაძე, დავით ქობულოვი (ქობულაშვილი), გურამ ნიკოლაიშვილი, ლევან (ლეო) სოხაშვილი, ზოზო (იასონ) ბაქრაძე, ამირან ამირანაშვილი, შოთა გაბელაია, აბრეკ ფხალაძე, ალექსანდრე ჯაკობია, ოლია ჯანიაშვილი, ს. საძაგლიშვილი, მ. მონავარდიშვილი, გიორგი ჟუჟუნაშვილი",http://geocinema.ge/ka/movies/770,http://geocinema.ge/uploads/nophoto.png,ok
347,ზღაპარი,1980,მუსიკალური ზღაპარი,"სს ""ქართული ფილმი""",132,,კონსტანტინე (კოტე) სურმავა,მარიამ (მერი) გველესიანი,ლევან ნამგალაშვილი,დავით ლურსმანაშვილი,გომარ სიხარულიძე,"ვილჰელმ გოგიჩაიშვილი, მიხეილ კილოსანიძე",გულნარა (გულიკო) ომიაძე,"გიორგი სიხარულიძე, კახა დაღელაშვილი, გივი ბერიკაშვილი, სოფიკო ჭიაურელი, გიორგი (გოგი) ქავთარაძე, გრიგოლ წიტაიშვილი, ბაკური ბაკურაძე, ირაკლი ბენდელიანი, ლევან ბოკუჩავა, გიორგი მარგველაშვილი, ვანო მაჭავარიანი, ალეკო სტურუა, გიორგი (II) ჩხაიძე, იური ვასაძე, ეკა ბერიძე, თამარ ბუხნიკაშვილი, გელა გიორგაძე, მაია კაჭარავა, ნოდარ მარგველაშვილი, დ. მელაძე, ელდინო საღარაძე, კ. პაიჭაძე, ნ. ჩანტლაძე, დ. ტატულოვა, რ. დემჩინოვსკი, ვ. მურვანიძე, ვ. კარბაია, მაია ჭყონია, გ. ბუსკივაძე, მზია არაბული, ეკა ვიბლიანი, გ. ღამბაშიძე, მერაბ დონაძე, ელენე გელაშვილი, დარეჯან ჯოჯუა, ირაკლი დათუკიშვილი, ნუკრი (ნოშრევან) ლურსმანაშვილი, ვილჰელმ გოგიჩაიშვილი, ომარ ხოფერია, ნოდარ გელაშვილი, ფლორა (ფეოდოსია) შედანია, ვალერი არღვლიანი, მანანა სურმავა",http://geocinema.ge/ka/movies/347,http://geocinema.ge/uploads/old/poster/p347.jpg,ok
288,ქვიშანი დარჩებიან,1976,დრამა,"სს ""ქართული ფილმი""",96,,გიორგი შენგელაია,"რევაზ ინანიშვილი, გიორგი შენგელაია","ალექსანდრე მღებრიშვილი, ლერი მაჩაიძე",ვახტანგ რურუა,ვახტანგ კუხიანიძე,ვლადიმერ დოლიძე,მანანა ყარალაშვილი,"სოფიკო ჭიაურელი, ნაზი გაურგაშვილი, გივი (გურამ) ფირცხალავა, გიორგი შენგელაია, მერაბ ელიოზიშვილი, ჯემალ შანშიაშვილი, აბო ზარდიაშვილი, ფლორა (ფეოდოსია) შედანია, მარგო გვარამაძე, ნაზი ქვაჭრელაშვილი, გიორგი მჭედლიშვილი, თომა ვარადაშვილი, ალექსანდრე (სესიკა) კუპრაშვილი, ალექსი ჯანჯიბუხაშვილი, ტარიელ ამონაშვილი, ჯიმშერ (ჯიმი) ლომიძე, მაია კანკავა, სანდრო შენგელაია, ნოშრევან (დორიან) კიტია, ოთარ ანდრონიკაშვილი, პ. გუნცაძე, შუქრი გოგიტიძე, თამარ ბერიძე, გიორგი თოლორდავა, ვლადიმერ ნიკოლაიშვილი, ვ. სულაკაური, ნოდარ დვალი, ლ. გოგაძე, ლერი ზარდიაშვილი, გ. ნერსესაშვილი, დ. შალოშვილი, ნ. ბოტნიკოვა, ხვიჩა ჯოხარიძე, ვ. წვერიკმაზაშვილი, თამარ ქირიკაშვილი, ი. ლალიაშვილი",http://geocinema.ge/ka/movies/288,http://geocinema.ge/uploads/nophoto.png,ok
946,გრაფიტი,2006,,სტუდია ”სანგუკო”,24,,ვანო ბურდული,ვანო ბურდული,გოგა დევდარიანი,კოტე ტატიშვილი,,"რომან ხოხლოვი, პაატა გოძიაშვილი",ვანო ბურდული,"გიორგი ნაკაშიძე, ნანკა კალატოზიშვილი, ზურაბ გეწაძე",http://geocinema.ge/ka/movies/946,http://geocinema.ge/uploads/old/poster/p946.jpg,ok
444,ახალი არკადია,1986,კომედია,"სს ""ქართული ფილმი""",119,,თემურ ფალავანდიშვილი,სულიკო ჟღენტი,გივი რაჭველიშვილი,მალხაზ დეკანოიძე,ჯანსუღ კახიძე,ვლადიმერ დოლიძე,ჯულიეტა წოწონავა,"ზურაბ ქაფიანიძე, კარლო საკანდელიძე, ლია გუდაძე, კოტე არეშიძე, თამაზ თოლორაია, მეგი წულუკიძე, რევაზ იმნაიშვილი, გიორგი ფალავანდიშვილი, მანანა გამცემლიძე, ნინელი ჭანკვეტაძე, ზაზა მიქაშავიძე, მარინა ჯაში, ვაჟა სვანიძე",http://geocinema.ge/ka/movies/444,http://geocinema.ge/uploads/old/poster/p444.jpg,ok
384,სამი ალიყური,1982,ზღაპარი / მუსიკალური,"სს ""ქართული ფილმი""",65,,ელგუჯა ჟღენტი,"ირაკლი გოცირიძე, პეტრე გრუზინსკი",ფელიქს ვისოცკი,ვასილ არაბიძე,გიორგი ცაბაძე,ვლადიმერ დოლიძე,ვასილ დოლენკო,"ია ფარულავა, იოსებ (სოსო) ჯაჭვლიანი, მიხეილ ვაშაძე, ვახტანგ (ბუბა) კიკაბიძე, რამაზ ჩხიკვაძე, გურამ ღოღობერიძე, შალვა ხერხეულიძე, ადამ ადამაშვილი, ა. გოგოლიშვილი, გივი ჯაჯანიძე, დათო ჟღენტი, რევაზ იმნაიშვილი, ზურაბ (კუკური) ლაფერაძე, გია ლეჟავა, აბესალომ ლორია, კახი მაისურაძე, ნოდარ მეძმარიაშვილი, ნ. მერაბიშვილი, ზ. მჭედლიშვილი, ელდარ სახლთხუციშვილი, ფრიდონ სულაბერიძე, ჯემალ ტალაბაძე, ლევან თურმანიძე, ბესარიონ ხიდეშელი, ვარლამ (ვალოდია) წულაძე, გივი ჭიჭინაძე, გია პაპასკირი, თემურ ჩაჩავა",http://geocinema.ge/ka/movies/384,http://geocinema.ge/uploads/old/poster/p384.jpg,ok
167,ჩონგური (მანქანის ქურდები),1994,,თეატრისა და კინოს უნივერსიტეტი,16,,აიდინ დედაშვილი,"აიდინ დედაშვილი, გიორგი (გია) ბართაია","იგორ კრეპსი, ნუგზარ ნოზაძე",თამარ ფოცხიშვილი,,მერაბ გვანცელაძე,ციური კობერიძე,"გივი ბერიკაშვილი, კარლო საკანდელიძე, ბაადურ წულაძე, ნინო ჩხეიძე, მამუკა კიკალეიშვილი, გიორგი (გია) ბართაია, ზაზა ბარათაშვილი, ქეთი ნიკოლაიშვილი, დ. ჩიკაიძე, ლ. კორძახია",http://geocinema.ge/ka/movies/167,http://geocinema.ge/uploads/nophoto.png,ok
078,უკანასკნელი მასკარადი,1934,ისტორიული,"სს ""სახკინმრეწვი""",98,25.10.1934,მიხეილ ჭიაურელი,მიხეილ ჭიაურელი,ანტონ პოლიკევიჩი,ვალერიან სიდამონ–ერისთავი,გრიგოლ კილაძე,როსტისლავ ლაპინსკი,,"ალექსანდრე ჯალიაშვილი, დუდუხანა წეროძე, ოლღა ლეჟავა, გიორგი ქუჩიშვილი, სერგო ზავრიევი, ნატო ვაჩნაძე, მიხეილ გელოვანი, აბო ზარდიაშვილი, ვიქტორ გამყრელიძე, შალვა გედევანიშვილი, ალექსანდრე (სანდრო) ჟორჟოლიანი, კოტე მიქაბერიძე, გიორგი გაბელაშვილი, ალექსანდრე ლორთქიფანიძე, ილია მამფორია, ზაალ ტერიშვილი, შალვა ღამბაშიძე, დიმიტრი სუხიტაშვილი-გლდანელი, გიორგი ჯავაშვილი, ლევან ხოტივარი, შალვა ხუსკივაძე, არკადი ხინთიბიძე, პეტრე მორსკოი",http://geocinema.ge/ka/movies/078,http://geocinema.ge/uploads/2_10182_BW_NEG_2016_08_31.jpg,ok
425,ვინ არის მეოთხე ?,1985,დეტექტივი,"სს ""ქართული ფილმი""",89,,ოთარ კობერიძე,გია ბადრიძე,ჯიმშერ ქრისტესაშვილი,"გია ლაფერაძე, ლევან გვეტაძე",ვახტანგ კახიძე,"ვილჰელმ გოგიჩაიშვილი, თამაზ მჭედლიძე",ნელი ქრისტესაშვილი,"ლია ელიავა, კონსტანტინე (კოტე) თოლორაია, დიმიტრი ჯაიანი, დათო (II) ჯაფარიძე, გოგი სხირტლაძე, ლევან უჩანეიშვილი, პავლე რემეზოვი, ქართლოს მარადიშვილი, ოთარ კობერიძე, ზურაბ (კუკური) ლაფერაძე, ელენე ასლამაზიშვილი, გიორგი (გელა) რევაზიშვილი, ივანე საყვარელიძე, კონსტანტინე პატარაია, გივი სავანელი, კობა მერაბაშვილი, ა. თურმანიძე, ი. ლორთქიფანიძე, გ. გოგობერიძე, ელისაბედ (ლიზა) ვაჩნაძე, თ. ბერძენიშვილი, ნინო ვაჩნაძე, ა. კირილოვი, მ. ზოიძე, ა. მელქონიანი, ირინა ჯაბადარი, ს. სულხანიშვილი, ნ. წერეთელი, გ. ზამბახიძე, ლიზა ვადაჭკორია, ნ. გაბაშვილი, ე. შილაკაძე, შ. ბეჟანიძე, თ. აბუსერიძე, ვანო გოგიტიძე, გ. დეკანოსიძე",http://geocinema.ge/ka/movies/425,http://geocinema.ge/uploads/nophoto.png,ok
346,გამარჯობა ყველას (ფიროსმანი),1980,,"სს ""ქართული ფილმი""",121,,"გრიგოლ (გიგა) ლორთქიფანიძე, ამირან დარსაველიძე",ვადიმ კოროსტილიოვი,ლევან პაატაშვილი,"თენგიზ (ჩუბჩიკა) მირზაშვილი, კახი ხუციშვილი",იაკობ ბობოხიძე,დიმიტრი გედევანიშვილი,ქეთევან თაღნიაშვილი,"ოთარ მეღვინეთუხუცესი, ნინო ლორთქიფანიძე, მალხაზ გორგილაძე, გურანდა გაბუნია, გიზო სიხარულიძე, მერაბ თაბუკაშვილი, ჯემალ მონიავა, მარლენ ეგუტია, ვაჟა ფირცხალაიშვილი, ა. თანდილაშვილი, გ. თოდაძე",http://geocinema.ge/ka/movies/346,http://geocinema.ge/uploads/old/poster/p346.jpg,ok
291,დილის ნისლივით,1976,,"სს ""ქართული ფილმი""",65,,გენო ხოჯავა,"ამირან ჭიჭინაძე, გენო ხოჯავა",იგორ კრეპსი,ვასილ არაბიძე,ნუგზარ ვაწაძე,ნუცა შოშიტაიშვილი,ქეთევან თაღნიაშვილი,"რამაზ ჩხიკვაძე, კახი კავსაძე, ზურაბ (კუკური) ლაფერაძე, თენგიზ არჩვაძე, ბადრი კობახიძე, კოტე მახარაძე, ვლადიმერ (ლადო) ცხვარიაშვილი, ჯემალ ღაღანიძე, დავით(დოდო) აბაშიძე, თამარ თვალიაშვილი, იპოლიტე ხვიჩია, გურამ ნიკოლაიშვილი, ნანული სარაჯიშვილი, მარი (მარინა) ჯანაშია, მანანა გაგულაშვილი, ავთანდილ მახარაძე, ვახტანგ ფანჩულიძე, ლევან თუთბერიძე, გია ბარკალაია, პაატა ჩახნაშვილი, გია გუგუნავა, სერგო ჯანგველაძე, ანა რატიანი, იაკობ სადაღიშვილი, ნუგზარ ლორია, ვ. მაღალთაძე, თეიმურაზ არჯევანიძე, ნინო ბეგაძე, ვახტანგ ერემაშვილი, გიორგი კარიაული, ნ. თევზაძე, ს. ციციშვილი, ნიკოლოზ გუბელაძე, ზ. აკამაშვილი, თ. თათელაშვილი, ზ. ბობოხიძე, ლ. ბურჯანაძე",http://geocinema.ge/ka/movies/291,http://geocinema.ge/uploads/nophoto.png,ok
155,პაპა გიგია,1960,დრამა,"სს ""ქართული ფილმი""",70,,ზაქარია გუდავაძე,"გრიგოლ ჩიქოვანი, ი. კროტკოვი",იური რიშკოვი,ნიკოლოზ ყაზბეგი,მარიამ (მერი) დავითაშვილი,"ეთერ ჯებაშვილი, მიხეილ ათანელოვი",,"კოტე დაუშვილი, იამზე გვათუა, თამარ (თათული) დოლიძე, იოსებ (სოსო) აბრამიშვილი, ჯულიეტა ვაშაყმაძე, ალექსანდრე (სანდრო) ჟორჟოლიანი, მეგი წულუკიძე, იმედა კახიანი, ზურაბ (კუკური) ლაფერაძე, ცაცა (ეკატერინე) ამირეჯიბი, თამაზ ბიბილური, აბო ზარდიაშვილი, იპოლიტე ხვიჩია, დათო დანელია, ნელი გრძელიშვილი",http://geocinema.ge/ka/movies/155,http://geocinema.ge/uploads/nophoto.png,ok
598,მხოლოდ ერთხელ,1994,,"სტუდია ""+ 1""  (პლიუს ერთი)",50,,მანანა ანასაშვილი,"შადიმან შამანაძე, მანანა ანასაშვილი",ნიკოლოზ სუხიშვილი,ვაჟა ჯალაღანია,იოსებ (სოსო) ბარდანაშვილი,მადონა თევზაძე,გულნარა (გულიკო) ომიაძე,"ლიკა ქავჟარაძე, ნინელი ჭანკვეტაძე, ნინო კობერიძე, ნატო მურვანიძე, ნანუკა ხუსკივაძე",http://geocinema.ge/ka/movies/598,http://geocinema.ge/uploads/nophoto.png,ok
312,დაუვიწყარი დღე,1977,,"სს ""ქართული ფილმი""",27,,თენგიზ მაღალაშვილი,რევაზ ინანიშვილი,გიორგი გერსამია,"გივი გიგაური, ილამაზ (ზურაბ) მეძმარიაშვილი",თეიმურაზ ბაკურაძე,ოთარ გეგეჭკორი,ჯულიეტა წოწონავა,"ანა ნიჟარაძე, ხვიჩა ჯოხარიძე, გოჩა ჯოხარიძე, მზია არაბული, ლეო (ლევან) ფილფანი, კ. კალანდარიშვილი",http://geocinema.ge/ka/movies/312,http://geocinema.ge/uploads/old/poster/p312.jpg,ok
024,ხანუმა,1926,მუნჯი / კომედია,"სს ""სახკინმრეწვი""",91,30.05.1927,ალექსანდრე წუწუნავა,ალექსანდრე წუწუნავა,სერგეი ზაბოზლაევი,"ვალერიან სიდამონ–ერისთავი, მიხეილ შავიშვილი",,,,"ვალერიან გუნია, თამარ ბოლქვაძე, ცეცილია წუწუნავა, კოტე მიქაბერიძე, ვლადიმერ ტრაპაიძე, მიხეილ ჭიაურელი, ელისაბედ ჩერქეზიშვილი, ტასო (ანასტასია) აბაშიძე, ვლადიმერ (ლადო) კავსაძე, ვასო აბაშიძე, ისია ნაზარიშვილი, ი. კორსუნსკაია, ქ. ჩეჩელაშვილი, სანდრო კანდელაკი, ლევან ხოტივარი, კოხტა ყარალაშვილი, დიმიტრი ყიფიანი, ბელა ბელეცკაია, ერასტი ბილანიშვილი, ალექსანდრე ლორთქიფანიძე, გაიოზ მელიავა, ზაალ ტერიშვილი",http://geocinema.ge/ka/movies/024,http://geocinema.ge/uploads/ზომაშეცვლილი/ხანუმა.jpg,ok
889,ერთი ლეღვი გზაზე,2004,,საქართველოს კინემატოგრაფისტთა კავშირი,15,,ირაკლი მეტრეველი,ირაკლი მეტრეველი,დავით გოგილაშვილი,მანანა ებრალიძე,,პაატა გოძიაშვილი,პაატა გოძიაშვილი,"დემეტრე (დუტა) სხირტლაძე, ლევან წულაძე, ქეთი ცხაკაია, მაკა შალიკაშვილი, ბესო ბარათაშვილი, სანდრო მათურელი, გიორგი კიკნაძე",http://geocinema.ge/ka/movies/889,http://geocinema.ge/uploads/nophoto.png,ok
483,წინამორბედი,1988,,"სს ""ქართული ფილმი""",142,,იური კვაჭაძე,"ამირან (I) დოლიძე, რეზო კვესელავა, იური კვაჭაძე",გური (გურამ) შენგელაია,"ზაურ კვარაცხელია, გენო ცაავა",იაკობ ბობოხიძე,გურამ შუბლაძე,ნანა არეშიძე,"მალხაზ კუხიანიძე, ზურაბ სტურუა, გივი (გურამ) ფირცხალავა, ნინო თარხან-მოურავი, მანუჩარ შერვაშიძე, მარლენ ბესტავაშვილი, ამირან ქადეიშვილი, პაატა მოისწრაფიშვილი, გურამ გეგეჭკორი, გივი ხახიძე, ქეთევან ფანცხავა, მამუკა კუჭავა, გრიგოლ ნაცვლიშვილი, გივი ჩუგუაშვილი, თამარ სხირტლაძე, ეკა ქუთათელაძე, ოთარ მიქელაძე (მაცაბერიძე), ანზორ ლოლუა, აბესალომ გოგუა, თამაზ დანელია, ხათუნა ჭავჭანიძე, შალვა ბახტაძე, შოთა ბოჭორიშვილი, ვახტანგ კიკნაველიძე, ხათუნა პაიჭაძე, ალექსანდრე მახარაძე, ბერდია ინწკირველი, გიორგი (გოგი) ახვლედიანი, ჯემალ ველიაძე, ა. კაჭარავა, ნ. ბარამიძე, ომარ ურუშაძე, გიორგი მდინარაძე, ზურაბ ცინცქილაძე",http://geocinema.ge/ka/movies/483,http://geocinema.ge/uploads/nophoto.png,ok
647,მაისის თოვლი,1989,,კომპანია ”ქართული ტელეფილმი”,65,,ზურაბ ინაშვილი,ზურაბ ინაშვილი,რევაზ ცხოვრებაძე,რევაზ მირზაშვილი,იოსებ (სოსო) ბარდანაშვილი,მიხეილ დარჩიევი,დალი ადამია,"ლევან თურმანიძე, გიორგი ბეროზაშვილი, თინათინ კობალაძე, ნიკოლოზ ჯაფარიძე, ნიკოლოზ ჩხაიძე, გიორგი ქაცარიძე, გაიოზ ჯავახიშვილი, გურამ ლორთქიფანიძე, გურამ ზედგენიძე, ეთერ გელოვანი, ბერდია ინწკირველი, ელენე ასლამაზიშვილი, გულჩინა დადიანი, ლია კაპანაძე, ვაჟა (სულთან) კვიტაიშვილი, რუსლან მიქაბერიძე, პავლე ნოზაძე, გურამ პეტრიაშვილი, ქეთევან ფეიქრიშვილი, რუსუდან ქვლივიძე, დარეჯან სუმბათაშვილი, ნინო ჩხეიძე",http://geocinema.ge/ka/movies/647,http://geocinema.ge/uploads/nophoto.png,ok
611,ლეონარდო,1993,კომედია / დრამა,"სტუდია ""+ 1""  (პლიუს ერთი)",90,,დავით ნაცვლიშვილი,დავით ნაცვლიშვილი,გენო ჩირაძე,მალხაზ კუხაშვილი,გიორგი (გოგი) ჩლაიძე,გარი კუნცევი,ჯულიეტა წოწონავა,"რეზო ესაძე, მაკა მიქელაძე, მურმან ჯინორია, გურამ ლორთქიფანიძე, რუსუდან ბოლქვაძე, შოთა ქრისტესაშვილი, დარეჯან ხარშილაძე, ნოდარ მახარაძე, ბერდია ინწკირველი, ბაადურ (ბადრი) ბეგალიშვილი, ვაჟა ფირცხალაიშვილი, შოთა მშვენიერაძე, თენგიზ მაისურაძე, შალვა ბახტაძე, ზურა ქავთარაძე, გოგი თოფურია, გივი ბერიკაშვილი, ლია კაპანაძე, გივი (გურამ) ფირცხალავა, იოსებ (სოსო) ხაინდრავა, გია აბესალაშვილი, ნანა კიკნაძე",http://geocinema.ge/ka/movies/611,http://geocinema.ge/uploads/old/poster/p611.jpg,ok
162,განძი,1961,ფსიქოლოგიური / დრამა,"სს ""ქართული ფილმი""",97,14.10.1961,რევაზ (რეზო) ჩხეიძე,დემნა შენგელაია,გიორგი ჭელიძე,დიმიტრი თაყაიშვილი,სულხან ცინცაძე,რაფიელ კეზელი,ვასილ დოლენკო,"ბონდო გოგინავა, ზეინაბ ბოცვაძე, აკაკი (კაკო) კვანტალიანი, იპოლიტე ხვიჩია, იოსებ (სოსო) აბრამიშვილი, ირაკლი ქოქრაშვილი, ნოდარ (ბიჭიკო) ჩხეიძე, ზურაბ (კუკური) ლაფერაძე, მერი ერგნელი-ყიასაშვილი, ზაირა (ზაზა) ლებანიძე, ანდრო მურუსიძე, ლეო (ლევან) ფილფანი",http://geocinema.ge/ka/movies/162,http://geocinema.ge/uploads/old/poster/p162.jpg,ok
685,ღამის სიზმრები,1999,,კომპანია ”ქართული ტელეფილმი”,30,,ალექსანდრე (სანდრო) ვახტანგოვი,ალექსანდრე (სანდრო) ვახტანგოვი,"ილია ვაჩნაძე, რამაზ ბატატუნაშვილი",თეონა ბექაური,დიმიტრი შოსტაკოვიჩი,რუსუდან არაბიძე,,"თამაზ ვაშაკიძე, ნატო მურვანიძე",http://geocinema.ge/ka/movies/685,http://geocinema.ge/uploads/nophoto.png,ok
891,ჩემი პირველი სიყვარული,2003,,სტუდია ”თეთნულდი”,15,,იოსებ (სოსო) ჯაჭვლიანი,იოსებ (სოსო) ჯაჭვლიანი,იგორ კრეპსი,თემურ ხმალაძე,,,ეკატერინე (ეკა) გურამიშვილი,"გიორგი ფირჩხელანი, ტრისტან სარალიძე, მარინა კახიანი, სალომე გასვიანი, ქეთევან აბულაძე",http://geocinema.ge/ka/movies/891,http://geocinema.ge/uploads/nophoto.png,ok
431,ოჯახი,1985,დრამა,"სს ""ქართული ფილმი""",25,,ნანა ჯანელიძე,ნანა ჯანელიძე,ალექსანდრე გვასალია,ლევან ჭოღოშვილი,ალექსანდრე რაქვიაშვილი,მადონა თევზაძე,ლალი ლაფანაშვილი,"ვერიკო ანჯაფარიძე, თინათინ მეფისაშვილი, ნათელა მახალდიანი, ლია ელიავა, ლიკა ქავჟარაძე, ქეთევან აბულაძე, ნელი ქუთათელაძე, მზია მახვილაძე, გოგი ქავთარაძე, ლელა ცისკარიშვილი, თორნიკე აბულაძე",http://geocinema.ge/ka/movies/431,http://geocinema.ge/uploads/nophoto.png,ok
270,გაქცევა გათენებისას,1975,დრამა,"სს ""ქართული ფილმი""",95,,სიკო დოლიძე,"სიკო დოლიძე, რევაზ (რეზო) ებრალიძე",ფელიქს ვისოცკი,ქრისტესია ლებანიძე,დავით თორაძე,ვლადიმერ დოლიძე,ვასილ დოლენკო,"მეგი წულუკიძე, ტრისტან ყველაიძე, გიორგი გეგეჭკორი, იმედა კახიანი, ჯემალ სიხარულიძე, მალხაზ ბებურიშვილი, ამირან ქადეიშვილი, ვლადიმერ სოლოდნიკოვი, მიხეილ ჟარკოვსკი, ს. გოგიაშვილი, გივი (გურამ) ფირცხალავა, ეფიმ ბაიკოვსკი, ოთარ კობერიძე, ლია ელიავა, რამაზ ჩხიკვაძე, ჯემალ ღაღანიძე, ვალერიან დოლიძე, თამარ (თათული) დოლიძე, დუდუხანა წეროძე, გიორგი (გოგი) ქავთარაძე, ალექსანდრე (საშკა) იოსელიანი, ლეო ანთაძე, გ. ვოლინეცი, გრიგოლ (გიგოლა) თალაკვაძე, აკაკი მესაბლიშვილი, ვახტანგ არეშიძე, ქართლოს მარადიშვილი, დათო დანელია, ლერი გაფრინდაშვილი, ალი ისაევ-ავარსკი, გერონტი დარახველიძე, ვარლამ (ვალოდია) წულაძე, ნოდარ პეტრიაშვილი",http://geocinema.ge/ka/movies/270,http://geocinema.ge/uploads/old/poster/p270.jpg,ok
1005,1 ნათელი დღე,2010,ტრილერი / დრამა,,21,,კახა მელიქიძე,კახა მელიქიძე,აკო ხაბურძანია,,,,კახა მელიქიძე,"ლევან ცისკარიძე, ხატია ბედოიძე, მარი კერესელიძე, გიორგი ხუნძახიშვილი, სოფო მელიქიძე, ლეილა მჭედლიშვილი, პაატა დაუშვილი, გოგიტა მოდებაძე, მარიამ ჭრელაშვილი, გვანცა მერმანიშვილი",http://geocinema.ge/ka/movies/1005,http://geocinema.ge/uploads/old/poster/p1005.jpg,ok
179,ცეროდენა რაინდები,1963,კინომოთხრობა,"სს ""ქართული ფილმი""",71,24.11.1964,"ნელი ნენოვა, გენო წულაია",ედიშერ ყიფიანი,გივი რაჭველიშვილი,"ილამაზ (ზურაბ) მეძმარიაშვილი, ტატიანა კრიმკოვსკაია",ოთარ გორდელი,დავით ლომიძე,ვასილ დოლენკო,"დოდო ჩოგოვაძე, დათო გიორგაძე, ნინო ნათაძე, თემურ ქართველიშვილი, დავით სულაკაური, მალხაზ წიქარიშვილი, თემურ ხუბაშვილი, გია სეფისკვერაძე, ინგა თევზაძე, ბელა მირიანაშვილი, კოტე დაუშვილი, გიორგი გაბელაშვილი, გიორგი (გელა) რევაზიშვილი, დავით(დოდო) აბაშიძე, მერი კანდელაკი, ეკატერინე ვერულეიშვილი, თენგიზ ჟღენტი, ნინო კაკაბაძე, ნინო ჩხეიძე, თენგიზ არჩვაძე, გია კიტია",http://geocinema.ge/ka/movies/179,http://geocinema.ge/uploads/nophoto.png,ok
392,გმადლობთ რატილი,1983,მუსიკალური / დრამა,"სს ""ქართული ფილმი""",88,,გიორგი კალატოზიშვილი,"გია ბადრიძე, ვლადიმერ პოჟარი, ოტო ზელენკა","დუდარ მარგიევი, ირჟი გოშეკი","რევაზ მირზაშვილი, ინრა გოეტზი","გია ყანჩელი, ჯანსუღ კახიძე","იმერი მანჯგალაძე, ანტონ კრავკა",დ. ლიპსკი,"ვიტ ოლმერი, იანა ბრჟეზინოვა, სვეტლანა ტომა, იმედა კახიანი, ჟანრი ლოლაშვილი, ოტო ბუდინი, ვაცლავ ჰელშუსი, ლუდეკ კოპრივა, კახი კავსაძე, თენგიზ მაისურაძე, ეკა ვიბლიანი, მერაბ დონაძე, ვარლამ (ვალოდია) წულაძე, ლია გუდაძე, მარინა კობახიძე, თენგიზ წულაია, ც. მამალაძე, მიხეილ იოფე, გია ბადრიძე, ლეონიდ პიარნი, რუსლან მიქაბერიძე, ვოლდემარ გრუზეცი, კირა (უმც) ანდრონიკაშვილი, დავით ჩხიკვაძე, თემურ ქევხიშვილი, რ. ცაგარეიშვილი, პეტრე მინეევი, პ. ტყვავაშვილი, რ. დანელია, ივანე საყვარელიძე, ლადო (II) ტატიშვილი, ვასილ კოჭლამაზიშვილი, მერაბ ვაჩნაძე, ი. ლირი, მ. დარჩია, პეტრე ზაიცი",http://geocinema.ge/ka/movies/392,http://geocinema.ge/uploads/nophoto.png,ok
205,უყაიმო თამაში,1966,სათავგადასავლო,"სს ""ქართული ფილმი""",99,,იური ქავთარაძე,"ლევან ალექსიძე, კონსტანტინე ისაევი, იური ქავთარაძე",დუდარ მარგიევი,დიმიტრი თაყაიშვილი,კონსტანტინე პევზნერი,თენგიზ ნანობაშვილი,ვასილ დოლენკო,"გრიგოლ ტყაბლაძე, გიული ჭოხონელიძე, იმედა კახიანი, მ. ქავთარაძე, მეგი კეჟერაძე, ლია გუდაძე, რობერტს ლიგერსი, ვალდემარ აკურატერსი, ტრისტან ყველაიძე, თენგიზ დაუშვილი, ანატოლი სმირანინი, შალვა გედევანიშვილი, გიორგი გაბელაშვილი, ბორის წიფურია, ალფრედ ვიდენიექსი, ნ. ჯუღელი, ალექსანდრე კვალიაშვილი, დუდუხანა წეროძე, გრიგოლ წიტაიშვილი, გრიგოლ (გიგოლა) თალაკვაძე, ივანე გვინჩიძე, ა. ბოკუჩავა",http://geocinema.ge/ka/movies/205,http://geocinema.ge/uploads/old/poster/p205.jpg,ok
496,მიახლოება,1989,დრამა,"სს ""ქართული ფილმი""",90,,ალექსანდრე (საშა) რეხვიაშვილი,"ალექსანდრე (საშა) რეხვიაშვილი, ნუგზარ შატაიძე",არჩილ ფილიპაშვილი,ნოშრევან ნიკოლაძე,,გარი კუნცევი,,"ანა ნიჟარაძე, ჟანრი ლოლაშვილი, მარიამ (მარიკა) ჭიჭინაძე, მერაბ ნინიძე, იოსებ (სოსო) ლაღიძე, ლერი კენჭოშვილი, ლეო ანთაძე, ზინაიდა კვერენჩხილაძე, ნინელი ჭანკვეტაძე, ია ფარულავა",http://geocinema.ge/ka/movies/496,http://geocinema.ge/uploads/nophoto.png,ok
441,"მოდი, ვილაპარაკოთ",1986,,"სს ""ქართული ფილმი""",77,,რამაზ გიორგობიანი,რამაზ გიორგობიანი,მიხეილ მედნიკოვი,ნოდარ სულემანაშვილი,გიორგი (გოგი) ჩლაიძე,გურამ შუბლაძე,ნელი ქრისტესაშვილი,"რამაზ გიორგობიანი, მარინა კახიანი, ნიკა აგიაშვილი, ვარლამ ნიკოლაძე, ალექსანდრა არაყიშვილი, რუსუდან კიკნაძე, ევგენი ბასილაშვილი, სერგეი ვინოგრადოვი, ნინა იოფე, თინათინ კვაჭაძე, ირაკლი ჟვანია, სვეტლანა ვარდანიანი, ამირან ბუაძე, პაატა იაკაშვილი, თამარ სხირტლაძე, რუსუდან ბოლქვაძე, გულჩინა დადიანი, ნანული სარაჯიშვილი, ლუდმილა კრილოვა, ნანა მჭედლიძე, თ. ბახტაძე, ვაჟა ფირცხალაიშვილი, ბერტა ხაფავა, თამარ მამულაშვილი, ზ. მამუკელაშვილი, მარინა ბეჩინაშვილი, ც. ბუაჩიძე, ბესარიონ მაღლაკელიძე, მედეა იოსელიანი, გია მუჯირი, ვატო ციციშვილი, ლერი ფავლენიშვილი",http://geocinema.ge/ka/movies/441,http://geocinema.ge/uploads/nophoto.png,ok
458,ბებია ყველასათვის,1986,,"სს ""ქართული ფილმი""",83,,ნანა დვალიშვილი,ზაირა არსენიშვილი,ნუგზარ ერქომაიშვილი,ბორის ცხაკაია,გიორგი ცინცაძე,მიხეილ კილოსანიძე,ქეთევან თაღნიაშვილი,"მარინე თბილელი, გივი (გურამ) ფირცხალავა, თათია რუხაძე, გია დვალიშვილი, ნოდარ დუგლაძე, ბერტა ხაფავა, თამარ ქირიკაშვილი, დავით პაპუაშვილი, ბექარ მონავარდისაშვილი, ბაია (ბარბარე) დვალიშვილი, გივი თოხაძე, ლია კაპანაძე, შალვა ხერხეულიძე, მანონი აბაშიძე, რევაზ იმნაიშვილი, ნათელა მაჭავარიანი, თეა (ნათელა) გაბუნია, მარიკა გოგიჩაიშვილი, გიორგი დადიანი, იოსებ (სოსო) ჯაჭვლიანი, დარეჯან ჯოჯუა, ჯუმბერ ძიძავა, კახა თოლორდავა, მანანა სურმავა, ალეკო გეწაძე, ვლადიმერ ნამგალაშვილი, ავთანდილ მახარაძე",http://geocinema.ge/ka/movies/458,http://geocinema.ge/uploads/old/poster/p458.jpg,ok
182,ვინ შეკაზმავს ცხენს,1963,კინომოთხრობა,"სს ""ქართული ფილმი""",78,,შოთა მანაგაძე,"ივანე თარბა, ალექსანდრე ვიტენზონი, შოთა მანაგაძე",ფელიქს ვისოცკი,"შოთა გოგოლაშვილი, რომან მახარაძე",რევაზ ლაღიძე,ვლადიმერ დოლიძე,,"კოტე დაუშვილი, იოსებ (სოსო) გოგიჩაიშვილი, დალი ღოღელიანი, გია ნიკოლაიშვილი, მანანა მანაგაძე, ოთარ მეღვინეთუხუცესი, ოთარ არღუთაშვილი, ილია ბაკაკური, ეკატერინე ვერულეიშვილი, მინადორა ზუხბა, ვენერა ნეფარიძე, ა. ჭელიძე, მაია ტატიშვილი, ნანა ყიფიანი, ვიქტორ ნინიძე, კაპიტონ აბესაძე",http://geocinema.ge/ka/movies/182,http://geocinema.ge/uploads/nophoto.png,ok
818,უებრო სიყვარული,2007,,,13,,მაია ბურდული,მაია ბურდული,,,გიორგი (გოგი) ჩლაიძე,შორენა მანძულაშვილი,"ირაკლი ლომსაძე, ზაზა ზაუტაშვილი, კაკო ლომსაძე, ირაკლი გოგუაძე","ინეზა აბესაძე, ელგუჯა ბურდული, მაკა ვასაძე, აკაკი მაქაცარია, გიორგი ობოლაძე",http://geocinema.ge/ka/movies/818,http://geocinema.ge/uploads/nophoto.png,ok
230,დიდედები და შვილიშვილები,1969,,"სს ""ქართული ფილმი""",81,,ნანა მჭედლიძე,მერაბ ელიოზიშვილი,არჩილ ფილიპაშვილი,"ილამაზ (ზურაბ) მეძმარიაშვილი, დავით ლურსმანაშვილი",ნოდარ მამისაშვილი,ეთერ ჯებაშვილი,ვასილ დოლენკო,"ქეთევან ბოჭორიშვილი, მიშა მესხი, გოგი მგელაძე, ოთარ ყიფიანი, შალვა ხერხეულიძე, ვიკა მცხეთაძე, ეროსი მანჯგალაძე, მარინე თბილელი, ი. ჯავახიშვილი, ლალი ხაბაზაშვილი, ეკატერინე ვერულეიშვილი, ბ. სურმავა, კ. ხვიჩია, ლია კაპანაძე, ჯუმბერ ძიძავა, ნ. კარგანოვა, ვალენტინ დონღუზაშვილი, მაგდანა მჭედლიძე, ზ. სულუხია, ი. ჩხიკვაძე, ვ. დანგაძე, თ. ვარდიაშვილი",http://geocinema.ge/ka/movies/230,http://geocinema.ge/uploads/old/poster/p230.jpg,ok
491,"მათთვის, ვინც მამამ მიატოვა",1989,დრამა,"სს ""ქართული ფილმი""",46,,ზაზა ურუშაძე,"ზაზა ურუშაძე, გია ნოზაძე",იგორ ამასიისკი,ნოდარ სულემანაშვილი,ზურაბ ნადარეიშვილი,დიმიტრი გედევანიშვილი,ლალი ლაფანაშვილი,"რამაზ ქადარია, ნანა მამულაშვილი, ქართლოს მარადიშვილი, ლია ქობულაძე, თენგიზ პაპიძე, თამარ კინწურაშვილი, ვაჟა ვადაჭკორია, დიმიტრი შარვაძე, თამუნა დონდუა, გიორგი ანთაძე, ლ. შეპილოვა, თ. ბოგვერიძე, მალხაზ კურცხალია, ილია მათიაშვილი, ა. მურადაშვილი, გია ლეჟავა, თ. გერგაული, ა. ვეცკო, ალექსანდრა (საშა) მატარაძე, თამარ (თათული) დოლიძე, დ. კავსაძე, ნინო ჩხეიძე, ა. კალმახელიძე, თინათინ ბესაშვილი, პ. ბუხნიკაშვილი, ნინო კალანდაძე, ნ. გიგუაშვილი, მ. გიგუაშვილი, ე. თოხაძე, შ. კობალაძე, ლია ბახტაძე, დ. ღვალაძე, კ. შევარდნაძე",http://geocinema.ge/ka/movies/491,http://geocinema.ge/uploads/nophoto.png,ok
949,ეს ერთჯერადი ნივთები,2007,,გადაღებულია საერთაშორისო ასოციაცია INTAS-ის დაფინანსებით,20,,ანდრო ჭიაურელი,კოტე ჯანდიერი,ლევან პატარაია,ანკა კალატოზიშვილი,,,,"ქეთევან (ქეთი) ასათიანი, ლევან ბოჭორიშვილი, გიორგი კალანდარიშვილი, კახა კინწურაშვილი, გაგა ჩიხლაძე, ნინო ბურდული, დათო გომართელი, დავით (ჯაპანა) ხურცილავა, მარიკა ღარიბაშვილი",http://geocinema.ge/ka/movies/949,http://geocinema.ge/uploads/old/poster/p949.jpg,ok
042,ჯანყი გურიაში,1928,მუნჯი,"სს ""სახკინმრეწვი""",176,09.09.1929,ალექსანდრე წუწუნავა,ალექსანდრე წუწუნავა,ალექსანდრე დიღმელოვი,დიმიტრი შევარდნაძე,,,,"ალექსანდრე მესნიაევი, კოწია ერისთავი, ი. კორსუნსკაია, ტ. გურიელი, თამარ ბოლქვაძე, ელისაბედ ჩერქეზიშვილი, გაიოზ მელიავა, ვლადიმერ ტრაპაიძე, ალექსანდრე წითლიძე, სანდრო კანდელაკი, დავით ჩხეიძე, არკადი ხინთიბიძე, სიკო ფალავანდიშვილი, ისია ნაზარიშვილი, კოტე ანდრონიკაშვილი, შ. საფაროვი, ნიკოლოზ ელიოზიშვილი, დუდე ძნელაძე, სეფე ლორთქიფანიძე, ვიქტორ გამყრელიძე, ნიკო გვარაძე, ზაალ ტერიშვილი, შალვა ხუსკივაძე, ალექსანდრე გუგუშვილი, ვასილ ბალანჩივაძე, მიხეილ მგელაძე, დავით ქობულოვი (ქობულაშვილი), შალვა ღამბაშიძე, ნიკოლოზ მამულაშვილი, ლევან ხოტივარი, მარგარიტა ქილარჯიშვილი",http://geocinema.ge/ka/movies/042,http://geocinema.ge/uploads/ფოტო GNFC/3_3561_JANKI GURIASHI.jpg,ok
3181,ლექსად თქმული ქადაგებები,2009,,"სტუდია ""კოტსი""",56,,კობა ცხაკაია,კობა ცხაკაია,"დათო კუტუბიძე, თორნიკე მრევლიშვილი, კობა ცხაკაია",,,,კობა ცხაკაია,,http://geocinema.ge/ka/movies/3181,http://geocinema.ge/uploads/nophoto.png,ok
918,ანანოს დაბადების დღე,2003,,ტელეკომპანია ”იმედი”,39,,ოთარ (II) ლითანიშვილი,ოთარ (II) ლითანიშვილი,გია ფაილოძე,ოთარ (III) ლითანიშვილი,გიორგი ცინცაძე,"ზეზვა ფოჩხიძე, ელენე დავითულიანი",ირაკლი ჭეიშვილი,"ზურაბ გეწაძე, ნანა (ნანუკა) ლითანიშვილი, გიორგი (გოგა) პიპინაშვილი, დათო გომართელი, ხათუნა აბაშიძე, ალექსანდრე (სანდრო) სავიცკი, მარიშა მაისურაძე, თამუნა ჯაფარიძე, ალიკო ლორთქიფანიძე, ოთარ (III) ლითანიშვილი",http://geocinema.ge/ka/movies/918,http://geocinema.ge/uploads/nophoto.png,ok
327,ძახილი,1979,დრამა,"სს ""ქართული ფილმი""",70,,ყარამან (გუგული) მგელაძე,"ნოდარ დუმბაძე, ყარამან (გუგული) მგელაძე",ალექსანდრე სულამანიძე,რევაზ მირზაშვილი,იაკობ ბობოხიძე,ვლადიმერ დოლიძე,ჯულიეტა წოწონავა,"სესილია თაყაიშვილი, ვარლამ (ვალოდია) წულაძე, გიო მგელაძე, ვასილ პაპაიანიდი, გიორგი (გია) მაჩაიძე, ლია კაპანაძე, სოფიკო ჭიაურელი, ბერდია ინწკირველი, ალექსანდრე მეძმარიაშვილი, ზ. ღამბაშიძე, ნანა მაზურენკო, თ. დამოციევი, ტ. მანუკიანი, ტ. ტარიელაძე, ი. სურმანიძე, დ. იშხანიდი, გ. ასლანიდი",http://geocinema.ge/ka/movies/327,http://geocinema.ge/uploads/nophoto.png,ok
250,ჩაძირული ქალაქის მაძიებლები,1972,,"სს ""ქართული ფილმი""",71,,დევი აბაშიძე,მერაბ სარალიძე,ნიკოლოზ სუხიშვილი,შოთა გოგოლაშვილი,რევაზ ლაღიძე,ვაჟა მაჩაიძე,მარიამ ფრიდონოვა,"დუდუხანა წეროძე, ლალი ბადურაშვილი, ლალი ანდრონიკაშვილი, მიხეილ ვაშაძე, ვიქტორ ნინიძე, ოთარ კობერიძე, ოთარ მეღვინეთუხუცესი, იმედა კახიანი, კახა თავართქილაძე, დათო ყუფარაძე, პაატა კალანდაძე, გიორგი (გია) მატარაძე, გოჩა ძიძიშვილი, მ. მახარაშვილი, ნანა ყუფარაძე, მაგდანა მჭედლიძე, ი. ბადურაშვილი, ლევან კიტია, დ. ნემსაძე, მ. ხატიაშვილი, რევაზ ციცქიშვილი, თამარ ადამია, რევაზ (რეზო) თაბუკაშვილი, მ. აზმაიფარაშვილი, მ. წურწუმია, ა. მინდიაშვილი, ვ. მჭედლიძე",http://geocinema.ge/ka/movies/250,http://geocinema.ge/uploads/old/poster/p250.jpg,ok
850,ძვირფასო მ.,2000,,Callas Production Company,95,,ოთარ შამათავა,ლაშა თაბუკაშვილი,გიორგი ბერიძე,"გოჩა მაისურაძე, ოთარ შამათავა",ვინჩენცო ბელინი,გურამ გოგუა,"სოფიო მაჩაიძე, ოთარ შამათავა","სიენა ჯუილორი, ოთარ მეღვინეთუხუცესი, გიო მგელაძე, ლეო ანთაძე, ჯემალ ღაღანიძე, ნატო მურვანიძე, მიხეილ (მიშა) გომიაშვილი, გურანდა გაბუნია, ვაჟა გელაშვილი, ნიკოლოზ გომელაური, ხათუნა იოსელიანი, მარინა კახიანი, ზურაბ ყიფშიძე, მამუკა ლორია, ვლადიმერ (ლადო) მექვაბიშვილი, შოთა ქრისტესაშვილი",http://geocinema.ge/ka/movies/850,http://geocinema.ge/uploads/nophoto.png,ok
356,მოცურავე,1981,დრამა,"სს ""ქართული ფილმი""",91,,ირაკლი კვირიკაძე,ირაკლი კვირიკაძე,გურამ ტუღუში,ალექსანდრე ჯანშიევი,თეიმურაზ ბაკურაძე,მადონა თევზაძე,"ნელი ქრისტესაშვილი, მარინა ცხვედაძე","ელგუჯა ბურდული, რუსლან მიქაბერიძე, ბაადურ წულაძე, გივი (გურამ) ფირცხალავა, ნანა კვაჭანტირაძე, გია ლეჟავა, იმედა კახიანი, თეიმურაზ მურვანიძე, მაკა მახარაძე, ნანა ჯორჯაძე, ბერდია ინწკირველი, რ. გოგიაშვილი, რომან ჩიჩუა, ინეზა აბესაძე, გივი ღოღობერიძე, გიორგი (გოგი) ახვლედიანი, შ. ტატიშვილი, როლანდ კაკაურიძე, ა. სულიაური, ალექსანდრე ჯანშიევი, კ. ბოლქვაძე, ბადურ ბურდული, ა. პატიაშვილი, შოთა ჩაკვეტაძე, მიხეილ ნანეიშვილი, თემურ ჯიკაევი, სერგო ბაზიაშვილი",http://geocinema.ge/ka/movies/356,http://geocinema.ge/uploads/old/poster/p356.jpg,ok
740,ჰობოი,1977,,კომპანია ”ქართული ტელეფილმი”,28,,რევაზ კეზელი,"ედიშერ ყიფიანი, რევაზ კეზელი",პავლე სუხოვი,იური გეგეშიძე,ნოდარ გიგაური,შოველ ჩიტიძე,,"აბესალომ ლორია, ვახტანგ არეშიძე, ალექსანდრე ალაზნისპირელი, არჩილ მაჩაბელი, ალექსანდრე (საშკა) იოსელიანი, ნანა ანდრონიკაშვილი, გოგი ჯაფარიძე, დიმიტრი მძინარიშვილი, ვ. ხუბულური, ა. კუპრაძე, ბარბარე (ვარვარა) იანვარაშვილი, გელა შარვაძე, ა. ჯანიაშვილი, ვლადიმერ ჩიტიშვილი",http://geocinema.ge/ka/movies/740,http://geocinema.ge/uploads/nophoto.png,ok
385,მჭედელი,1982,კომედია,"სს ""ქართული ფილმი""",28,,ბიძინა ჩხეიძე,როლანდ ჯალაღონია,ალექსანდრე გვასალია,ვასილ არაბიძე,იაკობ ბობოხიძე,თენგიზ ნანობაშვილი,ვასილ დოლენკო,"შალვა ხერხეულიძე, ქეთევან ბოჭორიშვილი, ალექსანდრე ტურიაშვილი, ალექსანდრე (სანდრო) სავიცკი, ივანე საყვარელიძე, ტრისტან სარალიძე, თამარ ქირიკაშვილი",http://geocinema.ge/ka/movies/385,http://geocinema.ge/uploads/nophoto.png,ok
521,ღამის ვიზიტი,1974,,"სს ""ქართული ფილმი""",130,,ნიკოლოზ სანიშვილი,"არკადი ვაინერი, გიორგი ვაინერი","ლევ სუხოვი, ომარ ბრეგვაძე",ნიკოლოზ ყაზბეგი,"რევაზ ლაღიძე, გია ყანჩელი",ოთარ გეგეჭკორი,როზა ჯიკაევა,"გრიგოლ წიტაიშვილი, ბორის წიფურია, ბაადურ (ბადრი) ბეგალიშვილი, კოტე დაუშვილი, გიორგი გეგეჭკორი, მარინე თბილელი, ლადო ალექსი-მესხიშვილი, გიული ჭოხონელიძე, კარლო საკანდელიძე, ბარბარე ონოფრიშვილი, გივი თოხაძე, თენგიზ მაისურაძე, გიორგი თოლორდავა, მალხაზ გორგილაძე, მალხაზ ბებურიშვილი, ლია ელიავა, იმედა კახიანი, ეროსი მანჯგალაძე, ქართლოს მარადიშვილი",http://geocinema.ge/ka/movies/521,http://geocinema.ge/uploads/nophoto.png,ok
811,სამი სასიძო,1977,კომედია,"სს ""ქართული ფილმი""",17,,რევაზ ჭარხალაშვილი,რევაზ (რეზო) გაბრიაძე,ალექსანდრე სულამანიძე,შოთა გოგოლაშვილი,ნუგზარ ვაწაძე,"თომა ბეგიაშვილი, თენგიზ ნანობაშვილი",ჯულიეტა ბეზუაშვილი,"კახი კავსაძე, ბაადურ წულაძე, გივი ბერიკაშვილი",http://geocinema.ge/ka/movies/811,http://geocinema.ge/uploads/old/poster/p811.jpg,ok
365,წისქვილი ქალაქის გარეუბანში,1981,,"სს ""ქართული ფილმი""",66,,რეზო ესაძე,"რევაზ ინანიშვილი, რეზო ესაძე",ლევან პაატაშვილი,თეიმურაზ არჯევანიძე,იაკობ ბობოხიძე,მადონა თევზაძე,მადონა თევზაძე,"თამარ თვალიაშვილი, ლოლა ახალაია, ზაირა (ზაზა) ლებანიძე, ნანა ქავთარაძე, ლეო ანთაძე, აკაკი (კაკო) ბაქრაძე, მიხეილ ვაშაძე, ალექსანდრე ნარიმანაშვილი, გივი (გურამ) ფირცხალავა, ლეო (ლევან) ფილფანი, ბორის წიფურია, ვახტანგ ტაბლიაშვილი, ლევან უჩანეიშვილი, მ. სხირტლაძე, ლალი ართილაყვა, ჯემალ მაზიაშვილი, მარიამ (მარიკა) ჭიჭინაძე, ოთარ სეთურიძე, სპარტაკ კიკნაძე, შ. ჭუმბურიძე, რეზო კვესელავა, ვენერა ნეფარიძე, ტ. მუჩიაშვილი, კონსტანტინე (მინდია) ესაძე, ნიკო გარსევანიშვილი, დიმა კვესელავა, მამუკა ესაძე",http://geocinema.ge/ka/movies/365,http://geocinema.ge/uploads/nophoto.png,ok
457,"ეი, მაესტრო !",1987,,"სს ""ქართული ფილმი""",87,,ნოდარ მანაგაძე,"ერლომ ახვლედიანი, ნოდარ მანაგაძე, დავით ჯავახიშვილი",ლევან პაატაშვილი,გიორგი (გოგი) მიქელაძე,ნოდარ მამისაშვილი,ზურაბ ნადარაია,ჯულიეტა ბეზუაშვილი,"თენგიზ ამირიძე, ელენე კვირკველია, ეკატერინე მჭედლიძე, დალი ჩიტალაძე, მაყვალა გონაშვილი, ივანე საყვარელიძე, აბესალომ ასათიანი, თემურ ჩიკვაიძე, გაგი მოსეშვილი, ნანა ანდრონიკაშვილი, უ. ჯობაძე, დავით ჯავახიშვილი, თ. როინიშვილი, იური ჯიჯეიშვილი, მზია ბაგრატიონი, გია ბალანჩივაძე, გიორგი ლაგვილავა, გია ჩიხლაძე, სოსო ჩხეიძე, მ. ტეტუნაშვილი, ლევან ჩიკვაიძე, ნ. იაშვილი, მერი ჩხეიძე, ნოდარ ხუციშვილი",http://geocinema.ge/ka/movies/457,http://geocinema.ge/uploads/nophoto.png,ok
241,დაისი,1971,ფილმი-ოპერა,"სს ""ქართული ფილმი""",76,,ნიკოლოზ სანიშვილი,"ჯანსუღ ჩარკვიანი, ნიკოლოზ სანიშვილი",დუდარ მარგიევი,დიმიტრი თაყაიშვილი,ზაქარია ფალიაშვილი,ოთარ გეგეჭკორი,,"ნანა ყიფიანი, ქართლოს მარადიშვილი, ოთარ კობერიძე, ზურაბ ქაფიანიძე, დალი თუშიშვილი, გივი ბერიკაშვილი, მიხეილ ვაშაძე",http://geocinema.ge/ka/movies/241,http://geocinema.ge/uploads/old/poster/p241.jpg,ok
547,კედელი,1966,,სახტელერადიო,14,,ალექსანდრე (ალეკო) ნინუა,გიორგი სანადირაძე,პავლე შნაიდერი,დინარა ნოდია,,მიხეილ დარჩიევი,ალექსანდრა შულცი,"თამარ (II) დათუაშვილი, ალექსანდრე (საშკა) იოსელიანი, გია ფერაძე, ხათუნა იოსელიანი, თენგიზ ბოჭოიძე",http://geocinema.ge/ka/movies/547,http://geocinema.ge/uploads/nophoto.png,ok
626,"ო, რა ტკბილია განშორების ეს ნაზი სევდა (ევრიდიკე)",1991,,"სს ""ქართული ფილმი""",99,,ქეთი დოლიძე,ქეთი დოლიძე,მიხეილ მედნიკოვი,იური გეგეშიძე,გიორგი (გოგი) ჩლაიძე,იმერი მანჯგალაძე,როზა ჯიკაევა,"მერაბ ნინიძე, მარი (მარინა) ჯანაშია, რეზო ჩხიკვიშვილი, ლია კაპანაძე, ედიშერ მაღალაშვილი, ჯემალ მონიავა, თამაზ თოლორაია, რამაზ იოსელიანი, მზისა ქარჩავა, გივი დგებუაძე, ქეთი დოლიძე, ლევან ჟივიძე, თამარ ბზიავა",http://geocinema.ge/ka/movies/626,http://geocinema.ge/uploads/nophoto.png,ok
386,არაჩვეულებრივი რეისი,1982,,"სს ""ქართული ფილმი""",38,,ბიძინა ჩხეიძე,ბიძინა ჩხეიძე,ალექსანდრე გვასალია,ვასილ არაბიძე,იაკობ ბობოხიძე,თენგიზ ნანობაშვილი,ვასილ დოლენკო,"მამუკა კიკალეიშვილი, გურამ ლორთქიფანიძე, ივანე საყვარელიძე, ზეინაბ ბოცვაძე, გრიგოლ წიტაიშვილი, ვაჟა ფირცხალაიშვილი, ალეკო ვასაძე, თამარ თვალიაშვილი, თამაზ თოლორაია, ბერტა ხაფავა, მიხეილ ვაშაძე, ალექსანდრე (სანდრო) სავიცკი, რუსლან მიქაბერიძე, ჟუჟუნა დუგლაძე, თამარ ქირიკაშვილი, რუსუდან ბოლქვაძე, გულჩინა დადიანი, ელენე ასლამაზიშვილი, თინათინ სეფერთელაძე, იური ვასაძე, ემზარ ნიკოლაძე, გია გიგაშვილი, ჯემალ ტალაბაძე, ლია კაპანაძე, ეთერ კაპანაძე, ია ახობაძე, ტ. მერაბიშვილი, ავთანდილ მახარაძე, ნაირა მეფარიშვილი, ნანა ანდრონიკაშვილი",http://geocinema.ge/ka/movies/386,http://geocinema.ge/uploads/nophoto.png,ok
595,ერთაწმინდა,1994,კომედია,"სტუდია ""სხივი""",120,,ზურაბ თუთბერიძე,"ერლომ ახვლედიანი, ზურაბ თუთბერიძე, დავით ჯავახიშვილი",ნუგზარ ერქომაიშვილი,მიხეილ (II) ჭავჭავაძე,ზურაბ ნადარაია,ზურაბ ნადარაია,ნელი დევნოზაშვილი,"ჟანრი ლოლაშვილი, თამარ (თათული) დოლიძე, გიორგი ლოლაშვილი, გივი (გურამ) ფირცხალავა, რეზო ესაძე, თამაზ თოლორაია, იოსებ (სოსო) ლაღიძე, გიზო სიხარულიძე, მარინა საღარაძე, დარეჯან ხარშილაძე, ნანული სარაჯიშვილი, რეზო ჩხაიძე, მადონა ცინცაძე, ლელა ბიჩინაშვილი, ასმათ ტყაბლაძე, ეთერ გელოვანი, ლელა წურწუმია, ელენე (ჩიტო) ლანდია, იოსებ (სოსო) გოგიჩაიშვილი, ვაჟა ფირცხალაიშვილი, ზაურ რეხვიაშვილი",http://geocinema.ge/ka/movies/595,http://geocinema.ge/uploads/nophoto.png,ok
544,ბუზი,1996,დრამა,კომპანია ”ქართული ტელეფილმი”,20,,გია (გიო) ცინცაძე,გია (გიო) ცინცაძე,"პაატა ჟღენტი, გივი ქაშიბაძე",ნინო კალანდაძე,გიორგი ცინცაძე,"ლევან ქიშმიშევი, ელენე დავითულიანი",ვერა შიშმაკოვა–ნიკოლაძე,"გიორგი ხობუა, გელა გაბედავა, გიგა ბოკერია, ნატო ებანოიძე, ქეთი კანტიძე, ირაკლი მეტრეველი, ზურაბ მანაგაძე",http://geocinema.ge/ka/movies/544,http://geocinema.ge/uploads/nophoto.png,ok
843,ანგელოზის გადაფრენა,2000,დრამა,"სტუდია ""ნოე""",75,,ნოდარ მანაგაძე,"ამირან ჭიჭინაძე, ნოდარ მანაგაძე",ლერი მაჩაიძე,ჯემალ მირზაშვილი,,ზურაბ ნადარაია,,"ნინო (ნუცა) მაისურაძე, გვანცა მაისურაძე, ამირან ჭიჭინაძე, ნინო ქორიძე, დიმიტრი ჯაიანი, თემურ ბიჭიაშვილი, ზურაბ აბზიანიძე, ლიანა ხოშტარია",http://geocinema.ge/ka/movies/843,http://geocinema.ge/uploads/nophoto.png,ok
007,არსენა ყაჩაღი,1923,მუნჯი / დრამა,"სს ""სახკინმრეწვი""",65,16.05.1924,ვლადიმერ ბარსკი,ვლადიმერ ბარსკი,ალექსანდრე დიღმელოვი,"ვალერიან სიდამონ–ერისთავი, კ. ტირი",,,,"გრიგოლ ჩეჩელაშვილი, ნატო ვაჩნაძე, პავლე ესიკოვსკი, კოტე ანდრონიკაშვილი, ზაქარია ბერიშვილი, ვასილ (ვასო) არაბიძე, ასია ბარხუდაროვა, ივანე კრუჩინინი, გრიგორ ავეტიანი, თამარ თოიძე, იაკობ ლაფერაშვილი, ვასო აბაშიძე, გარსევან გომართელი, ზაალ ტერიშვილი",http://geocinema.ge/ka/movies/007,http://geocinema.ge/uploads/ზომაშეცვლილი/არსენა ყაჩაღი.jpg,ok
345,როგორ ვიცხოვრო უშენოდ,1980,,"სს ""ქართული ფილმი""",75,,ყარამან (გუგული) მგელაძე,"რევაზ (რეზო) ებრალიძე, ყარამან (გუგული) მგელაძე","ნუგზარ ერქომაიშვილი, ედუარდ გრიგორიანი",რევაზ მირზაშვილი,იაკობ ბობოხიძე,ვლადიმერ დოლიძე,ლუსია ვარტიკიანი,"ერეკლე კუხიანიძე, გიორგი (გოგი) მარგველაშვილი, ნანა ყუფარაძე, ქეთევან მგელაძე, ნინო სარჩიმელიძე, ნანული პირველი, ნიკოლოზ (ნიკუშა) შენგელაია, ლევან თუთბერიძე, ყარამან ქუთათელაძე, გია ბადრიძე, სიმონ დაშტუ, ლია კაპანაძე, იური ცანავა, ამირან ქადეიშვილი, ჟანი მიქაძე",http://geocinema.ge/ka/movies/345,http://geocinema.ge/uploads/nophoto.png,ok
923,"ჯერ შეიცადეთ... (""ოტელო"" ქუთაისში)",2003,,ტელეკომპანია ”იმედი”,45,,პაატა მილორავა,"ნათია გოგოჭური, პაატა მილორავა",გიორგი გერსამია,ჯემალ მირზაშვილი,ჭაბუკა ამირანაშვილი,მადონა თევზაძე,"ლალი კოლხიდაშვილი, ბექა გერსამია, ირაკლი ჭეიშვილი","შოთა ქრისტესაშვილი, მაია (მარიკა) სამანიშვილი, გოჩა ნემსიწვერიძე, ნუკრი კაპანაძე, ვალერი ფესტვენიძე, ქეთევან კოლხიდელი, ავთანდილ სახამბერიძე, თორნიკე მარჯანიშვილი, დავით როინიშვილი, შალვა კიკვაძე, ლევან კვიტაშვილი, მაგდა ბერაძე, ელზა სულაძე, გოჩა ნიკოლაძე",http://geocinema.ge/ka/movies/923,http://geocinema.ge/uploads/nophoto.png,ok
504,გზაჯვარედინი,1991,,"სს ""ქართული ფილმი""",36,,ლევან კიტია,"ლევან კიტია, კოტე ჯანდიერი, კახა თოლორდავა",არჩილ ახვლედიანი,გია მირზაშვილი,რეზო კიკნაძე,მადონა თევზაძე,"გულნარა (გულიკო) ომიაძე, მარინა კოლხიდაშვილი, ნანა ბახტაძე","მერაბ ნინიძე, ნინო თარხან-მოურავი",http://geocinema.ge/ka/movies/504,http://geocinema.ge/uploads/nophoto.png,ok
785,თეთრი დროშა,1989,დრამა,"სს ""ქართული ფილმი""",36,,გოდერძი ჩოხელი,გოდერძი ჩოხელი,"ნუგზარ ერქომაიშვილი, გურამ საძაგლიშვილი",ნიკოლოზ ზანდუკელი,იაკობ ბობოხიძე,გურამ გოგუა,ნელი დევნოზაშვილი,"ვლადიმერ (ლადო) ბურდული, ხათუნა ტურძელაძე, გივი (გურამ) ფირცხალავა, თამარ სხირტლაძე",http://geocinema.ge/ka/movies/785,http://geocinema.ge/uploads/nophoto.png,ok
944,ეს დღე რომ არ ყოფილიყო,2006,,Caucasus Global Cinema,31,,ხათუნა გიორგობიანი,"ბესარიონ (ბესო) გიორგობიანი, სალომე შარვაძე, ეკა ხანდოლიშვილი",მირიან შენგელაია,ნინო მორბედაძე,ეკატერინე ახობაძე,,"ხათუნა გიორგობიანი, მირიან შენგელაია","ანა გურჯი (გიორგობიანი), ნოდარ ხუციშვილი, მარიკა ქინქლაძე, ნიკოლოზ (ნიკა) თავაძე",http://geocinema.ge/ka/movies/944,http://geocinema.ge/uploads/nophoto.png,ok
543,დღე,1993,,კომპანია ”ქართული ტელეფილმი”,80,,ლევან ღლონტი,ლევან ღლონტი,"კახა ჭელიძე, დავით გუჯაბიძე","ვახტანგ თოფურიძე, გიორგი (გოგი) ტატიშვილი",თეიმურაზ ბაკურაძე,ირაკლი ბაკურაძე,"ეთერ ბურდული, ლილი დაროვსკაია","ილო ღლონტი, გია კანკავა, გურამ კანკავა, გიორგი ყვავილაშვილი, ელენე კალანდარიშვილი, კარლო ღლონტი, ავთანდილ მიქაძე, თეიმურაზ ცავა, მაკა ჩიჩუა, ნათია გუბენკო, მარინე ახვლედიანი, მამუკა ლეკიაშვილი, ნინო კირთაძე, ლევან კიტია, ლონდა ესაძე, ვახტანგ აბაიშვილი, შალვა ხუციშვილი, ნინო მდივანი, ეკატერინე (ეკა) აბულაძე",http://geocinema.ge/ka/movies/543,http://geocinema.ge/uploads/nophoto.png,ok
629,ვირთხა,1991,დრამა,"სს ""ქართული ფილმი""",80,,პაატა მილორავა,"ლაშა იმედაშვილი, პაატა მილორავა",ჯონი ყურაშვილი,"მარინე ცომაია, გიორგი (გოგი) ქუთათელაძე",თეიმურაზ ბაკურაძე,მადონა თევზაძე,ლალი კოლხიდაშვილი,"ირაკლი ხიზანიშვილი, ნინელი ჭანკვეტაძე, გია ლეჟავა, ზაზა მიქაშავიძე, ლეილა ძიგრაშვილი, ლია კაპანაძე, მარინა გარსევანიშვილი, ირმა ბერიანიძე, ეკატერინე (ეკა) ანდრონიკაშვილი, ლილი აბაშიძე, გივი ციცქიშვილი, გიორგი (გოგი) თურქიაშვილი, გივი ჩუგუაშვილი, რომან რცხილაძე, ზურა ქავთარაძე, სპარტაკ კიკნაძე, ანზორ ღვინერია",http://geocinema.ge/ka/movies/629,http://geocinema.ge/uploads/nophoto.png,ok
261,ბიჭები იასამნის ქუჩიდან,1974,,"სს ""ქართული ფილმი""",64,,ნელი ნენოვა,ნელი ნენოვა,იური კიკაბიძე,კახი ხუციშვილი,კონსტანტინე პევზნერი,დავით ლომიძე,"ჯულიეტა ბეზუაშვილი, მარგალიტა მარგველაშვილი","კოტე კიკაბიძე, დიმიტრი გუგუნავა, ნატო წულაია, ა. ლევინი, გ. ვოლსკი, ა. მამასახლისოვა, იური სუხანოვი, ნინო (II) დოლიძე, ვ. როგავა, ვახტანგ ციკოლია, ზ. ჩიქოვანი, კახა მხეიძე, სოფიკო ჭიაურელი, ბორის წიფურია, ჯემალ ღაღანიძე, ვაჟა (სულთან) კვიტაიშვილი, მალხაზ ბებურიშვილი, ვ. ბონდარენკო, იგორ გავრილენკო, თამაზ გამყრელიძე, ს. ჯაფარიძე, ვ. გარანკინი, დ. დემჩინსკი, ზ. თოდრაძე, გ. კალმახელიძე, კ. კანდელაკი, მ. ფირცხალაიშვილი, ა. შულგინი, ნ. ჭყონია, ე. ვასაძე, გ. დოლიძე",http://geocinema.ge/ka/movies/261,http://geocinema.ge/uploads/nophoto.png,ok
079,ჟუჟუნას მზითევი,1934,კომედია / მუნჯი,"სს ""სახკინმრეწვი""",79,23.08.1934,სიკო ფალავანდიშვილი,სიკო ფალავანდიშვილი,ვლადიმერ პოზნანი,შალვა მამალაძე,,,,"ალექსანდრა თოიძე, ილია მამფორია, გიორგი გაბელაშვილი, არკადი ხინთიბიძე, პავლე ჯალაღანია, კირილე მაჭარაძე, კიკა ხინთიბიძე, დავით ალავიძე, ქეთევან ანდრონიკაშვილი, ვლადიმერ დოლიძე, ალექსანდრე ლორთქიფანიძე, ალექსანდრე ალაზნისპირელი, ელენე ჩოხელი",http://geocinema.ge/ka/movies/079,http://geocinema.ge/uploads/nophoto.png,ok
783,მხოლოდ სიკვდილი მოდის აუცილებლად,1992,დრამა,"სს ""ქართული ფილმი""",130,,მარინა წურწუმია,ვიქტორ დუბროვსკი,იგორ კოჟევნიკოვი,გიგა ლაპიაშვილი,სერგეი შუსტიცკი,ალექსანდრე ზაკრჟევსკი,ვალენტინა ხარლაშოვა,"თენგიზ არჩვაძე, ლია ელიავა, ირაკლი ხიზანიშვილი, იმედა კახიანი, ქეთევან კიკნაძე, ვახტანგ ფირცხალავა, ნუგზარ ყურაშვილი, მამუკა ლორია, ლაშა ოყრეშიძე, ნიკო თოფურიძე, ეკა კახიანი, ქართლოს მარადიშვილი, ვაჟა ფირცხალაიშვილი",http://geocinema.ge/ka/movies/783,http://geocinema.ge/uploads/nophoto.png,ok
930,ბროდვეი–45,2007,,სტუდია ”სანგუკო”,60,,გიორგი მასხარაშვილი,გიორგი მასხარაშვილი,გიორგი მასხარაშვილი,გიორგი მასხარაშვილი,"ნიკა კოჩაროვი, რობერტ (რობი) კუხიანიძე",ანდრეი პროკოპენკო,გიორგი მასხარაშვილი,"ალექსანდრე (სანდრო) ჩიქოვანი, მიშა (უმც) მესხი, დინა ვინჩეკოვიჩი, ელვინ დენიელსი, კვადვო ასანტე ოსე, ლეო ილირი, კონ დენგი, ვილიამ ლიროი, ფრენკ ვაითი, ჟერარდ მარინაჩო, ცისანა ჯანიაშვილი, ბილი ბრეი, ჯერემი ოტერო, ქეთი რატიანი",http://geocinema.ge/ka/movies/930,http://geocinema.ge/uploads/old/poster/p930.jpg,ok
916,უსუი,2005,,კომპანია ”ნეოსტუდია”,36,,მერაბ კოკოჩაშვილი,ირაკლი ლომოური,დავით გუჯაბიძე,"კოტე ჯაფარიძე, სალომე სხირტლაძე",ნოდარ მამისაშვილი,გიორგი ბაბალაშვილი,გიორგი ბაბალაშვილი,"ლევან წულაძე, ნანუკა ხუსკივაძე, თემურ კლდიაშვილი, დიმიტრი ბათიაშვილი, ნანა მჭედლიძე, მედეა ჩახავა, დემეტრე (დუტა) სხირტლაძე, ელისაბედ ჭიჭინაძე",http://geocinema.ge/ka/movies/916,http://geocinema.ge/uploads/old/poster/p916.jpg,ok
131,ეთერის სიმღერა,1956,ბიოგრაფიული,"სს ""ქართული ფილმი""",101,01.02.1957,სიკო დოლიძე,სიკო დოლიძე,დიმიტრი ფელდმანი,რევაზ მირზაშვილი,ზაქარია ფალიაშვილი,ვლადიმერ დოლიძე,ვასილ დოლენკო,"ვალერიან კვაჭაძე, მედეა ჯაფარიძე, ბელა ვინოგრადოვა, ივანე რუსინოვი, ვასო გოძიაშვილი, ქეთი დოლიძე, რიმა კილაძე, ნიკოლოზ რიჟოვი, რამაზ ჩხიკვაძე, გიორგი გეგეჭკორი, მერაბ (მურად) ხინიკაძე, ლიანა ასათიანი, გურამ საღარაძე, ალექსანდრე (სანდრო) ჟორჟოლიანი, ლეონიდ (ლეო) ბაქრაძე, თამარ ციციშვილი, მეგი წულუკიძე, მერი შილდელი, ეთერ ჟორდანია, აკაკი (კაკო) კვანტალიანი, ოთარ ალექსიშვილი, ანატოლი სმირანინი, ალექსეი ზაგორსკი, დანიელ სლავინი, ედიშერ მაღალაშვილი, დავით(დოდო) აბაშიძე, მერი კანდელაკი, დავით ჩხეიძე, ალექსანდრე სიხარულიძე, მიხეილ მგელაძე, მერაბ გეგეჭკორი, ალექსანდრე (სესიკა) კუპრაშვილი",http://geocinema.ge/ka/movies/131,http://geocinema.ge/uploads/nophoto.png,ok
1028,მაგრამ რა მერე?!,1997,მელოდრამა / ვიდეოფილმი,ტელეკომპანია ”I არხი”,70,,რამაზ იოსელიანი,ირმა კეკელიძე,"ნოდარ ფილიშვილი, მიხეილ ყიფიანი",მალხაზ კუხაშვილი,მიხეილ ზაქარიაშვილი,"ნოდარ (II) ასათიანი, მალხაზ ვახტანგიშვილი",,"ეკა ჩხეიძე, თენგიზ გიორგაძე, ხათუნა იოსელიანი, იოსებ (სოსო) ლაღიძე, ირინა გუდაძე, დონარა გვრიტიშვილი, ნინო ლეჟავა, ლეილა ჭავჭანიძე, გიორგი (გოგა) გორგასანიძე, ამირან კეკელიძე, რამაზ იოსელიანი",http://geocinema.ge/ka/movies/1028,http://geocinema.ge/uploads/nophoto.png,ok
3355,ქართული კინო,2000,,TV Education Centre,18,,თამარ სულამანიძე,თამარ სულამანიძე,,,,,,,http://geocinema.ge/ka/movies/3355,http://geocinema.ge/uploads/nophoto.png,ok
011,სამი სიცოცხლე,1924,მუნჯი / დრამა,"სს ""სახკინმრეწვი""",153,24.01.1925,ივანე პერესტიანი,ივანე პერესტიანი,ალექსანდრე დიღმელოვი,სემიონ გუბინ-გუნი,,,,"ნატო ვაჩნაძე, მიხეილ გელოვანი, დიმიტრი ყიფიანი, ანა ლაგზდე, ზაქარია ბერიშვილი, თამარ ბოლქვაძე, კოტე მიქაბერიძე, ალექსანდრე კუსიკოვი, ვლადიმერ ობოლენსკი, ივანე კრუჩინინი, ცეცილია წუწუნავა, ივანე საბუროვი, მიხეილ მირზოიანი, ვანდა პოლიკევიჩი, ლ. რაზნოგოროდსკი, პატვაკან ბარხუდარიანი, თამარ ერისთავი, ვ. დანიჩი, მიხეილ კალატოზიშვილი, შალვა ელიაშვილი, რუსუდან თარხნიშვილი, ერასტი ბილანიშვილი, მიხეილ სულთანიშვილი, ზაალ ტერიშვილი",http://geocinema.ge/ka/movies/011,http://geocinema.ge/uploads/ფოტო GNFC/3_3729_SAMI SITSOTSKHLE.jpg,ok
658,მყუდრო სავანე,1971,,კომპანია ”ქართული ტელეფილმი”,80,,კარლო ღლონტი,ამირან ჭიჭინაძე,გიორგი ქორელი,გიორგი (გოგი) მიქელაძე,ფელიქს (ფილიპე) ღლონტი,შოველ ჩიტიძე,,"ლეილა ყიფიანი, ვასილ ჩხაიძე, ავთანდილ მახარაძე, მერაბ თავაძე, გრიგოლ ტყაბლაძე, ია ხობუა, კაპიტონ აბესაძე, ვახტანგ მიხელიძე, ნოდარ მგალობლიშვილი, იოსებ (სოსო) ლაღიძე, თამარ (თათული) დოლიძე, მერაბ გეგეჭკორი, ნუნუ მაჭავარიანი, ჯუმბერ ძიძავა, როსტომ ჩხეიძე, დიმიტრი ომიაძე, ლამზირა ჩხეიძე",http://geocinema.ge/ka/movies/658,http://geocinema.ge/uploads/nophoto.png,ok
274,მეზობლები,1971,,"სს ""ქართული ფილმი""",29,,რევაზ ჭარხალაშვილი,რევაზ ჭარხალაშვილი,იგორ ამასიისკი,გივი გიგაური,გია ყანჩელი,თენგიზ ნანობაშვილი,მარიამ ფრიდონოვა,"იპოლიტე ხვიჩია, ვასილ კახნიაშვილი, დავით(დოდო) აბაშიძე, ეთერ მოციქულაშვილი, ც. პაპიაშვილი, ა. გაბინაშვილი, ნ. გაბუნია",http://geocinema.ge/ka/movies/274,http://geocinema.ge/uploads/nophoto.png,ok
005,წითელი ეშმაკუნები,1923,მუნჯი / სათავგადასავლო,"""განსახკომის"" კინოსექცია",137,30.09.1923,ივანე პერესტიანი,,ალექსანდრე დიღმელოვი,ფიოდორი პუში,ივანე გოკიელი,როსტისლავ ლაპინსკი,ვასილ დოლენკო,"კონსტანტინე დავიდოვსკი, პავლე ესიკოვსკი, სოფია ჟოზეფი, კადორ ბენ-საიბ, ვლადიმერ სუტირინი, გ. ლეინი, ნ. ნიროვი, სვეტლანა ლიუქსი, იან ბურინსკი, ვიტალი ბრიანსკი, ზაქარია ბერიშვილი, პატვაკან ბარხუდარიანი, გიორგი მაკაროვი, დ. სვეტლოვი, ვიქტორ გამყრელიძე, ზაალ ტერიშვილი, ნიკოლოზ ნაგორნი",http://geocinema.ge/ka/movies/005,http://geocinema.ge/uploads/ფოტო GNFC/3_4979a_TSITELI ESHMAKUNEBI.jpg,ok
705,ელზა,1991,დრამა,კომპანია ”ქართული ტელეფილმი”,105,,ჰარტმუტ გრიესმაიერი,"დავით აგიაშვილი, მანფრედ იაკობსი, ჰარტმუტ გრიესმაიერი",კლაუს-პეტერ ვებერი,"გიგა ლაპიაშვილი, გიუნტერ ნაუმანი",იუნგენ ვოლტერი,,,"გიორგი (გოგი) ხარაბაძე, ჰანელორე ელსნერი, მათიას კნიესბექი, დავით კვირცხალია, ნიკა (ხარება) ხარაბაძე, ქეთევან ფანცხავა, ბაია (ბარბარე) დვალიშვილი, ედა ლესჩი, გეორგ ლეჰნი, მათიას პონიერი, ნანული სარაჯიშვილი",http://geocinema.ge/ka/movies/705,http://geocinema.ge/uploads/nophoto.png,ok
170,ზღვის ბილიკი,1962,,"სს ""ქართული ფილმი""",68,,რევაზ (რეზო) ჩხეიძე,"ანზორ სალუქვაძე, რეზო ჭეიშვილი",ფელიქს ვისოცკი,"დიმიტრი ერისთავი, ალექსანდრე ვერულეიშვილი",სულხან ცინცაძე,რაფიელ კეზელი,ვასილ დოლენკო,"სერგო ზაქარიაძე, რუსუდან ფარემუზაშვილი, მერაბ თავაძე, ირაკლი ქოქრაშვილი, ნოდარ ფირანიშვილი, რ. კანდელაკი, რევაზ ჯანაშვილი, მ. კაპანაძე, ჯ. ზაქარიაძე, იოსებ (სოსო) ბერძენიშვილი, ნათელა პეტროვა, ნ. მაჩაიძე, ლალი ართილაყვა",http://geocinema.ge/ka/movies/170,http://geocinema.ge/uploads/old/poster/p170.jpg,ok
975,მეტეოიდიოტი,2008,ტრაგიკომედია,,96,,ნანა ჯორჯაძე,ირაკლი კვირიკაძე,"მიხეილ (მიხო) კვირიკაძე, ვალტერ ვან დენ ენდე",ვაჟა ჯალაღანია,"მ. პაულ, ვან ბრიუგე",,,"მერაბ ნინიძე, ანა ანტონოვიჩი, რამაზ ჩხიკვაძე, ნინო კირთაძე, ჩულპან ხამატოვა, ტომას ურბი, ელენე ბეზარაშვილი, ივა გოგიტიძე",http://geocinema.ge/ka/movies/975,http://geocinema.ge/uploads/old/poster/p975.jpg,ok
919,მშრალი ხიდის სიზმრები,2003,,ტელეკომპანია ”იმედი”,40,,ნანა ჯანელიძე,ნანა ჯანელიძე,გიორგი ბერიძე,გიორგი (გოგი) მიქელაძე,თემურ მაისაშვილი,"ზურაბ ნადარაია, გია ჯავახიშვილი","დათო რიკიაშვილი, კაკო ქუთელია","ბაადურ (ბადრი) ბეგალიშვილი, დიმიტრი (ჯუნა) მიქატაძე, ნინო კურატაშვილი, თეიმურაზ (თემიკო) ჭიჭინაძე, რამაზ გემიაშვილი, ალექსანდრე ნიჟარაძე, კონსტანტინე (კოტე) თოლორაია, ნატო ებანოიძე, დიმიტრი (დიმა) მერაბიშვილი, აპოლონ კუბლაშვილი, ირაკლი ვაჩნაძე, გია გოგიშვილი, სანდრო ცაავა, სოსო მჭედლიშვილი, ჯაბა სულაკაძე, გულნარა პინტერია",http://geocinema.ge/ka/movies/919,http://geocinema.ge/uploads/nophoto.png,ok
983,ბედნიერება,2009,,,30,,სალომე (ნუცა) ალექსი-მესხიშვილი,ზაირა არსენიშვილი,გიორგი ბერიძე,ვაჟა ჯალაღანია,გია ყანჩელი,"ნასიმ ელ მუნაბი, კირილ ჰოლცი","სოფიო მაჩაიძე, ელენე მურჯიკნელი","გია აბესალაშვილი, ნიკა ბახია, რუსუდან ბოლქვაძე, ნინო გომართელი, პაატა გულიაშვილი, ლია კაპანაძე, ქეთი კანტიძე, ნინო კასრაძე, ია სუხიტაშვილი, ლანა ტოგონიძე, სანდრო ტოგონიძე, გიო ტოგონიძე, ანა გორდეზიანი",http://geocinema.ge/ka/movies/983,http://geocinema.ge/uploads/nophoto.png,ok
934,სამნი,2006,,"სტუდია ""მაფალუ""",78,,დავით ქვარცხავა,დავით ქვარცხავა,გია კუსრაშვილი,ნოდარ ამაშუკელი,,ზურაბ ნადარაია,მალხაზ ახობაძე,"აპოლონ კუბლაშვილი, ლუბა (ბუბა) გოგორიშვილი, ანი გიუნტერი",http://geocinema.ge/ka/movies/934,http://geocinema.ge/uploads/old/poster/p934.jpg,ok
315,ლიმონის ტორტი,1977,კომედია,"სს ""ქართული ფილმი""",17,,"რევაზ (რეზო) გაბრიაძე, ამირან დარსაველიძე",რევაზ (რეზო) გაბრიაძე,ლერი მაჩაიძე,ვაჟა ჯალაღანია,ნანა ავალიშვილი,ვილჰელმ გოგიჩაიშვილი,ევგენია ბეჟანოვა,"კახი კავსაძე, გივი ბერიკაშვილი, ბაადურ წულაძე, გრიგოლ გრძელიშვილი, აბესალომ ლორია, ზოზო (იასონ) ბაქრაძე, დავით ლომიძე, შოთა დაუშვილი, თამაზ დანელია, კოტე ბურჯანაძე",http://geocinema.ge/ka/movies/315,http://geocinema.ge/uploads/old/poster/p315.jpg,ok
085,ქაჯეთი,1936,,"სს ""სახკინმრეწვი""",30,25.08.1937,კოტე მიქაბერიძე,კოტე მიქაბერიძე,ალექსანდრე დიღმელოვი,"მიხეილ გოცირიძე, რევაზ მირზაშვილი",შალვა მშველიძე,როსტისლავ ლაპინსკი,,"თამარ ციციშვილი, კოხტა ყარალაშვილი, შალვა ხოფერია, სანდრო კანდელაკი, კოკი დადიანი, ვლადიმერ (ლადო) გვიშიანი, დიმიტრი სუხიტაშვილი-გლდანელი",http://geocinema.ge/ka/movies/085,http://geocinema.ge/uploads/Kajeti.jpg,ok
012,ტარიელ მკლავაძის მკვლელობის საქმე,1925,მუნჯი / დრამა,"სს ""სახკინმრეწვი""",72,07.03.1925,ივანე პერესტიანი,შალვა დადიანი,ალექსანდრე დიღმელოვი,სემიონ გუბინ-გუნი,,,,"კოტე მიქაბერიძე, ნატო ვაჩნაძე, მიხეილ ქადაგიძე, მიხეილ კალატოზიშვილი, ალბერტ, დიმიტრი ყიფიანი, შალვა დადიანი, შალვა ხუსკივაძე",http://geocinema.ge/ka/movies/012,http://geocinema.ge/uploads/ფოტო GNFC/3_4088_TARIEL MKLAVADZIS SAQME.jpg,ok
231,სემირამიდას ბაღები,1970,,"სს ""ქართული ფილმი""",93,,სიკო დოლიძე,სიკო დოლიძე,ფელიქს ვისოცკი,კახი ხუციშვილი,დავით თორაძე,ვლადიმერ დოლიძე,ვასილ დოლენკო,"მეგი წულუკიძე, გიორგი კიკაძე, დუდუხანა წეროძე, იპოლიტე ხვიჩია, გალინა სპოლუდენაია, ვიქტორ პოლიშჩუკი, დანიელ ილჩენკო, ანტონინა კრასილიჩა, კოტე დაუშვილი, ვახტანგ ნინუა, იაკობ ტრიპოლსკი, ვლადიმერ ვოლკოვი, ოლღა მატეშკო, ვასილ ჩხაიძე, ირაკლი ქოქრაშვილი, ლია კაპანაძე, ამირან ქადეიშვილი, ვ. პეტკო, მარგარიტა კრინიცინა, ანატოლი ბარჩუკი, გივი თოხაძე, გ. დარისპანაშვილი, ელენე საყვარელიძე, მერი კანდელაკი, ნინო (ჩიტოლია) ჩხეიძე, მარინე თბილელი, ო. სეფერთელაძე, გედეონ ნავროზაშვილი, ირაკლი ნიჟარაძე, ი. არობელიძე, ალექსანდრე (სესიკა) კუპრაშვილი, ვალერიან დოლიძე, ლადო კალანდაძე",http://geocinema.ge/ka/movies/231,http://geocinema.ge/uploads/nophoto.png,ok
836,თოვლის ბაბუა,1986,,,40,,მიხეილ ანთაძე,მიხეილ ანთაძე,,ლევან მელიქიშვილი,კაკო ვაშალომიძე,მადონა თევზაძე,,"ზურაბ ყიფშიძე, ნინო კირთაძე, თემურ კალანდაძე, ელენე ყიფშიძე, მამუკა ლორია, ლევან ლორთქიფანიძე, კარლო ღლონტი, ქეთი დოლიძე, ჯუმბერ ძიძავა, ანზორ ურდია, მერაბ შარიქაძე, ლევან კიტია, მანანა ხობუა, ლია მიქაძე",http://geocinema.ge/ka/movies/836,http://geocinema.ge/uploads/nophoto.png,ok
572,სამოთხე ჩვენი ქალაქის ქუჩებში,2000,,კომპანია ”ქართული ტელეფილმი”,61,,გიორგი გაჩეჩილაძე,გიორგი გაჩეჩილაძე,გიორგი ბერიძე,მიხეილ ფოცხვერაშვილი,დავით საყვარელიძე,გარი კუნცევი,ვერა შიშმაკოვა–ნიკოლაძე,"ბაადურ წულაძე, ზურაბ ყიფშიძე, ლევან კიტია, ნანა შონია, ცოტნე ნაკაშიძე, ზაზა პაპუაშვილი, ნინო კასრაძე, თეიმურაზ (თემიკო) ჭიჭინაძე, გიორგი ნაკაშიძე, თამარ მაყაშვილი, ეკა ნიჟარაძე, ლევან ქვარიანი, ირაკლი გაჩეჩილაძე, ზურა შარია, ბესარიონ (ბესო) სოლომანაშვილი",http://geocinema.ge/ka/movies/572,http://geocinema.ge/uploads/nophoto.png,ok
435,ელისა და რარუს თავგადასავალი,1986,სათავგადასავლო,"სს ""ქართული ფილმი""",78,,გურამ პეტრიაშვილი,გურამ პეტრიაშვილი,ნიკოლოზ სუხიშვილი,"რევაზ მირზაშვილი, ვაჟა ჯალაღანია",ალექსანდრე რაქვიაშვილი,გურამ გოგუა,ნათელა შენგელია,"ნინო მეიშვილი, ზურაბ ყიფშიძე, რუსუდან კიკნაძე, რუსლან მიქაბერიძე, იური ვასაძე, შოთა ქრისტესაშვილი, ლია კაპანაძე, გიზო სიხარულიძე, ედიშერ მაღალაშვილი, ბერტა ხაფავა, იმედა კახიანი, პაატა ბარათაშვილი, პავლე ნოზაძე, მიხეილ (უმც) ჯოჯუა, გ. ფურცელაძე, ზ. რამაზაშვილი, ვაჟა ჯალაღანია, პაატა მოისწრაფიშვილი, ე. კიკალიშვილი, გ. ლობჟანიძე, გურამ პეტრიაშვილი",http://geocinema.ge/ka/movies/435,http://geocinema.ge/uploads/nophoto.png,ok
477,ჭა,1988,კომედია,"სს ""ქართული ფილმი""",36,,პავლე ჩარკვიანი,"რეზო ჭეიშვილი, პავლე ჩარკვიანი",აბესალომ მაისურაძე,კახი ხუციშვილი,გივი გაჩეჩილაძე,თამაზ კვატაშიძე,ჯულიეტა წოწონავა,"ჟანრი ლოლაშვილი, ტრისტან სარალიძე, ლერი ზარდიაშვილი, გიორგი ბასიშვილი, ივანე საყვარელიძე, ირაკლი აფაქიძე, მიხეილ ვაშაძე, ჯემალ ღაღანიძე, შალვა გედევანიშვილი, ოთარ ზაუტაშვილი, ლია კაპანაძე, ბერტა ხაფავა, ნანა მჭედლიძე, ნანული სარაჯიშვილი, ბესარიონ ხიდეშელი, ვაჟა ნოდია, ვლადიმერ ბრეგვაძე, ვლადიმერ ჩიტიშვილი, ვასილ რცხილაძე, ელენე (ჩიტო) ლანდია",http://geocinema.ge/ka/movies/477,http://geocinema.ge/uploads/nophoto.png,ok
176,აპრილი,1962,ფილმი-ზღაპარი,"სს ""ქართული ფილმი""",45,,ოთარ იოსელიანი,"ერლომ ახვლედიანი, ოთარ იოსელიანი",იური ფედნევი,ედუარდ ლაპკოვსკი,სულხან ნასიძე,ვაჟა მაჩაიძე,,"ტატიანა ჭანტურია, გიორგი ჭირაქაძე, აკაკი ჩიკვაიძე, ვენერა მაისურაძე, ა. ჯორბენაძე",http://geocinema.ge/ka/movies/176,http://geocinema.ge/uploads/old/poster/p176.jpg,ok
703,ბიძინა,1987,,კომპანია ”ქართული ტელეფილმი”,34,,თეიმურაზ კვანტალიანი,თეიმურაზ კვანტალიანი,ოლეგ ბაშნინი,ვასილ არაბიძე,,გურამ შუბლაძე,,"ნოდარ მგალობლიშვილი, მარლენ ეგუტია, გიზო სიხარულიძე, ვაჟა ფირცხალაიშვილი, ჯ. მეიფარიანი, ჯონი ჯანჯალაშვილი, გ. ბერიშვილი, ნინო ვაჩნაძე, გივი ჩუგუაშვილი, გ. წავკისელი, ბესიკ ხელაშვილი, რ. დურახანიანი, ი. დოლიძე, ა. მერაბიშვილი, ვ. დაფქვიაშვილი",http://geocinema.ge/ka/movies/703,http://geocinema.ge/uploads/old/poster/p703.jpg,ok
752,იასამანი,1997,,"სტუდია ""დამოუკიდებელი ფილმი”",75,,ილია ჩაჩანიძე,გიორგი კაჭარავა,იგორ ამასიისკი,გენო ცაავა,ვახტანგ კახიძე,,,"ლევან აბაშიძე, თეა გიორგობიანი, მიხეილ კობახიძე, ლევან უჩანეიშვილი, რეზო ესაძე, გიორგი (გოგი) ქავთარაძე, ამირან ამირანაშვილი, თემურ ჯორჯაძე, დათო სოხაძე",http://geocinema.ge/ka/movies/752,http://geocinema.ge/uploads/nophoto.png,ok
849,როგორც ლურჯა ცხენები,2003,,"სტუდია ""8""",92,,"თინათინ მენაბდე, კახა მელითაური","თინათინ მენაბდე, ჯარჯი აქიმიძე","კახა ჭელიძე, გია ფაილოძე","თინა ჩირინაშვილი, სიმონ (II) მაჩაბელი",ნიკა მემანიშვილი,"ზურაბ ნადირაძე, თორნიკე გელაშვილი",ცისანა ციხისელი,"ნოდარ ხმალაძე, ედიშერ მაღალაშვილი, ვალერი ხარიუტჩენკო, ავთანდილ მიქაძე, ბაია (ბარბარე) დვალიშვილი, დავით დოლიძე, ზაზა ლემონჯავა",http://geocinema.ge/ka/movies/849,http://geocinema.ge/uploads/nophoto.png,ok
963,ჯართოსანი,2009,,სტუდია ”სინემარტი”,25,,ნონა გიუნაშვილი,მალხაზ ბარბაქაძე,სილოვან (ბაჩი) სულამანიძე,გურამ ნავროზაშვილი,თამარ ჟორდანია,მალხაზ ბარბაქაძე,ლალი კოლხიდაშვილი,"მამუკა ლორია, დავით დარჩია, თამარ ადამია, თამარ სხირტლაძე, იოსებ (სოსო) ხაინდრავა, მიხეილ არჯევანიძე, თემურ კალანდაძე, მარიკა გოგიჩაიშვილი, მაია ხორნაული, ილიკო სონღულაშვილი",http://geocinema.ge/ka/movies/963,http://geocinema.ge/uploads/nophoto.png,ok
911,37 გრადუსი ცელსიუსით,2005,,თეატრისა და კინოს უნივერსიტეტი,30,,თამარ სულამანიძე,"თამარ სულამანიძე, გიორგი (გოგა) ცხვედიანი",თამაზ გოგინაშვილი,"გელა კინწურაშვილი, ომარ ქელბაქიანი",,"თამაზ მჭედლიძე, ვატო ვარაზი","თამარ სულამანიძე, გელა კინწურაშვილი","დავით როინიშვილი, ამირან შარმანაშვილი, მაკა აბჟანდაძე, გეგი ფალიანი, ქეთევან კოლხიდელი",http://geocinema.ge/ka/movies/911,http://geocinema.ge/uploads/nophoto.png,ok
948,კომენდანტის საათი,2006,,ეროვნული კინოცენტრი,17,,ლევან ადამია,"ირაკლი სოლომანაშვილი, ლევან ადამია",კახა ბუხრაშვილი,"ბენო ჭიჭიაშვილი, ნინო ნამიჭეიშვილი, ნატა ფერაძე",ნიკა მაჩაიძე,გია ჯავახიშვილი,ლევან ადამია,"ბესარიონ (ბესო) სოლომანაშვილი, ირაკლი ბერძენიშვილი, დავით როინიშვილი, დავით დოლიძე, დავით გაბიჩვაძე, სოფიკო გორგაძე, გიტოშა ხუციშვილი, ნინო გაჩეჩილაძე-მღებრიშვილი, ნიკა ვოროშილოვი",http://geocinema.ge/ka/movies/948,http://geocinema.ge/uploads/nophoto.png,ok
492,ოცდაათი სანტიმეტრი ზღვის დონიდან,1989,ფანტასტიური,"სს ""ქართული ფილმი""",35,,მიხეილ ანთაძე,ამირან ჭიჭინაძე,მიხეილ მედნიკოვი,ლევან გვეტაძე,თეიმურაზ ბაკურაძე,მადონა თევზაძე,ზიზო ქურხული,"ალექსანდრე (სანდრო) თედიაშვილი, თემურ კალანდაძე, მანანა დავითაშვილი, ალფრედ შოთაშვილი, ივანე საყვარელიძე, გია (გივი) ქსოვრელი, ოთარ მიქელაძე (მაცაბერიძე), ხათუნა ჭავჭანიძე, კახა ჩიქოვანი, ნანა ლორთქიფანიძე, ლევან ლორთქიფანიძე, ლამზირა ჩხეიძე, ცისანა კაკაბაძე, ანზორ ქარჩავა, ზ. ჯაში, შ. ხარაზი, ვლადიმერ მეტონიძე, აკაკი ბერძენიშვილი, ქეთევან ჯავახიშვილი, გიორგი (გიო) ხვადაგიანი, გიორგი ჩიქოვანი, ნიკოლოზ (ნიკუშა) ანთაძე",http://geocinema.ge/ka/movies/492,http://geocinema.ge/uploads/nophoto.png,ok
717,წერილი ნაძვებს,1986,,კომპანია ”ქართული ტელეფილმი”,36,,გოდერძი ჩოხელი,გოდერძი ჩოხელი,ნიკოლოზ სუხიშვილი,ვაჟა ჯალაღანია,ვახტანგ კახიძე,შოველ ჩიტიძე,ნანა არეშიძე,"გურამ პეტრიაშვილი, აბრეკ ფხალაძე, ბერტა ხაფავა, ლეილა შოთაძე, ლერი ზარდიაშვილი, ვ. ჩოქური, ოთარ გუნცაძე, ლევ გავრილოვი",http://geocinema.ge/ka/movies/717,http://geocinema.ge/uploads/old/poster/p717.jpg,ok
681,ხსოვნა,1989,,კომპანია ”ქართული ტელეფილმი”,147,,გივი ვეფხვაძე,"თამაზ მამულაშვილი, გივი ვეფხვაძე","ტრისტან კანდელაკი, ილია ვაჩნაძე",გიგა ლაპიაშვილი,ნუნუ დუღაშვილი,შოველ ჩიტიძე,ნინო აბაშიშვილი,"რეზო ჩხიკვიშვილი, დარეჯან ხარშილაძე, ნინო ჩხეიძე, აბესალომ ლორია, იოსებ (სოსო) ხაინდრავა, ავთანდილ მიქაძე, მერაბ შარიქაძე, დავით დვალიშვილი, ნელი ჯავახიშვილი, აკაკი (კაკო) ბაქრაძე, თამარ სვანი, ლია კაპანაძე, ვაჟა ფირცხალაიშვილი, ჯემალ მონიავა, ირაკლი (კუკური) ბექაია, თამაზ კიკნაძე, სვეტლანა არუსლანოვა, ქეთევან ბოჭორიშვილი, ხათუნა ჩაგელიშვილი, ამირან ბეჟაშვილი, ჯემალ მაზიაშვილი, მამუკა ლორია, აკაკი აფხაზავა, ლევან (ლეო) სოხაშვილი, ნიკო დეკანოსიძე, კახა მიგინეიშვილი, ლალი ნიკოლაძე, მაყვალა ჩახვაშვილი, პაშა გიორგაძე, ლევან შარიქაძე, მურთაზ გიორგაძე, ზურაბ ლაბაძე, ვეფხია გელაშვილი, ხათუნა მშვენიერაძე, ლელა უჩიძე, ელენე ჩხეიძე, ტასიკო ჩხეიძე, ჟორჟიკა ჩხეიძე, გიორგი (გელა) რევაზიშვილი, იოსებ (სოსო) გოგიჩაიშვილი, მარლენ კიტია, ქეთევან ვეფხვაძე, ნინო ნანიტაშვილი",http://geocinema.ge/ka/movies/681,http://geocinema.ge/uploads/nophoto.png,ok
218,ფერისცვალება,1968,,"სს ""ქართული ფილმი""",83,,ლანა ღოღობერიძე,"ლანა ღოღობერიძე, ნანა ხატისკაცი",ნიკოლოზ სუხიშვილი,გივი გიგაური,ნოდარ მამისაშვილი,ვლადიმერ დოლიძე,სოფიო არაქჩევა,"გეიდარ ფალავანდიშვილი, რუსუდან კიკნაძე, სოფიკო ჭიაურელი, ლია კაპანაძე, ბაადურ წულაძე, თენგიზ მაღალაშვილი, სესილია თაყაიშვილი, რამაზ გიორგობიანი, რევაზ ხობუა, კახი კავსაძე, გრიგოლ (გიგოლა) თალაკვაძე, გიორგი (გოგი) ხარაბაძე, ოთარ ყიფიანი, გია ავალიშვილი, რ. კორძახია, ს. მონადირაშვილი, გია ფერაძე, გივი ჭიჭინაძე",http://geocinema.ge/ka/movies/218,http://geocinema.ge/uploads/nophoto.png,ok
424,დედუნა,1985,,"სს ""ქართული ფილმი""",64,,დავით (დათო)  ჯანელიძე,რევაზ ინანიშვილი,ლერი მაჩაიძე,"შოთა გოგოლაშვილი, მალხაზ დეკანოიძე",იაკობ ბობოხიძე,იმერი მანჯგალაძე,"სოფიო მაჩაიძე, თამარ ნაფეტვარიძე","მარეხი ლიქოკელი, ბესიკ ოდოშაშვილი, ლეო (ლევან) ფილფანი, ზაქარია (ზაზა) კოლელიშვილი, თამარ სხირტლაძე, ირინა გუდაძე",http://geocinema.ge/ka/movies/424,http://geocinema.ge/uploads/old/poster/p424.jpg,ok
528,სამი მანეთი,1975,კომედია,"სს ""ქართული ფილმი""",21,,რამაზ შარაბიძე,რევაზ (რეზო) გაბრიაძე,აბესალომ მაისურაძე,ნოდარ სულემანაშვილი,ჯანსუღ კახიძე,დავით ლომიძე,ოფელია გევორქიანი,"კახი კავსაძე, ბაადურ წულაძე, გივი ბერიკაშვილი",http://geocinema.ge/ka/movies/528,http://geocinema.ge/uploads/old/poster/p528.jpg,ok
532,ნიძლავი,1975,,"სს ""ქართული ფილმი""",28,,რამაზ შარაბიძე,რევაზ (რეზო) გაბრიაძე,აბესალომ მაისურაძე,ნოშრევან ნიკოლაძე,ჯანსუღ კახიძე,თენგიზ ნანობაშვილი,ოფელია გევორქიანი,"კახი კავსაძე, ბაადურ წულაძე, გივი ბერიკაშვილი",http://geocinema.ge/ka/movies/532,http://geocinema.ge/uploads/old/poster/p532.jpg,ok
529,თერმომეტრი,1975,კომედია,"სს ""ქართული ფილმი""",20,,რამაზ შარაბიძე,რევაზ (რეზო) გაბრიაძე,აბესალომ მაისურაძე,ნოდარ სულემანაშვილი,ჯანსუღ კახიძე,დავით ლომიძე,ოფელია გევორქიანი,"კახი კავსაძე, გივი ბერიკაშვილი, ბაადურ წულაძე, ეროსი მანჯგალაძე, აბრეკ ფხალაძე",http://geocinema.ge/ka/movies/529,http://geocinema.ge/uploads/old/poster/p529.jpg,ok
839,უნამუსო,1997,,თეატრისა და კინოს უნივერსიტეტი,7,,გიორგი ხარებავა,გიორგი ხარებავა,ნუგზარ ნოზაძე,,,გიორგი (გია) აბაშიძე,,"ბესარიონ ხიდეშელი, მამუკა ლორია",http://geocinema.ge/ka/movies/839,http://geocinema.ge/uploads/nophoto.png,ok
638,შნო,1978,,კომპანია ”ქართული ტელეფილმი”,16,,დიმიტრი ბათიაშვილი,ლევან ჭელიძე,იგორ კრეპსი,მალხაზ კუხაშვილი,ვახტანგ კუხიანიძე,მიხეილ დარჩიევი,მზია გვაზავა,"ეთერ აბზიანიძე, ზაზა კობერიძე, მაია ჩიჯავაძე, ვლადიმერ ტყაბლაძე, მზია დათუნაშვილი, დიმიტრი თოფურიძე",http://geocinema.ge/ka/movies/638,http://geocinema.ge/uploads/old/poster/p638.jpg,ok
952,ორი ხევსური,2006,,სტუდია ”სანგუკო”,13,,ზაქარია (ზაზა) კოლელიშვილი,"ზაქარია (ზაზა) კოლელიშვილი, ზვიად არაბული",თამაზ გოგინაშვილი,"ზაქარია (ზაზა) კოლელიშვილი, ჯემალ მირზაშვილი",რომან რცხილაძე,,"მარინა კოლხიდაშვილი, მერაბ ახვლედიანი","მიშა (უმც) მესხი, ივანე იანტბელიძე, რომან რცხილაძე",http://geocinema.ge/ka/movies/952,http://geocinema.ge/uploads/old/poster/p952.jpg,ok
654,მსურველებს შეუძლიათ ჩაეწერონ,1973,,კომპანია ”ქართული ტელეფილმი”,63,,ალექსანდრე (ალეკო) ნინუა,ლევან ჭელიძე,პავლე შნაიდერი,მალხაზ კუხაშვილი,,მიხეილ დარჩიევი,ალექსანდრა შულცი,"გურამ ღოღობერიძე, არჩილ გვალია, ხვიჩა მიქელაძე, თემურ კვინიკაძე, ამირან დოლიძე, ნიკა ძიძიგური, ზურაბ ნინუა, მანუჩარ შერვაშიძე, რევაზ ჯიბლაძე, ალექსანდრე ჩხაიძე, ვაჟა ბჟალავა, იოსებ კობალაძე, აკაკი მგელაძე, ნინო საკანდელიძე, ნინო თეთრაძე, სერგო ამაღლობელი, ელენე ბრეუსი, შალვა ბრეუსი, არჩილ კომახიძე",http://geocinema.ge/ka/movies/654,http://geocinema.ge/uploads/nophoto.png,ok
307,ბენზინის ჩამომსხმელი,1977,,"სს ""ქართული ფილმი""",28,,ბიძინა ჩხეიძე,"ბიძინა ჩხეიძე, ვიტალი ფეტისოვი",ფელიქს ვისოცკი,მიხეილ მედნიკოვი,ოლეგ კარავაიჩუკი,,,"ბიძინა ჩხეიძე, ქეთი დოლიძე, ზურაბ ყიფშიძე, იპოლიტე ხვიჩია, ფელიქს ვისოცკი, თეიმურაზ ალექსიშვილი, ავთანდილ გენძეხაძე, ამირან ბეჟაშვილი, ივანე თაბაგარი, ლევან (ლეო) სოხაშვილი, ზოზო (იასონ) ბაქრაძე, ოთარ ზაუტაშვილი, რევაზ ჭარხალაშვილი, რევაზ იმნაიშვილი, მიხეილ ნანეიშვილი, სერგო არუთინოვი, მ. გაგელაშვილი",http://geocinema.ge/ka/movies/307,http://geocinema.ge/uploads/nophoto.png,ok
3382,გალობის რაინდები,2010,,"სტუდია ""სტუქო""",47,,ნანა ჯანელიძე,თემურ (თემო) ჭკუასელი,გიორგი ბერიძე,ზურა მიქელაძე,მიხეილ მდინარაძე,,ალექსანდრე კვატაშიძე,"რატი ამაღლობელი, ზურაბ გეწაძე, მიხეილ (II) ჯავახიშვილი, ნინო გაჩეჩილაძე-მღებრიშვილი, ლევან ხვიჩია, დიმიტრი ტატიშვილი, ტრისტან სიხარულიძე, გური სიხარულიძე, მერაბ კალანდაძე, ირაკლი ჩოლოყაშვილი, გიორგი (გოგი) თურქიაშვილი, გეგი ფალიანი, გია ჯაფარიძე, მამუკა ბოგვერაძე, კოტე მჟავია, ივანე ტუღუში, ლაშა ოყრეშიძე, ციალა გურგენიძე, ნინო გომართელი, ელდარ სახლთხუციშვილი, მარიამ აბულაძე, ნინო (II) აბულაძე, თათია ქარსელაძე, თენგიზ წულაია, როლანდ ნადარეიშვილი, ლევან ბოჭორიშვილი, გიორგი (II) ჭუმბურიძე, ზურაბ(პიკო) ნიჟარაძე, ლეონტი შიოშვილი, ვალერი ტორონჯაძე, ნუგზარ ახალკაცი, კობა კრიჭაშვილი, შოთა კვიცინაძე, ფერდინანდ ლორთქიფანიძე, ლია კრიჭაშვილი, ქეთი აბაზაძე, ალექსანდრე სანაძე",http://geocinema.ge/ka/movies/3382,http://geocinema.ge/uploads/nophoto.png,ok
245,ზღვის მგელი,1972,,"სს ""ქართული ფილმი""",20,,რევაზ ჭარხალაშვილი,"რეზო ჭეიშვილი, რევაზ ჭარხალაშვილი",იგორ ამასიისკი,შოთა გოგოლაშვილი,გია ყანჩელი,თენგიზ ნანობაშვილი,მარიამ ფრიდონოვა,"ლია ელიავა, ჯემალ ღაღანიძე, დავით(დოდო) აბაშიძე, გიორგი თოლორდავა, ო. ჩხეიძე, შოთა გაბელაია, ოთარ ზაუტაშვილი, ნინო საკანდელიძე, მანუჩარ შერვაშიძე, ნ. ღაღანიძე, ვლადიმერ ცინცაძე, ლევან (ლეო) სოხაშვილი, ი. ბარნაბიშვილი, ვ. ვორონოვი, გ. გიგოლაშვილი, ამირან ტაკიძე, იუსუფ ზოიძე, კ. ჩიტაძე, ო. კანკია",http://geocinema.ge/ka/movies/245,http://geocinema.ge/uploads/nophoto.png,ok
141,მაიაკოვსკი იწყებოდა ასე ...,1958,კინომოთხრობა,"სს ""ქართული ფილმი""",97,24.08.1959,კონსტანტინე პიპინაშვილი,"კარლო გოგოძე, კონსტანტინე პიპინაშვილი",ფელიქს ვისოცკი,ევგენი მაჭავარიანი,ალექსი მაჭავარიანი,"ვლადიმერ დოლიძე, ოთარ გეგეჭკორი",,"როდამ ჭელიძე, აკაკი ხორავა, ნინა შატერნიკოვა, ანტონინა მაქსიმოვა, ემა სუდაკოვა, გურამ წერეთელი, ზურაბ (კუკური) ლაფერაძე, ედიშერ მაღალაშვილი, ირინე მაღალაშვილი, იგორ ვლადიმიროვი, მიხეილ ყვარელაშვილი, ენრიკო ღაღანიძე, აკაკი ვასაძე, ლაზარე ყაზაიშვილი, ლუდვიგ ზაკრჟევსკი, პეტრე დოლჟანოვი, ვასო გოძიაშვილი, კონსტანტინე მიუფკე, ლეონიდ პიროგოვი, სერგეი გოლოვანოვი, ვახტანგ ნინუა, ბუხუტი ზაქარიაძე, ვალერიან დოლიძე, მიხეილ მგელაძე, გია მუჯირი, შალვა ბეჟუაშვილი, ალექსანდრე ალაზნისპირელი, ვახტანგ მეგრელიშვილი, ა. ჩიქვინიძე, კირა ანდრონიკაშვილი, ვ. ლოსიცკი, თენგიზ ამირანაშვილი, მიხეილ ურუშაძე, დიმიტრი ყიფიანი, შალვა ხონელი (გოგოლაშვილი)",http://geocinema.ge/ka/movies/141,http://geocinema.ge/uploads/old/poster/p141.jpg,ok
264,კაპიტნები,1974,,"სს ""ქართული ფილმი""",67,,თამაზ გომელაური,ბორის ანდრონიკაშვილი,"გივი რაჭველიშვილი, გიორგი გერსამია",დიმიტრი ერისთავი,გია ყანჩელი,რაფიელ კეზელი,ნელი ფარცვანია,"თეიმურაზ წიქორიძე, ვაჟა ქოქრაშვილი, ვასილ ჩხაიძე, იური ოგანეზოვი, ჯუმბერ შაქარაშვილი, ბორის წიფურია, გია იაშვილი, მანუჩარ შერვაშიძე, ბაადურ წულაძე, გრიგოლ წიტაიშვილი, როლანდ კაკაურიძე, ნინო თუთბერიძე, ლეილა მახარაძე, გ. სარუხანიანი, მურად ვაშაკიძე, სერგო კუნჭულია, ალექსანდრე (შურა) ჯაგარბეკოვი, ჯემალ ღაღანიძე",http://geocinema.ge/ka/movies/264,http://geocinema.ge/uploads/nophoto.png,ok
631,ღამის ცეკვა,1991,დრამა,"სს ""ქართული ფილმი""",105,,ალექსანდრე (ალეკო) ცაბაძე,ალექსანდრე (ალეკო) ცაბაძე,ლერი მაჩაიძე,გიორგი (გოგი) ტატიშვილი,ავთო ნაცარაშვილი,მადონა თევზაძე,ლალი კოლხიდაშვილი,"ზურაბ ბეგალიშვილი, ამირან (II) ამირანაშვილი, ბერდია ინწკირველი, ბესარიონ (ბესო) გაბისონია, ნანა რომელაშვილი, ზ. ერქომაიშვილი, მ. იობიძე, სერგო ურიადმყოფელი, რუსუდან ქვლივიძე, თამთა გოგუაძე, კახა გაბელაია, ავთო ნაცარაშვილი, მზია მაღლაკელიძე, შ. ვაშაკიძე, ვ. კერესელიძე, ჯიმშერ (ჯიმი) ლომიძე, ხ. ლომიძე, სერგო ტატალაშვილი, ა. ხვედელიძე, თ. ყულიევა, ლუდმილა ალიმბარაშვილი, ზენგ ხოანგ ნამი, კაო ვან ფიონგ",http://geocinema.ge/ka/movies/631,http://geocinema.ge/uploads/nophoto.png,ok
835,მეჯლისი გაყიდულ სახლში,1985,,სასწავლო სტუდია,50,,მიხეილ ანთაძე,"კოტე ჯანდიერი, მიხეილ ანთაძე",გური (გურამ) შენგელაია,ლევან მელიქიშვილი,გიგა თაგაური,მადონა თევზაძე,ოლიკო მეტრეველი,"თემურ ბადრიაშვილი, მაკა ბარდაველიძე, გია ძოძუაშვილი, მიხეილ (უმც) ჯოჯუა, ენრიკო ღოღობერიძე, თემურ კალანდაძე, ლევან წულაძე, ნინო ბურდული, ნანა შონია, რუსუდან ბოლქვაძე, ალექსი ჯაყელი, მერაბ მირცხულავა, ირაკლი მაჭარაშვილი, მაია ფაჩუაშვილი, ლევან ლორთქიფანიძე, დავით ცინცაძე, ოთარ კობერიძე, თეონა ჩარკვიანი, შოთა ქორქია, დიმიტრი ყაყიჩაშვილი",http://geocinema.ge/ka/movies/835,http://geocinema.ge/uploads/nophoto.png,ok
234,ჩამავალი მზე,1970,,"სს ""ქართული ფილმი""",25,,თემურ ფალავანდიშვილი,"ლევან ჭელიძე, თემურ ფალავანდიშვილი",გენო ჩირაძე,მიხეილ მედნიკოვი,ვახტანგ კუხიანიძე,ვლადიმერ დოლიძე,ჯულიეტა წოწონავა,"სესილია თაყაიშვილი, ვასილ ჩხაიძე, ოთარ ზაუტაშვილი, თეა (ნათელა) გაბუნია, გიორგი (გოგი) ხარაბაძე, ალექსანდრე (სესიკა) კუპრაშვილი, შოთა ინასარიძე, შოთა გაბელაია, ალექსანდრე (სანდრო) ჟორჟოლიანი, ელდარ ბაღდავაძე, ა. სიჭინავა, ჯემალ ქურდიანი, გედეონ ნავროზაშვილი",http://geocinema.ge/ka/movies/234,http://geocinema.ge/uploads/old/poster/p234.jpg,ok
242,გათენების წინ,1971,,"სს ""ქართული ფილმი""",68,,ყარამან (გუგული) მგელაძე,რეზო ჭეიშვილი,ფელიქს ვისოცკი,დავით ლურსმანაშვილი,ნუგზარ ვაწაძე,თენგიზ ნანობაშვილი,ჯულიეტა ბეზუაშვილი,"გივი (გურამ) ფირცხალავა, თენგიზ არჩვაძე, გია ნარიმანიძე, მანანა ცხოვრებოვა, ლეო (ლევან) ფილფანი, კარლო საკანდელიძე, იპოლიტე ხვიჩია, ზინაიდა კვერენჩხილაძე, გიორგი გოცირელი, გია ბადრიძე, გრიგოლ (გიგოლა) თალაკვაძე, სპარტაკ ბაღაშვილი, იუსუფ ზოიძე, ნოდარ მარგველაშვილი, ბორის წიფურია, აბესალომ ლორია, იოსებ (სოსო) გოგიჩაიშვილი, ჟანი მიქაძე, არჩილ მაჩაბელი, შალვა გედევანიშვილი, თამარ სხირტლაძე, ქეთევან მგელაძე, ლ. ბარათაშვილი, თემურ ჩაჩავა, ზურაბ ქაფიანიძე, ვასილ ჩხაიძე, ნოდარ სოხაძე, თამაზ დანელია, ჯემალ ღაღანიძე",http://geocinema.ge/ka/movies/242,http://geocinema.ge/uploads/nophoto.png,ok
411,სკაპენის ოინები,1984,კომედია,"სს ""ქართული ფილმი""",130,,"გიორგი კალატოზიშვილი, მიხეილ (უმც) კალატოზიშვილი",ლეონიდ ზორინი,აბესალომ მაისურაძე,თეიმურაზ არჯევანიძე,გია ყანჩელი,გურამ შუბლაძე,ჯულიეტა ბეზუაშვილი,"არჩილ გომიაშვილი, გურამ ლორთქიფანიძე, ლეო ანთაძე, იმედა კახიანი, ნინელი ჭანკვეტაძე, ნინო ბურდული, ლევან აბაშიძე, ვლადიმერ პინჩევსკი, თამარ სხირტლაძე, ლია გუდაძე, ბაადურ წულაძე, სიმონ დაშტუ, თეა (ნათელა) გაბუნია, გიორგი (გია) მატარაძე, ვოლდემარ გრუზეცი, ლიანა მკრტიჩიანი, ნიკოლოზ კიკვაძე, გია ბალანჩივაძე, ვალერი შატაკიშვილი, ვასილ კოჭლამაზაშვილი, ხ. კაკალაშვილი, გიორგი კოკოჩაშვილი, შალვა კოკოჩაშვილი",http://geocinema.ge/ka/movies/411,http://geocinema.ge/uploads/old/poster/p411.jpg,ok
772,კოლხური ბალადა,1975,დრამა,"სს ""ქართული ფილმი""",64,,გენო ხოჯავა,გენო ხოჯავა,იგორ კრეპსი,რუსუდან (I) კიკნაძე,იაკობ ბობოხიძე,,,"სპარტაკ ბაღაშვილი, გივი (გურამ) ფირცხალავა, შალვა ხერხეულიძე, თემურ ჩაჩავა, ვაჟა ქობულაშვილი, თენგიზ ბერიძე, ნიკო ჯადუგიშვილი, ნაირა ჭიჭინაძე, კახა კახიაშვილი",http://geocinema.ge/ka/movies/772,http://geocinema.ge/uploads/nophoto.png,ok
047,კრაზანა,1928,მუნჯი,"სს ""სახკინმრეწვი""",76,25.12.1928,კოტე მარჯანიშვილი,"კოტე მარჯანიშვილი, ვიქტორ შკლოვსკი",სერგეი ზაბოზლაევი,ვალერიან სიდამონ–ერისთავი,,,,"ნატო ვაჩნაძე, ილიკო მერაბიშვილი, ალექსანდრე იმედაშვილი, ელიაზარ იმერელი, ვიქტორ ჭანკვეტაძე, ალექსანდრე ლორთქიფანიძე, პეტრე მორსკოი",http://geocinema.ge/ka/movies/047,http://geocinema.ge/uploads/ფოტო GNFC/3_3510_KRAZANA.jpg,ok
609,ციხე-სიმაგრე,1993,,"კინოკომპანია ""შვიდკაცა""",108,,დავით (დათო)  ჯანელიძე,დავით (დათო)  ჯანელიძე,ლერი მაჩაიძე,ჯემალ მირზაშვილი,დავით ევგენიძე,იმერი მანჯგალაძე,სოფიო მაჩაიძე,"კარლ–ჰაინც ბეკერი, ლუდმილა ალიმბარაშვილი, თემურ ხიდაშელი, ამირან ამირანაშვილი, გურამ ჩხარტიშვილი, ბერდია ინწკირველი, ნინო ბრეგვაძე, მაია ფაჩუაშვილი, თამარ სხირტლაძე, ლეო ანთაძე, ბუბუშკა ჭიჭინაძე, შოთა ქრისტესაშვილი, ხათუნა იოსელიანი, ოთარ ბაღათურია, ლია კაპანაძე, მზია მაღლაკელიძე, გურამ გეგეჭკორი, ვლადიმერ (ლადო) მექვაბიშვილი, გოჩა კაპანაძე, მალხაზ ქვრივიშვილი, გიორგი ქვრივიშვილი, მარინე იშხნელი, ნოდარ მწარიაშვილი",http://geocinema.ge/ka/movies/609,http://geocinema.ge/uploads/nophoto.png,ok
512,იქ-ჩემთან,1990,დრამა,"სს ""ქართული ფილმი""",100,,ზაზა ხალვაში,ზაზა ხალვაში,ჯიმშერ ქრისტესაშვილი,ზაზა ჯორბენაძე,იაკობ ბობოხიძე,გურამ გოგუა,ლეილა აშიანი,"ნინო კობერიძე, ნატაშა შენგელაია, ლალი მესხი, გიორგი (გოგი) ახვლედიანი, ბერდია ინწკირველი, გივი ჩუგუაშვილი, ზურაბ ცინცქილაძე, ზურაბ სტურუა, გიორგი (გია) ბართაია, როლანდ კაკაურიძე, სულხან თურმანიძე, თამთა ხალვაში, გვანცა თურმანიძე, ირაკლი ფალავანდიშვილი, კონსტანტინე პატარაია, ნანა კიკვაძე, ცირა აბზიანიძე, ნუნუ ხინიკაძე, ეზული დიასამიძე, მერაბ ჩიქოვანი, რ. ბერაია",http://geocinema.ge/ka/movies/512,http://geocinema.ge/uploads/nophoto.png,ok
157,კარდაკარ,1960,დრამა,"სს ""ქართული ფილმი""",65,,"ოთარ აბესაძე, მერაბ კოკოჩაშვილი",რევაზ (რეზო) თაბუკაშვილი,არჩილ ფილიპაშვილი,"ილამაზ (ზურაბ) მეძმარიაშვილი, ტატიანა კრიმკოვსკაია",არჩილ კერესელიძე,"მიხეილ ათანელოვი, ეთერ ჯებაშვილი",,"გრიგოლ (გიგოლა) თალაკვაძე, სესილია თაყაიშვილი, გრიგოლ ტყაბლაძე, კაპიტონ აბესაძე, ნინო ჩხეიძე, მანანა მეძმარიაშვილი, თენგიზ მდივანი, ბადრი კობახიძე, დავით ქუთათელაძე, კარლო საკანდელიძე, ჯემალ ღაღანიძე, გიორგი ტატიშვილი, კონსტანტინე (კოტე) თოლორაია, ალექსანდრე (სესიკა) კუპრაშვილი, ირაკლი ქოქრაშვილი, ირაკლი ნიჟარაძე, ალექსანდრე სიხარულიძე, იამზე გვათუა",http://geocinema.ge/ka/movies/157,http://geocinema.ge/uploads/nophoto.png,ok
523,ცოტნე დადიანი,1971,,კომპანია ”ქართული ტელეფილმი”,17,,ალექსანდრე ჟღენტი,რევაზ (რეზო) ებრალიძე,ოთარ ჭუმბურიძე,როსტომ სარიშვილი,,ევგენი მასსი,,"ოთარ მეღვინეთუხუცესი, აბესალომ ლორია, მზეჭაბუკ (ჭაბუა) ამირეჯიბი, ვასილ ჩხაიძე, თამაზ გამყრელიძე, გივი ჯაჯანიძე, აკაკი მესაბლიშვილი, თემურ მაღრაძე, სიმონ მაჭავარიანი",http://geocinema.ge/ka/movies/523,http://geocinema.ge/uploads/nophoto.png,ok
382,სევდიანი საყვირი,1982,,კომპანია ”ქართული ტელეფილმი”,74,,დავით კობახიძე,"ზურაბ ჩხაიძე, დავით კობახიძე",ვიქტორ ანდრიევსკი,ალექსანდრე ჯანშიევი,ნოდარ მამისაშვილი,ნუცა შოშიტაიშვილი,ნელი ქრისტესაშვილი,"ნუგზარ სუჯაშვილი, ლადო გაბაშვილი, გიორგი ჭიჭინაძე, ვასო ხახუტაშვილი, ირაკლი ხიზანიშვილი, გოგი კარსანიძე, ზეინაბ ბოცვაძე, მარინე თბილელი, გიორგი გეგეჭკორი, კარლო საკანდელიძე, ქეთევან ესაიაშვილი, ტ. გოლაძე, ჟ. ელიაშვილი, პ. ყიფშიძე, ბონდო გოგინავა, ივანე იანტბელიძე, ზურაბ ჩხაიძე, ზ. ლემონჯავა, გია ფარადაშვილი, ტ. გელენიძე",http://geocinema.ge/ka/movies/382,http://geocinema.ge/uploads/nophoto.png,ok
513,ალყა,1990,დრამა,"სს ""ქართული ფილმი""",90,,ომარ გვასალია,ომარ გვასალია,"ვადიმ ალისოვი, გურამ საძაგლიშვილი","ზურაბ(პიკო) ნიჟარაძე, ნიკოლოზ ზანდუკელი",თეიმურაზ ბაკურაძე,გარი კუნცევი,ნელი ქრისტესაშვილი,"ზურაბ ყიფშიძე, გივი (გურამ) ფირცხალავა, გურამ პეტრიაშვილი, ივანე (ვანო) ჩუბინიძე, ივანე საყვარელიძე, გივი ხახიძე, თემურ ჩაჩავა, ალექსანდრე მახარაძე, ვახტანგ მიხელიძე, შალვა კოკოჩაშვილი, გიორგი კოკოჩაშვილი",http://geocinema.ge/ka/movies/513,http://geocinema.ge/uploads/nophoto.png,ok
636,ქერათმიანი ქალიშვილი,1968,,კომპანია ”ქართული ტელეფილმი”,20,,დიმიტრი ბათიაშვილი,"რევაზ (რეზო) ჩხეიძე, თეიმურაზ მიქაძე","ირაკლი ონოფრიშვილი, თენგიზ ლომიძე",გიორგი (გიგა) ბათიაშვილი,გია ყანჩელი,ლევან ქიშმიშევი,,"ირაკლი უჩანეიშვილი, გია ფერაძე, იზა გიგოშვილი, კოტე ანთაძე, რუსუდან კიკნაძე",http://geocinema.ge/ka/movies/636,http://geocinema.ge/uploads/nophoto.png,ok
794,გრაციოზო,1988,მელოდრამა,"სს ""ქართული ფილმი""",54,,არმაზ ბურნაძე,"არმაზ ბურნაძე, ნუგზარ შატაიძე",დუდარ მარგიევი,გია ლაფერაძე,,ნუცა შოშიტაიშვილი,ეთერ თავაძე,"კარლო საკანდელიძე, ვალერიან იაშვილი, თამარ სხირტლაძე, ოთარ ყიფიანი, ალექსანდრე ჩივაძე, რამაზ შენგელია, ვლადიმერ გუცაევი, სოსო სალარიძე, ირაკლი ჭიჭინაძე, გურამ ლორთქიფანიძე, ლია გუდაძე, გივი (გურამ) ფირცხალავა, ქეთო სმოიანი, ფატი გიორგაძე, დათო შიოლაშვილი, დავით ქუთათელაძე, საბა პაპაშვილი",http://geocinema.ge/ka/movies/794,http://geocinema.ge/uploads/old/poster/p794.jpg,ok
859,მთვარიანი ველის სერენადა,2004,,ტელეკომპანია ”იმედი”,104,,ზაზა ბუაძე,ზაზა ბუაძე,,,,,,"სოფიკო ჭიაურელი, ლევ დუროვი, ნინო ბურდული, ლარისა გუზეევა, ზურა შარია, მიხეილ (მიშა) გომიაშვილი, მურმან ჯინორია, ალეკო მახარობლიშვილი, მაია ტურიაშვილი, ნანა ლორთქიფანიძე",http://geocinema.ge/ka/movies/859,http://geocinema.ge/uploads/nophoto.png,ok
412,ორშაბათი ჩვეულებრივი დღეა,1984,,"სს ""ქართული ფილმი""",132,,ვალერიან კვაჭაძე,ალექსანდრე ჩხაიძე,ნიკოლოზ სუხიშვილი,ჯემალ მირზაშვილი,ოთარ თაქთაქიშვილი,ვლადიმერ ნიკონოვი,ნაზი (ლეილა) მუხიგულაშვილი,"თენგიზ არჩვაძე, მარი (მარინა) ჯანაშია, ლალი ბადურაშვილი, თამარ სხირტლაძე, მიხეილ ვაშაძე, გივი ბერიკაშვილი, ვარლამ ნიკოლაძე, ზეინაბ ბოცვაძე, ნატალია პაიჭაძე, ვალერიან კვაჭაძე, გრიგოლ (გიგოლა) თალაკვაძე, ზინოვი გერტი, გია ბადრიძე, მერაბ თავაძე, თეონა ჩარკვიანი, გიორგი ხობუა, ვლადიმერ ნიკოლაიშვილი, რამაზ გიორგობიანი",http://geocinema.ge/ka/movies/412,http://geocinema.ge/uploads/nophoto.png,ok
378,გზის დასაწყისი,1982,,"სს ""ქართული ფილმი""",90,,ლიანა ელიავა,ლიანა ელიავა,გიორგი გერსამია,"რევაზ მირზაშვილი, თენგიზ (ჩუბჩიკა) მირზაშვილი",იაკობ ბობოხიძე,თენგიზ თოდაძე,გულნარა (გულიკო) ომიაძე,"მარი (მარინა) ჯანაშია, თენგიზ არჩვაძე, ლევან ერისთავი, გურანდა გაბუნია, თამარ სხირტლაძე, რევაზ მირზაშვილი, ნუგზარ ლორია, ანზორ ლულუა, ნათელა საბაშვილი, მაკა მახარაძე, დარეჯან ხარშილაძე, ია ფარულავა, ივანე ბაშინურიძე, გურამ მგელაძე, ოთარ ეგაძე, ნანა მჭედლიძე, რეზო ესაძე, გურამ პეტრიაშვილი, ნელი დოლიძე, ნანა ყიფიანი, გიორგი თოლორდავა, ს. ქიქაძე, დევი ივანოვ-ჩიქოვანი, გივი ხახიძე, ივანე საყვარელიძე, დავით უშურაული, ზეინაბ ბოცვაძე, ბერტა ხაფავა, ირაკლი აზიკური, იოსებ ხვედელიძე, ნავრიკ ამოიანი, გია ქოროღლიშვილი, ნ. გეგენავა, ბ. გუნაშვილი",http://geocinema.ge/ka/movies/378,http://geocinema.ge/uploads/nophoto.png,ok
593,ოჩაბამბა,1994,,"სტუდია ""არმაზი""",73,,ზაზა ჯორბენაძე,ზაზა ჯორბენაძე,გურამ საძაგლიშვილი,ზაზა ჯორბენაძე,ავთო ნაცარაშვილი,გურამ შუბლაძე,ნელი დევნოზაშვილი,"ზურაბ ქოქრაშვილი, შუქრი ბედინაძე, ევგენია გოძიაშვილი, ხათუნა იოსელიანი, გაბრიელ მდინარაძე, ლელა წურწუმია, ეზული დიასამიძე, გიორგი (გოგი) ახვლედიანი, ნაზლი აბაბიკო, ბერდია ინწკირველი, როლანდ კაკაურიძე, მანუჩარ შერვაშიძე, როსტისლავ ვაშაძე, ნინო ლომთათიძე",http://geocinema.ge/ka/movies/593,http://geocinema.ge/uploads/nophoto.png,ok
163,ჭიაკოკონა,1961,,"სს ""ქართული ფილმი""",93,23.04.1962,იური ქავთარაძე,სულიკო ჟღენტი,გიორგი კალატოზიშვილი,"ილამაზ (ზურაბ) მეძმარიაშვილი, ტატიანა კრიმკოვსკაია",ბიძინა (ალექსანდრე) კვერნაძე,ოთარ გეგეჭკორი,,"ლია ელიავა, მალხაზ ბებურიშვილი, გივი თოხაძე, დავით(დოდო) აბაშიძე, კოტე დაუშვილი, ნოდარ (ბიჭიკო) ჩხეიძე, ეროსი მანჯგალაძე, ნოდარ ფირანიშვილი, ირაკლი უჩანეიშვილი, მეგი წულუკიძე, გრიგოლ (გიგოლა) თალაკვაძე, გოგი თვალავაძე, ალექსანდრე სიხარულიძე, მერი კანდელაკი, გრიგოლ კოკელაძე, გიორგი გაბელაშვილი, რევაზ ხობუა, იური სუხანოვი, დანიელ სლავინი, გეგა დემეტრაშვილი, ელენე ყიფშიძე",http://geocinema.ge/ka/movies/163,http://geocinema.ge/uploads/nophoto.png,ok
797,სულელი ბროწეულის ხე,1999,,"სს ""ქართული ფილმი""",91,,პეტერ მესაროში,ერლომ ახვლედიანი,გიორგი ბერიძე,მარიამ კანდელაკი,ზურაბ ნადარეიშვილი,მადონა თევზაძე,ცისანა ციხისელი,"ვახტანგ კომახიძე, სლავა გასპაროვი, მაგდა ანიკაშვილი, თამარ ასათიანი, პეტერ მესაროში",http://geocinema.ge/ka/movies/797,http://geocinema.ge/uploads/nophoto.png,ok
979,შვეციის პრინცი იმერეთიდან,1995,,"კინოფირმა ""ერმალო-ფილმი""",75,,ერმალო მაღრაძე,ერმალო მაღრაძე,"ბორის კობესოვი, ალექსანდრე (საშა) სვეტლოვი, სულიკო მელაშვილი",ერიკ მარგიანი,,,,"ეკა თოდრია, ვასილ ზაქარიაძე, ლევან ყურაშვილი, გია მდინარაძე, ნინო ჩხეიძე, რამაზ ჩხიკვაძე, თენგიზ არჩვაძე, ბიძინა ჩხეიძე, გურამ ბუიღლიშვილი",http://geocinema.ge/ka/movies/979,http://geocinema.ge/uploads/nophoto.png,ok
450,დამშვიდობება (ხანა ჩვენი ბავშვობისა),1987,,"სს ""ქართული ფილმი""",72,,ზურაბ თუთბერიძე,"ვაჟა გიგაშვილი, ზურაბ თუთბერიძე",იგორ ამასიისკი,თეიმურაზ არჯევანიძე,იმერი მანჯგალაძე,იმერი მანჯგალაძე,ნელი დევნოზაშვილი,"გიორგი ლომსაძე, ნოდარ ნოდარიძე, თემურ ნოდარიძე, დათო მჭედლიძე, აბრეკ ფხალაძე, ივანე საყვარელიძე, გოვენ ჭეიშვილი, თამარ კინწურაშვილი, დიმიტრი (დიტო) ცინცაძე, ინგა ფერაძე, დიმიტრი ცუცურინი, გოგი ჯაფარიძე, ლერი ზარდიაშვილი, ელენე ასლამაზიშვილი, გიორგი (I) კაჭარავა, მიხეილ ჭუმბურიძე, რეზო ესაძე, გია ლეჟავა, რუსლან მიქაბერიძე, ალექსანდრე მახარაძე, ნინო კობერიძე, მარო იტრიაშვილი, ლია ჩიხლაძე, კუკური აბრამიშვილი, რ. ბადიცკაია, გივი ჩუგუაშვილი, მარიამ (მარიკა) მანჯგალაძე, ნინო ბრეგვაძე, გივი (გურამ) ფირცხალავა, თინა სისაური, ჯიმშერ (ჯიმი) ლომიძე, უჩა მიქაბერიძე, თამაზ თოლორაია, დარეჯან ჯოჯუა, ოლია ჯანიაშვილი, ზაზა წაქაძე, მედეა ნემსიწვერიძე",http://geocinema.ge/ka/movies/450,http://geocinema.ge/uploads/nophoto.png,ok
259,საჰაერო ხიდი,1974,,"სს ""ქართული ფილმი""",71,,დავით რონდელი,ნოდარ წულეისკირი,"შოთა კილაძე, ოთარ ჭუმბურიძე",დავით ლურსმანაშვილი,სულხან ნასიძე,დავით ლომიძე,"ლარისა დიღმელოვა, ევგენია ბეჟანოვა","ია ნინიძე, მიხეილ (მიშიკო) ხვიტია, დათო ჟღენტი, მერაბ ჯაფარიძე, ლევან ლოგუა, მარინა ლობიშევა, ივანე მაკარჩუკი, გივი თოხაძე, თამაზ გამყრელიძე, ალი ისაევ-ავარსკი, ია ხობუა, თამარ ბაგრატიონი, ლაშა ფურცხვანიძე, ნუკრი (ნოშრევან) ლურსმანაშვილი",http://geocinema.ge/ka/movies/259,http://geocinema.ge/uploads/nophoto.png,ok
3007,სოფელი,2007,,სტუდია ”კვალი”,120,,გელა კანდელაკი,"ვახტანგ როდონაია, გელა კანდელაკი",ორესტ თოდუა,გიორგი (გოგი) ტატიშვილი,თეიმურაზ ბაკურაძე,მადონა თევზაძე,ელენე მურჯიკნელი,,http://geocinema.ge/ka/movies/3007,http://geocinema.ge/uploads/nophoto.png,ok
282,ვალსი მთაწმინდაზე,1975,,"სს ""ქართული ფილმი""",19,,ბაადურ წულაძე,რევაზ (რეზო) გაბრიაძე,ნიკოლოზ სუხიშვილი,დავით ლურსმანაშვილი,ოთარ გორდელი,რაფიელ კეზელი,ეთერ თავაძე,"ხათუნა ხობუა, ვახტანგ ფანჩულიძე, ბაადურ წულაძე, გურამ ღოღობერიძე, თ. თათარიანი, გია ფერაძე, მიხეილ ვაშაძე, გივი თოხაძე, ნონა მაღალაშვილი, ირაკლი ქოქრაშვილი, ირმა გურიელი, გურამ ნიკოლაიშვილი, ნ. ბებია, ა. დუმბაძე",http://geocinema.ge/ka/movies/282,http://geocinema.ge/uploads/old/poster/p282.jpg,ok
669,გადაღების ერთი დღე,1973,მუსიკალური,კომპანია ”ქართული ტელეფილმი”,80,,ზაალ კაკაბაძე,ზაალ კაკაბაძე,გიორგი ბარნოვი (ბარნაველი),ფრიდონ გოცირიძე,გურამ ბზვანელი,მერაბ გვანცელაძე,ციური კობერიძე,"რევაზ ჭუბაბრია, დათო აბულაძე, მანანა მარაქველიძე, გრიგოლ ტყაბლაძე, იოსებ (სოსო) ლაღიძე, იუსუფ (იოსებ) კობალაძე, მანუჩარ შერვაშიძე",http://geocinema.ge/ka/movies/669,http://geocinema.ge/uploads/nophoto.png,ok
187,მიხა,1965,,"სს ""ქართული ფილმი""",36,,მერაბ კოკოჩაშვილი,მერაბ კოკოჩაშვილი,გიორგი გერსამია,"ვასილ არაბიძე, ი. ქლიბაძე",ნოდარ მამისაშვილი,ევგენი მასსი,,"მანანა ბახტაძე, ზურაბ ქაფიანიძე, მიხეილ ჩუბინიძე, ავთანდილ მახარაძე, ალექსანდრე (სესიკა) კუპრაშვილი, ეკატერინე ვერულეიშვილი, ირაკლი ქოქრაშვილი, ვაჟა (სულთან) კვიტაიშვილი",http://geocinema.ge/ka/movies/187,http://geocinema.ge/uploads/old/poster/p187.jpg,ok
837,მთვარის გლობუსი,1986,,,60,,"მიხეილ ანთაძე, გიორგი ლევაშოვ-თუმანიშვილი","არჩილ კეზელი, გიორგი ლევაშოვ-თუმანიშვილი","ტრისტან კანდელაკი, ნოდარ ნამგალაძე",ლევან მელიქიშვილი,,"ლევან ქიშმიშევი, თამარა ღლონტი",,"ალექსანდრე (სანდრო) თედიაშვილი, ალექსანდრე მჭედლიშვილი, ანზორ ფირიაშვილი, კარლენ სარქისოვი, სერგეი შვედკოვი",http://geocinema.ge/ka/movies/837,http://geocinema.ge/uploads/mtvaris globusi.jpg,ok
364,"ყოჩაღად, პაპებო !",1981,კომედია,"სს ""ქართული ფილმი""",86,,"ნელი ნენოვა, გენო წულაია","ძმები მორმარევები, ლევან ჭელიძე, ევგენი (II) მაჭავარიანი, გენო წულაია",იური კიკაბიძე,"ჯემალ მირზაშვილი, ივანე აპოსტოლოვი","ჯანსუღ კახიძე, ალექსანდრე ბრიზიცოვი","გარი კუნცევი, ლილი კუჟელი","ჯულიეტა ბეზუაშვილი, მაგდა კრისტევა","ვასილ კახნიაშვილი, შალვა ხერხეულიძე, მიხეილ ვაშაძე, აკაკი დობორჯგინიძე, დიმიტრი პანოვი, პეტრე პეტროვი, ასპარუხ სარიევი, ინნა სემიონოვა, ლევან უჩანეიშვილი, ბორის წიფურია, ანგელი ლანბევი, ბადრი კაკაბაძე, სვეტლანა ხარლაპი, ვარლამ (ვალოდია) წულაძე, განი სტაიკოვი, დიმიტრი იორდანოვი, კრემენა სპირიდონოვა",http://geocinema.ge/ka/movies/364,http://geocinema.ge/uploads/nophoto.png,ok
232,ჩერმენი,1970,,"სს ""ქართული ფილმი""",101,,ნიკოლოზ სანიშვილი,"გრიგოლ პლიევი, ალექსანდრე მიშარინი, ნიკოლოზ სანიშვილი",დუდარ მარგიევი,რევაზ მირზაშვილი,ილია გაბარაევი,"ოთარ გეგეჭკორი, ალექსანდრა პეტრუსენკო",მარიამ ფრიდონოვა,"ბიმბულატ (ბორის) ვატაევი, ვლადიმერ ტხაპსაევი, კოსტა სლანოვი, მაირაპეკ აბაევი, კოტე დაუშვილი, ტერეზა კანტემიროვა, ურმაზ ხურუმოვი, თევდორე კალაგოვი, ანატოლი ძივაევი, დავით გაბარაევი, ზურაბ ქაფიანიძე, ვერიკო ანჯაფარიძე, ა. სლავინი, ე. თუმანოვა, დ. დიანოვა, სოფიკო ჭიაურელი, ალბინა ბაევა, ვლადიმერ ბალაევი, ვ. გალაზოვი, მ. იკაევი, დავით ქობულოვი (ქობულაშვილი), უ. ბასკაევი, ნ. სანაკოევი, ნიკოლაი სალამოვი, კ. ბირაგოვი, მ. კუმლაგოვი",http://geocinema.ge/ka/movies/232,http://geocinema.ge/uploads/old/poster/p232.jpg,ok
509,მარტივი პასიანსი,1990,,"სს ""ქართული ფილმი""",90,,ლევან ერისთავი,"ბაადურ ბალარჯიშვილი, ლევან ერისთავი",გიორგი ბერიძე,გოჩა მაისურაძე,დავით ევგენიძე,გია ჯავახიშვილი,,"ეკა კახიანი, დავით ევგენიძე, თამარ ამირანაშვილი, გიორგი ცინცაძე, ნანა შონია, დათო ჯაფარიძე, რეზო კიკნაძე, ნინო სურგულაძე, ლამზირა ჩხეიძე, დათო მექვაბიშვილი, მიშა მათიაშვილი, ქეთევან (ქეთი) ასათიანი",http://geocinema.ge/ka/movies/509,http://geocinema.ge/uploads/nophoto.png,ok
722,შიში,1995,,კომპანია ”ქართული ტელეფილმი”,17,,ზაურ სავანელი,დევი ივანოვ-ჩიქოვანი,ილია ვაჩნაძე,თენგიზ ქართველიშვილი,ზურაბ მჟავია,შოველ ჩიტიძე,"ციური კობერიძე, ეთერ ბურდული","კახი კავსაძე, რეზო ბაბალაშვილი, ბერტა ხაფავა, გივი ბერიკაშვილი, შოთა ქრისტესაშვილი, გრიგოლ წიტაიშვილი, გია ლეჟავა, ვახტანგ სიხარულიძე",http://geocinema.ge/ka/movies/722,http://geocinema.ge/uploads/nophoto.png,ok
310,უმცროსი და,1977,მუსიკალური,"სს ""ქართული ფილმი""",136,,ზაალ კაკაბაძე,ანზორ სალუქვაძე,"პავლე შნაიდერი, იური კიკაბიძე",ნიკოლოზ ზანდუკელი,ალექსანდრე ბასილაია,ვილჰელმ გოგიჩაიშვილი,ნელი ქრისტესაშვილი,"მაია კანკავა, მამუკა მაზავრიშვილი, ბაადურ წულაძე, მანანა სურმავა, ნატალია დოლგოვა, მარინა კახიანი, რევაზ იმნაიშვილი, დათო აბულაძე, იოსებ (სოსო) ჯაჭვლიანი, ვახტანგ ტატიშვილი, თეიმურაზ წიკლაური, ლუიზა კობალაძე, ანდრო კობალაძე, მანანა დანელია, ნუგზარ კვაშალი, ქართლოს მარადიშვილი, მანუჩარ შერვაშიძე",http://geocinema.ge/ka/movies/310,http://geocinema.ge/uploads/nophoto.png,ok
454,ფანარი ქარში,1987,,"სს ""ქართული ფილმი""",69,,ნოდარ ომიაძე,ანზორ ჯუღელი,ჯონი ყურაშვილი,ვაჟა ჯალაღანია,იაკობ ბობოხიძე,გურამ შუბლაძე,როზა ჯიკაევა,"გივი (გურამ) ფირცხალავა, იმედა კახიანი, ინგა ოვსეპიანი, ლელა ფირაშვილი, რუსუდან (ხათუნა) მჭედლიძე, ციცინო მახარაძე, გურანდა ტუღუში, რომან ჩიჩუა, რუსლან მიქაბერიძე, დ. ელიაძე, ავთანდილ მახარაძე, ნანა ალექსანდრია, თენგიზ (II) გიორგაძე, ზურაბ სვანიძე, არსენ ზვიადაძე, შოთა კოსოვი, ლევან გვარამია, ეკა ქუთათელაძე",http://geocinema.ge/ka/movies/454,http://geocinema.ge/uploads/nophoto.png,ok
791,საერთო კედელი,1972,კომედია,"სს ""ქართული ფილმი""",21,,ნოდარ მანაგაძე,ერლომ ახვლედიანი,იგორ ამასიისკი,შოთა გოგოლაშვილი,ნუგზარ ვაწაძე,ვილჰელმ გოგიჩაიშვილი,ნუნუ შავგულიძე,"ბაადურ წულაძე, ნანა მუქერია, დავით პაპუაშვილი",http://geocinema.ge/ka/movies/791,http://geocinema.ge/uploads/nophoto.png,ok
793,მიცვალებულთა კუნძულზე,2003,ფილმი-სპექტაკლი,"სტუდია ""არიან-ქართლი""",114,,თეიმურაზ კვანტალიანი,თეიმურაზ კვანტალიანი,რევაზ (რეზო) მახათაძე,"ნინო ყანჩელი, ზაზა კეკეიშვილი",,,,"ზურა პირველი, სანდრო ცაავა, ნიკოლოზ (ნიკა) ქაცარიძე, მაია დობორჯგინიძე, თამარ მაყაშვილი, დიმიტრი (დიმა) მერაბიშვილი, ლალი ამაღლობელი, კახა მიქიაშვილი, დავით ლებანიძე, გივი წიქარიძე",http://geocinema.ge/ka/movies/793,http://geocinema.ge/uploads/nophoto.png,ok
3219,"მე, ჯორჯ ბალანჩინი...",2005,,კომპანია ”ნეოსტუდია”,52,,როლანდ (მიხო) ბორაშვილი,როლანდ (მიხო) ბორაშვილი,გიორგი (გოგი) თორაძე,,,გიორგი ბაბალაშვილი,გიორგი ბაბალაშვილი,,http://geocinema.ge/ka/movies/3219,http://geocinema.ge/uploads/nophoto.png,ok
132,თვინიერი,1992,დრამა,"სტუდია ""არსი""",71,,ავთანდილ ვარსიმაშვილი,ავთანდილ ვარსიმაშვილი,მიხეილ მაღალაშვილი,მიხეილ (II) ჭავჭავაძე,ვახტანგ კახიძე,,ლალი კოლხიდაშვილი,"ლევ დუროვი, ნინო თარხან-მოურავი, მურმან ჯინორია, მიხეილ (მიკა) კიკაჩეიშვილი, იზა გიგოშვილი, მარინა გარსევანიშვილი, მამუკა ლორია, მარინა კახიანი, კახა თავართქილაძე, ზაზა ბარათაშვილი, ნანული სარაჯიშვილი, გურამ მგალობლიშვილი, გელა ოთარაშვილი, ნინო ბრეგვაძე",http://geocinema.ge/ka/movies/132,http://geocinema.ge/uploads/old/poster/p132.jpg,ok
747,მორევი,1996,დრამა,"სს ""ქართული ფილმი""",60,,რამაზ გიორგობიანი,"ბადრი ჭოხონელიძე, რამაზ გიორგობიანი",,"კახი ხუციშვილი, გიორგი ხუციშვილი",გიორგი (გოგი) ჩლაიძე,გარი კუნცევი,ცისანა ციხისელი,"ლეილა ყიფიანი, გურამ ლორთქიფანიძე, აბესალომ ლორია, რამაზ გიორგობიანი, მამუკა ლორია, ვახტანგ ყიფიანი",http://geocinema.ge/ka/movies/747,http://geocinema.ge/uploads/nophoto.png,ok
530,შაბათ საღამოს,1975,,"სს ""ქართული ფილმი""",20,,რამაზ შარაბიძე,რევაზ (რეზო) გაბრიაძე,იგორ ამასიისკი,დიმიტრი ერისთავი,ჯანსუღ კახიძე,თენგიზ ნანობაშვილი,ოფელია გევორქიანი,"კახი კავსაძე, ბაადურ წულაძე, გივი ბერიკაშვილი",http://geocinema.ge/ka/movies/530,http://geocinema.ge/uploads/old/poster/p530.jpg,ok
278,თეთრი ქვები,1972,,"სს ""ქართული ფილმი""",20,,თემურ ფალავანდიშვილი,რევაზ (რეზო) გაბრიაძე,ალექსანდრე მღებრიშვილი,რევაზ (რეზო) გაბრიაძე,გია ყანჩელი,ვლადიმერ დოლიძე,ნუცა შოშიტაიშვილი,"გიორგი (გოგი) ქავთარაძე, გაიანე თაყაიშვილი, როლანდ კაკაურიძე, ამურ ფხაკაძე, შოთა პირველი, ანზორ ღვინერია",http://geocinema.ge/ka/movies/278,http://geocinema.ge/uploads/old/poster/p278.jpg,ok
578,მიზერერე,1996,დრამა,"სს ""ქართული ფილმი""",85,,ზაზა ხალვაში,"ზაზა ხალვაში, ლაშა იმედაშვილი",გურამ საძაგლიშვილი,თეიმურაზ გაბუნია,იოსებ (სოსო) ბარდანაშვილი,გურამ გოგუა,,"ლალი მესხი, მანანა დავითაშვილი, ზურაბ სტურუა, ნინო კასრაძე, თამარ მაყაშვილი, ნატაშა შენგელაია, ხუტა ნარჩემაშვილი, გიორგი (გოგა) პიპინაშვილი, ჯონი ჯანჯალაშვილი, დიმიტრი (დიმა) ხვთისიაშვილი",http://geocinema.ge/ka/movies/578,http://geocinema.ge/uploads/nophoto.png,ok
117,რობინზონ კრუზო,1947,,თბილისის კინოსტუდია,80,20.02.1947,ალექსანდრე ანდრიევსკი,"თევდორე კნორე, ალექსანდრე ანდრიევსკი, სერგეი ერმოლინსკი",დიმიტრი სურენსკი,გიორგი ტურილოვი,ლეონიდ შვარცი,"დავით ლომიძე, ალექსანდრე ზაპადენსკი",,"პავლე კადოჩნიკოვი, იური ლიუბიმოვი, ანატოლი სმირანინი, ელენა სანიკიძე, ვიქტორია პავლენკო, ალექსანდრე (შურა) ჯაგარბეკოვი, პეტრე მორსკოი",http://geocinema.ge/ka/movies/117,http://geocinema.ge/uploads/old/poster/p117.jpg,ok
325,შესვენება,1978,,"სს ""ქართული ფილმი""",20,,ბაადურ წულაძე,ლევან ჭელიძე,ოთარ ჭუმბურიძე,ვაჟა ჯალაღანია,ნუგზარ ვაწაძე,თენგიზ ნანობაშვილი,ლილი დაროვსკაია,"ბაადურ წულაძე, ნანა ესაკია, დარეჯან ხაჩიძე, ხათუნა ხობუა, ნანა იოსელიანი, ივეტა მონსე, აბესალომ ლორია, კარლო საკანდელიძე, მიხეილ (მამუკა) ხერხეულიძე, კახი კავსაძე, ოთარ ზაუტაშვილი, გია ფერაძე, ეროსი მანჯგალაძე, ნათელა ლაბაძე, მერი კანდელაკი, ვასილ ჩხაიძე, ზოზო (იასონ) ბაქრაძე, იოსებ (სოსო) ხაინდრავა, დავით ჩხიკვაძე, ვლადიმერ ჩიტიშვილი, იოსებ (სოსო) ლაღიძე, მიხეილ ვაშაძე, ანზორ ურდია, ალექსანდრე მახარაძე, ვასილ ივანიძე, ი. ვარდეევი, მ. ქართველიშვილი, ევგენია მჟავანაძე",http://geocinema.ge/ka/movies/325,http://geocinema.ge/uploads/nophoto.png,ok
1006,ომში ყველა კვდება,2008,,სინეტექი,10,,გიგა ლიკლიკაძე,გიგა ლიკლიკაძე,"გური (გუკა) გოლიაძე, გიორგი (გეგა) ჩანტლაძე",აკაკი ჯაში,,თამთა მანძულაშვილი,,"დავით იაშვილი, სანდრო ლორთქიფანიძე, დათო ტოროშელიძე, ვაკო მანძულაშვილი, ნოდარ ხუციშვილი",http://geocinema.ge/ka/movies/1006,http://geocinema.ge/uploads/nophoto.png,ok
126,ორი ოკეანის საიდუმლოება,1956,ფანტასტიური / სათავგადასავლო,"სს ""ქართული ფილმი""",170,20.03.1957,კონსტანტინე პიპინაშვილი,"ვლადიმერ ალექსეევი, ნიკოლოზ როშკოვი",ფელიქს ვისოცკი,"ლეონიდ მამალაძე, ევგენი მაჭავარიანი",ალექსი მაჭავარიანი,როსტისლავ ლაპინსკი,,"სერგეი სტოლიაროვი, იგორ ვლადიმიროვი, სერგეი გოლოვანოვი, პეტრე სობოლევსკი, ვახტანგ ნინუა, სერგეი კომაროვი, ანტონინა მაქსიმოვა, ლეონიდ პიროგოვი, ტ. დობროტვორსკი, პავლე ლუსპეკაევი, მიხეილ გლუზსკი, ირინა პრეისი, იგორ ბრისტოლი, დანიელ სლავინი, მიხეილ მინეევი, პეტრე მორსკოი, ირინე მაღალაშვილი, ყარამან (გუგული) მგელაძე, იგორ ბალა",http://geocinema.ge/ka/movies/126,http://geocinema.ge/uploads/old/poster/p126.jpg,ok
603,"ბრავო, ჯორდანო ბრუნო!",1993,,"სს ""ქართული ფილმი""",20,,ილია ჩაჩანიძე,ილია ჩაჩანიძე,იგორ ამასიისკი,"გენო ცაავა, ნანა კანდელაკი",იაკობ ბობოხიძე,გურამ შუბლაძე,,"გურამ პეტრიაშვილი, მამუკა კიკალეიშვილი, ლევან აბაშიძე, ანა ვინოგრადოვა, ივანე საყვარელიძე, ბორის წიფურია",http://geocinema.ge/ka/movies/603,http://geocinema.ge/uploads/nophoto.png,ok
537,ივანიკა და სიმონიკა,1975,,"სს ""ქართული ფილმი""",50,,პავლე ჩარკვიანი,პავლე ჩარკვიანი,გური (გურამ) შენგელაია,შოთა გოგოლაშვილი,ჯანსუღ კახიძე,ეთერ ჯებაშვილი,"როზა ჯიკაევა, მარგალიტა მარგველაშვილი","გურამ ფალავანდიშვილი, გია ფერაძე, ლევან აზარაშვილი, ნოდარ ფირანიშვილი, კახი კავსაძე, ბაადურ (ბადრი) ბეგალიშვილი, ელენე ყიფშიძე",http://geocinema.ge/ka/movies/537,http://geocinema.ge/uploads/nophoto.png,ok
156,ოტელო,1960,ფილმი-ბალეტი,"სს ""ქართული ფილმი""",95,17.09.1961,ვახტანგ ჭაბუკიანი,"ირინა გელოვანი, ვახტანგ ჭაბუკიანი",ფელიქს ვისოცკი,"სიმონ (სოლიკო) ვირსალაძე, სერაფიონ ვაწაძე",ალექსი მაჭავარიანი,დავით ლომიძე,,"ვახტანგ ჭაბუკიანი, ვერა წიგნაძე, ზურაბ კიკალეიშვილი, ლილიანა მითაიშვილი, ეთერ ჭაბუკიანი, ბექარ მონავარდისაშვილი, რეზო წულუკიძე, მიხეილ დუდკო, მიხეილ გელიუსი, ვლადიმერ ივაშკინი, გიორგი ომიაძე",http://geocinema.ge/ka/movies/156,http://geocinema.ge/uploads/nophoto.png,ok
238,ზოია რუხაძე,1971,,"სს ""ქართული ფილმი""",87,,დავით რონდელი,"რევაზ (რეზო) ებრალიძე, გიორგი სევერსკი","ალექსანდრე ვოდოლაჟსკი, ლევან ნამგალაშვილი",მიხეილ მედნიკოვი,ნოდარ მამისაშვილი,დავით ლომიძე,ლუსია ვარტიკიანი,"მანანა მდივანი, მიხეილ ჟიროვი, იური სოროკინი, ანატოლი რომაშინი, ვალენტინ ზუბკოვი, ა. შმელიოვი, ოთარ ყიფიანი, ერვინ კნაუსმიულერი, სტანისლავ ჩეკანი, ბადრი კობახიძე, ანტონინა აქსიონოვა, ალა ბოგინა, ქეთევან კიკნაძე, სვეტლანა კონოვალოვა, მანანა მანაგაძე, გალინა პრიაჟნიკოვა, თემურ აბაშიძე, ბ. ვასილევსკი, მიხეილ იოფე, ალექსანდრე ლიტკენსი, ა. ლევინი, ნ. მალიკოვი, იური ნიკოლაევი, ა. ნიკიტინი, ვალენტინ რუდოვიჩი, მ. სელეზნიოვი, იაკობ ტრიპოლსკი, ა. ჩებოტარევი",http://geocinema.ge/ka/movies/238,http://geocinema.ge/uploads/old/poster/p238.jpg,ok
3017,დედაო ღვთისავ ...,2003,,კომპანია ”ქართული ტელეფილმი”,52,,როლანდ (მიხო) ბორაშვილი,როლანდ (მიხო) ბორაშვილი,იგორ კრეპსი,გიორგი (გოგი) მიქელაძე,"რომან რცხილაძე, გოჩა ყაჭეიშვილი",რუსუდან არაბიძე,დავით თუშიშვილი,,http://geocinema.ge/ka/movies/3017,http://geocinema.ge/uploads/nophoto.png,ok
301,ამბავი აფხაზი ჭაბუკისა,1977,,"სს ""ქართული ფილმი""",76,,ალექსანდრე ჟღენტი,"ლამარა გვაზავა-სანაძე, რევაზ (რეზო) ებრალიძე, ალექსანდრე ჟღენტი","იგორ ამასიისკი, ოთარ ჭუმბურიძე",ნიკოლოზ ყაზბეგი,ნოდარ გაბუნია,გურამ შუბლაძე,როზა ჯიკაევა,"ადგურ ინალ-იფა, როლანდ კაკაურიძე, კონსტანტინე სტეპანკოვი, ლია კაპანაძე, გოგი  ქარსელაძე, მაია კანკავა, სერგეი გაბნია, ვიქტორ ლაზარევი, ევგენია ლიჟინა, მ. ქუჩუბერია, მ. ფილია, ბ. ხარაზია, ა. ხარაზია, ნიკოლოზ ანდრიენკო, ნიკოლოზ კოპჩენკო, ვიტალი გორდიენკო, რ. ტირტოვი, გ. არველაძე, სვეტლანა არუსლანოვა, ვლადიმერ გულიაევი",http://geocinema.ge/ka/movies/301,http://geocinema.ge/uploads/old/poster/p301.jpg,ok
7050,წუნა და წრუწუნა,1955,,"სს ""ქართული ფილმი""",20,,არკადი ხინთიბიძე,"რევაზ (რეზო) ებრალიძე, არკადი ხინთიბიძე",ლუბა კვალიაშვილი,ბორის სტარიკოვსკი,მარიამ (მერი) დავითაშვილი,რაფიელ კეზელი,,,http://geocinema.ge/ka/movies/7050,http://geocinema.ge/uploads/nophoto.png,ok
585,წითელი პატეფონი,1995,,"სს ""ქართული ფილმი""",86,,დევი აბაშიძე,დევი აბაშიძე,აბესალომ მაისურაძე,ბორის ცხაკაია,ნუნუ გაბუნია,გარი კუნცევი,,"ლეო (ლევან) ფილფანი, ლეო ანთაძე, გივი ჭიჭინაძე, აბესალომ ლორია, იოსებ (სოსო) ხაინდრავა, გივი ჩუგუაშვილი, რამაზ იოსელიანი, ნანა რომელაშვილი, ბესარიონ ხიდეშელი",http://geocinema.ge/ka/movies/585,http://geocinema.ge/uploads/nophoto.png,ok
1032,ავტოკატასტროფა,1998,,სასწავლო სტუდია,11,,ნოდარ (ნონო) ანთაძე,ნოდარ (ნონო) ანთაძე,მერაბ ხიდეშელი,,,გიორგი (გია) აბაშიძე,ოლიკო მეტრეველი,"ზაზა (ბაჩო) ჩხეიძე, ეკა ბაკურაძე, ვასილ (ვასიკო) ოდიშვილი, სანდრო კაპანაძე, გიორგი (II) კალატოზიშვილი, ნინო ხოშტარია, ლევან კიტია, ნინო დგებუაძე, სანდრო ასათიანი, გოგი ქავთარაძე",http://geocinema.ge/ka/movies/1032,http://geocinema.ge/uploads/nophoto.png,ok
557,რა გაცინებს?,1996,კომედია,კომპანია ”ქართული ტელეფილმი”,47,,თეიმურაზ ბუტიკაშვილი,ამირან ჭიჭინაძე,სილოვან (ბაჩი) სულამანიძე,ვაჟა ჯალაღანია,,რუსუდან არაბიძე,ავთო ჩხაიძე,"მედეა ჩახავა, გიორგი გეგეჭკორი, კარლო საკანდელიძე, გივი (გურამ) ფირცხალავა, რუსუდან ბოლქვაძე, ნინო კობერიძე, თუთიკო (ეთერ) ცქვიტინიძე, ირინე შადური, მარინა შადური, ნუკრი ბარამიძე, თომას დვორჟეკი",http://geocinema.ge/ka/movies/557,http://geocinema.ge/uploads/nophoto.png,ok
272,კიბე,1975,,"სს ""ქართული ფილმი""",28,,რევაზ ჭარხალაშვილი,რევაზ (რეზო) გაბრიაძე,იგორ ამასიისკი,"გივი გიგაური, ილამაზ (ზურაბ) მეძმარიაშვილი",ნუგზარ ვაწაძე,თენგიზ ნანობაშვილი,ოფელია გევორქიანი,"მაია კანკავა, მალხაზ კიკნაველიძე, ეროსი მანჯგალაძე, კახი კავსაძე, გივი ბერიკაშვილი, ხ. კეკელია, ხ. ჭარხალაშვილი, ნ. მგელაძე, ნინო არჩვაძე, ზ. კვახაძე, კ. ცერცვაძე",http://geocinema.ge/ka/movies/272,http://geocinema.ge/uploads/old/poster/p272.jpg,ok
896,ოსტატი და შეგირდი,2005,კინობალეტი,სტუდია ”თი-ბი-სი TV”,16,,ირაკლი შენგელია,,კახა ბუხრაშვილი,,"გია ყანჩელი, არვო პიარტი",,პაატა გოძიაშვილი,"ლალი კანდელაკი, მიხეილ მენაბდე, ანა ალექსიშვილი, ირაკლი შენგელია",http://geocinema.ge/ka/movies/896,http://geocinema.ge/uploads/nophoto.png,ok
784,ფოსტალიონი,2003,დრამა,"ფილმმწარმოებელი ""სტუდია 99""",18,,ნანა ჯორჯაძე,ირაკლი კვირიკაძე,კონსტანტინე კრონინგი,,ქრისტიან კონრადი,,ვესელა მარჩევსკი,"რამაზ ჩხიკვაძე, მერაბ ნინიძე, ლაურა რეხვიაშვილი, ელგუჯა ბურდული, გივი ჩუგუაშვილი, ნინო კობერიძე, ჟანა სარდლიშვილი, ნინო თარხან-მოურავი, გვანცა სვანიძე, მზია სვანიძე",http://geocinema.ge/ka/movies/784,http://geocinema.ge/uploads/nophoto.png,ok
1018,ჩიტების გამომზამთრებელი,2010,,თეატრისა და კინოს უნივერსიტეტი,9,,გივი თუხარელი,,გური (გუკა) გოლიაძე,,,გიორგი (გოგლიკო) გოგოლაძე,"გივი თუხარელი, ნოდარ ნოზაძე, ლევან კუხაშვილი","ქეთი ცხაკაია, ბახვა წერედიანი, ვიქტორ ბარბაქაძე",http://geocinema.ge/ka/movies/1018,http://geocinema.ge/uploads/nophoto.png,ok
876,ზღვის დონიდან,2004,,ტელეკომპანია ”იმედი”,11,,გიორგი ოვაშვილი,გიორგი ოვაშვილი,გიორგი გერსამია,გიორგი (გოგი) ტატიშვილი,გიორგი ცინცაძე,მადონა თევზაძე,"ლალი კოლხიდაშვილი, ირაკლი ჭეიშვილი","ანა თალაკვაძე, ავთო მაკარაშვილი",http://geocinema.ge/ka/movies/876,http://geocinema.ge/uploads/nophoto.png,ok
380,ყველა კომეტა როდი ქრება,1982,დრამა,"სს ""ქართული ფილმი""",72,,დევი აბაშიძე,სულიკო ჟღენტი,იგორ ამასიისკი,ნუგზარ ტარიელაშვილი,ჯანსუღ კახიძე,გარი კუნცევი,როზა ჯიკაევა,"თენგიზ არჩვაძე, ვაივა მაინელიტე, ლევან აბაშიძე, ვიტალი ლეონოვი, ლეილა აბაშიძე, ვ. საფაროვი, ლ. ლუბაშკინი, ე. ურალსკი, ვლადიმერ გულიაევი, გიორგი (გოგი) ახვლედიანი, გ. ბალანდიტე, ვიქტორ ვასილიევი, ა. გერგერიჟუა, ს. ლიატკო, გიორგი ზოიძე, ბერდია ინწკირველი, ი. ივანოვა, იური კაკაურიძე, ნაზი კეჭაყმაძე, ი. ლიახინი, ი. მალინინი, ზ. მუმინოვა, ოთარ მაჩიტაძე, ტ. რომანენკო, ი. ტურიკინი, ტ. თავბერიძე, ნ. ორლოვი, ლ. მაიხეტდინოვა, მანუჩარ შერვაშიძე, ლ. ხუსუელინოვა",http://geocinema.ge/ka/movies/380,http://geocinema.ge/uploads/nophoto.png,ok
302,დაბრუნება,1977,,"სს ""ქართული ფილმი""",84,,რამაზ შარაბიძე,მერაბ ელიოზიშვილი,გივი რაჭველიშვილი,ჯემალ მირზაშვილი,სულხან ნასიძე,თენგიზ ნანობაშვილი,ოფელია გევორქიანი,"ზურაბ ქაფიანიძე, გივი ბერიკაშვილი, ქეთევან ბოჭორიშვილი, ია ხობუა, რადინ ხელაშვილი, ლია კაპანაძე, ნესტან კვეიძე, ოლია ჯანიაშვილი, ლეო (ლევან) ფილფანი, შოთა გაბელაია, ზურაბ (კუკური) ლაფერაძე, მერაბ ელიოზიშვილი, მიხეილ ვაშაძე, თენგიზ არჩვაძე, ელგუჯა ბეჟუაშვილი, თენგიზ პაპიძე, ლერი ზარდიაშვილი",http://geocinema.ge/ka/movies/302,http://geocinema.ge/uploads/nophoto.png,ok
610,დინოზავრის კვერცხი (და სასახლეში ვნახავ სიხარულს...),1993,,"სს ""ქართული ფილმი""",80,,ქეთი დოლიძე,"გია ბადრიძე, ქეთი დოლიძე",მიხეილ მედნიკოვი,ლალი ბადრიძე,გიორგი (გოგი) ჩლაიძე,"ანდჟეი ლევანდოვსკი, იმერი მანჯგალაძე","ე. კურკოვსკა, როზა ჯიკაევა","მარი (მარინა) ჯანაშია, დანიელ ოლბრიხსკი, ბეატა ტიშკევიჩი, გივი დგებუაძე, იან მახულსკი, ნანული სარაჯიშვილი, მარია სუიბი, ნინო ლორთქიფანიძე, იეჟი ნოვაკი, იან პავლოვსკი, ზიგმუნდ ბლავუტი, დარიუსჰ გნატოვსკი, ქეთი დოლიძე, ლია კაპანაძე, თამარ ბზიავა, თორნიკე ბზიავა, გიო ბადრიძე",http://geocinema.ge/ka/movies/610,http://geocinema.ge/uploads/old/poster/p610.jpg,ok
569,გელა,1971,,კომპანია ”ქართული ტელეფილმი”,48,,ნანა მჭედლიძე,რევაზ ჯაფარიძე,არჩილ ფილიპაშვილი,"შოთა გოგოლაშვილი, სიმონ (ვაჟა) მელიქიშვილი",,მიხეილ დარჩიევი,ალექსანდრა შულცი,"მიშა მესხი, გურამ ხარებაშვილი, მეგი წულუკიძე, ალექსანდრე გეგეჭკორი, მარინა ბუცხრიკიძე, იოსებ (სოსო) ხაინდრავა, ეკატერინე ვერულეიშვილი, ლია კაპანაძე, ავთანდილ ვერულეიშვილი, პაატა ტაბაღუა",http://geocinema.ge/ka/movies/569,http://geocinema.ge/uploads/nophoto.png,ok
715,ღამის ზარები,1997,დრამა,კომპანია ”ქართული ტელეფილმი”,95,,გრიგოლ (გიგა) ლორთქიფანიძე,გრიგოლ (გიგა) ლორთქიფანიძე,მიხეილ მაღალაშვილი,,გიორგი ცინცაძე,,,"კოტე მახარაძე, თენგიზ არჩვაძე, მურმან ჯინორია, ლუდმილა ალიმბარაშვილი, ნანა ლორთქიფანიძე, ჯემალ სიხარულიძე",http://geocinema.ge/ka/movies/715,http://geocinema.ge/uploads/nophoto.png,ok
630,რჩეული,1991,დრამა,"სტუდია ""მერანი-ფილმი""",110,,მიხეილ (უმც) კალატოზიშვილი,"დავით ახობაძე, მიხეილ (უმც) კალატოზიშვილი",არჩილ ახვლედიანი,თამარ ფოცხიშვილი,ზურაბ ნადარაია,ზურაბ ნადარაია,ჯულიეტა ბეზუაშვილი,"ავთანდილ მახარაძე, ნინელი ჭანკვეტაძე, ლუკა ხუნდაძე, ლარისა გუზეევა, გიორგი (გოგი) მარგველაშვილი, მაია ბაგრატიონი, ლეო ანთაძე, ფრიდონ გულედანი, გურამ მგალობლიშვილი",http://geocinema.ge/ka/movies/630,http://geocinema.ge/uploads/nophoto.png,ok
189,მიქელა,1965,,"სს ""ქართული ფილმი""",48,,ელდარ შენგელაია,ელდარ შენგელაია,ალექსანდრე (საშა) რეხვიაშვილი,ქრისტესია ლებანიძე,ირაკლი გეჯაძე,ოთარ გეგეჭკორი,,"გრიგოლ ტყაბლაძე, ზინაიდა კვერენჩხილაძე, მიხეილ (მიშიკო) ხვიტია, მანანა მანაგაძე, ვარლამ (ვალოდია) წულაძე, კაპიტონ აბესაძე",http://geocinema.ge/ka/movies/189,http://geocinema.ge/uploads/nophoto.png,ok
399,ყვითელი ჩიტი,1983,,"სს ""ქართული ფილმი""",75,,ამირან დარსაველიძე,"გიული ჩოხელი, ლევან ჭელიძე",არჩილ ფილიპაშვილი,ვალენტინ ბოიახჩიანი,"რომან რცხილაძე, ნოდარ გიგაური",გურამ შუბლაძე,"ეკატერინე (ეკა) გურამიშვილი, გიული გრიგორიანი","გიული ჩოხელი, ლალი კოლელიშვილი, გივი (გურამ) ფირცხალავა, ირაკლი ფერაძე, მარინა კახიანი, გივი ბერიკაშვილი, თემურ რცხილაძე, რომან რცხილაძე, მურმან ჯინორია, ვასილ კახნიაშვილი, რუსუდან ქვლივიძე, გენო წულაია, მ. ბებია, იოსებ (სოსო) ჯაჭვლიანი, გაიოზ ბუხრაშვილი, დათო სოხაძე, ნინა კალანდაძე, გრიგოლ (გიგოლა) თალაკვაძე, ფარსმან სონღულაშვილი, გიორგი გოგიბერიძე, კუკური აბრამიშვილი",http://geocinema.ge/ka/movies/399,http://geocinema.ge/uploads/nophoto.png,ok
279,ფერმა მთაში,1974,,"სს ""ქართული ფილმი""",19,,ლიანა ელიავა,რევაზ ინანიშვილი,დავით სხირტლაძე,თენგიზ (ჩუბჩიკა) მირზაშვილი,,ვილჰელმ გოგიჩაიშვილი,გულნარა (გულიკო) ომიაძე,"ნაზი გაურგაშვილი, ზინაიდა კვერენჩხილაძე, თენგიზ არჩვაძე, ლევან მიშიძე, ივანე ბაშინურიძე, დარეჯან თელაურიძე, დარეჯან ბუღრიძე, ხვიჩა ხააძე",http://geocinema.ge/ka/movies/279,http://geocinema.ge/uploads/nophoto.png,ok
331,კაშხალი მთაში,1979,დრამა,"სს ""ქართული ფილმი""",71,,ნოდარ მანაგაძე,"კობა არაბული, გურამ გეგეშიძე, ნოდარ მანაგაძე","ნუგზარ ერქომაიშვილი, ედუარდ გრიგორიანი",თემო ჯაფარიძე,"ანზორ ერქომაიშვილი, გურამ ბზვანელი",ვაჟა მაჩაიძე,ნელი დევნოზაშვილი,"თემო ჯაფარიძე, მანანა დიხამიძე, სპირიდონ აბრამიშვილი, ნიკოლოზ ახალკაციშვილი, ნოდარ მანაგაძე, მიხეილ ნანეიშვილი, ნანა ესაკია, ზაქარია (ზაზა) კოლელიშვილი, ელენე ზურაბიშვილი, რევაზ ჭარხალაშვილი, სიმონ დაშტუ",http://geocinema.ge/ka/movies/331,http://geocinema.ge/uploads/nophoto.png,ok
574,სათნოებათა კიბე,1996,დრამა,"სტუდია ""მარიხი""",110,,ნიკოლოზ წულაძე,ნიკოლოზ წულაძე,"გურამ საძაგლიშვილი, დავით ნემსაძე","გია ლორია, პაატა კლდიაშვილი",ზურაბ ნადარაია,"ზურაბ ნადარაია, ჯიმშერ (ჯიმი) დევნოზაშვილი, ედიშერ გიორგაძე","გულნარა (გულიკო) ომიაძე, ნანა ჩემია, ციცინო კურკუმული","ბაია კერესელიძე, მანუჩარ შერვაშიძე, ზურაბ ცინცქილაძე, გიორგი (გია) მაჩაიძე, მაია ჭყონია, არჩილ კაპანაძე, კუკური ხერგიანი, შალვა აბაშიძე, ამირან ქადეიშვილი, ბერდია ინწკირველი, როლანდ კაკაურიძე, გიგო ჯაფარიძე, გიორგი ხოჯელანი, შერმადინ ქალდანი",http://geocinema.ge/ka/movies/574,http://geocinema.ge/uploads/nophoto.png,ok
828,ადგილის დედა,1976,დრამა,სასწავლო სტუდია,21,,გოდერძი ჩოხელი,გოდერძი ჩოხელი,"ავთანდილ შენგელაია, ჯიმშერ ქრისტესაშვილი",,,,,,http://geocinema.ge/ka/movies/828,http://geocinema.ge/uploads/nophoto.png,ok
294,ინდი-მინდი (სიმღერები შვილიშვილებისათვის),1977,კომედია,კომპანია ”ქართული ტელეფილმი”,80,,ლერი სიხარულიძე,"ლერი სიხარულიძე, ანზორ სალუქვაძე",ნიკოლოზ სუხიშვილი,შადიმან ჭავჭავაძე,იოსებ (სოსო) ბარდანაშვილი,ვილჰელმ გოგიჩაიშვილი,ნაზი (ლეილა) მუხიგულაშვილი,"ხათუნა ჩიქვილაძე, ზინაიდა კვერენჩხილაძე, ავთო კვარაცხელია, ვასილ (პეყო) ნიჟარაძე, შალვა სიფროშვილი, ზვიად სიხარულიძე, კახა ზუკაკიძე, მურმან ლომთათიძე, ვიქტორ ნინიძე, შალვა მეძველია, სერგო სიხარულიძე, ვერა ხუბაევა, ნატო გვარჯალაძე, თინიკო ანთაძე, ბორის (ჩაკუ) საჯაია, მირზა უკლება, ომარ ფერაძე, რევაზ ხონელიძე, ვანო ჟორჟოლიანი, ბაჩუკი მიშველაძე, ზურაბ გოგიბერაშვილი, დათო ძნელაძე, დავით ტაბლიაშვილი, სულიკო ხაჯიშვილი",http://geocinema.ge/ka/movies/294,http://geocinema.ge/uploads/nophoto.png,ok
802,ბზარი,2006,მისტიკური დრამა,"ფილმმწარმოებელი ""სტუდია 99""",26,,ნინო ბასილია,ნინო ბასილია,ლუბა კნიაზევა,ვაჟა ჯალაღანია,,თამაზ მჭედლიძე,ნინო ბასილია,"გია ლეჟავა, თამთა ნიჟარაძე, ნინო თარხან-მოურავი, დავით როინიშვილი, მენდი კოჰენი, დავით მაღრაძე, როსტომ კაპანაძე",http://geocinema.ge/ka/movies/802,http://geocinema.ge/uploads/nophoto.png,ok
349,წარმატება (იღბალი),1980,კომედია,კომპანია ”ქართული ტელეფილმი”,19,,ბაადურ წულაძე,რევაზ (რეზო) გაბრიაძე,ალექსანდრე სულამანიძე,ბორის ცხაკაია,მიხეილ (მიკა) ოძელი,დიმიტრი გედევანიშვილი,,"გივი ბერიკაშვილი, ბაადურ წულაძე, კახი კავსაძე",http://geocinema.ge/ka/movies/349,http://geocinema.ge/uploads/old/poster/p349.jpg,ok
348,მუდმივი მეგობარი (შეხვედრამდე მეგობარო...),1980,,"სს ""ქართული ფილმი""",20,,ომარ გვასალია,ომარ გვასალია,ნუგზარ რუხაძე,კახი ხუციშვილი,ალექსანდრე რაქვიაშვილი,მადონა თევზაძე,ზიზო ქურხული,"ვახტანგ (ბუბა) კიკაბიძე, ლიკა ქავჟარაძე, ნანა ჯორჯაძე, გიორგი დადიანი",http://geocinema.ge/ka/movies/348,http://geocinema.ge/uploads/nophoto.png,ok
727,ძალიან პატარა ამბავი,1995,,კომპანია ”ქართული ტელეფილმი”,,,გიორგი ოვაშვილი,გიორგი ოვაშვილი,პაატა ჟღენტი,ნ. ჯაფარიძე,,ჯიმშერ (ჯიმი) დევნოზაშვილი,,"გია ფერაძე, ს. ოსეფაიშვილი, ი. ტყემალაძე, ს. ფარჯიანი",http://geocinema.ge/ka/movies/727,http://geocinema.ge/uploads/nophoto.png,ok
860,"გიგა, ანგელოზი და სხვები",1989,,"სს ""ქართული ფილმი""",50,,ირინა კვირიკაძე,ალექსანდრე ზგურიდი,დავით მეფარიშვილი,მარინე ცომაია,,გია ჯავახიშვილი,ლალი კოლხიდაშვილი,"გიო ბადრიძე, ივანე საყვარელიძე, მარინა გაგნიძე, სოფია მინდაძე, ზურაბ ყიფშიძე, გიორგი (გოგა) პიპინაშვილი, გურამ ხურცილავა, შოთა მშვენიერაძე, თ. ესიაშვილი, რეზო ჩხიკვიშვილი, იოსებ (სოსო) გოგიჩაიშვილი, რევაზ თავართქილაძე, რ. მაჩაიძე, ვლადიმერ (ლადო) მექვაბიშვილი",http://geocinema.ge/ka/movies/860,http://geocinema.ge/uploads/nophoto.png,ok
499,დღესასწაული დღესასწაულის მოლოდინში,1989,,"სს ""ქართული ფილმი""",198,,ლეილა გორდელაძე,"ფაზილ ისკანდერი, ლეილა გორდელაძე",იგორ კრეპსი,ილამაზ (ზურაბ) მეძმარიაშვილი,გიორგი ცინცაძე,"ზურაბ ნადარაია, მიხეილ ინასარიძე","ლალი კოლხიდაშვილი, ლუიზა ნიაზიანი, ი. კაციტაძე","თამაზ ბოკერია, ვერა ივლევა, გია აბესალაშვილი, ჯემალ კალოიანი, ფილიპე ძიკევიჩი, ნინო ნიჟარაძე, ოლესია მარჩენკო, დიონის სტილიდი, იური ცანავა, ვალენტინა ტელეჩკინა, არმაის სარქისიანცი, ვლადიმერ ანტონიკი, გარეგინ აბრამიანი, გალინა ივლევა, ნოდარ მასხულია, ია ფარულავა, პეტია კარინი, ანდრეი პიმენიდი, ვლადიმერ ნიკონოვი, თამარ მამულაშვილი, რ. ჩუბინიძე, გია ფარცვანია, გ. დამენია, თ. ქუთელია, დ. ველაძე, პ. იაკობაშვილი, ნ. გოგოტიშვილი, გ. გურცკაია, დ. ანისიმოვი, კ. გადელია, დ. ბლინოვი, გ. ბარამიძე, დ. იასკო, ი. ბელოვა, გიორგი (გოგი) ახვლედიანი, ჯემალ ველიაძე, რუსუდან (ხათუნა) მჭედლიძე",http://geocinema.ge/ka/movies/499,http://geocinema.ge/uploads/nophoto.png,ok
763,მე და ჩემი მეზობლები,1973,კომედია,"სს ""ქართული ფილმი""",64,,რევაზ ჭარხალაშვილი,"გივი ბარათაშვილი, რევაზ ჭარხალაშვილი, ალექსანდრე სიგუა",იგორ ამასიისკი,შოთა გოგოლაშვილი,ნუგზარ ვაწაძე,თენგიზ ნანობაშვილი,ოფელია გევორქიანი,"სესილია თაყაიშვილი, ეროსი მანჯგალაძე, თამაზ თოლორაია, გრიგოლ (გიგოლა) თალაკვაძე, ია გიგოშვილი, ზურაბ (კუკური) ლაფერაძე, ლეილა ღამბაშიძე, ლია ელიავა, დავით ჭარხალაშვილი, ოთარ ზაუტაშვილი",http://geocinema.ge/ka/movies/763,http://geocinema.ge/uploads/old/poster/p763.jpg,ok
607,კალმასობა იოანესი,1993,,"სტუდია ""სხივი""",80,,ზურაბ მექვაბიშვილი,ზურაბ მექვაბიშვილი,რევაზ ცხოვრებაძე,თამარ ფოცხიშვილი,თეიმურაზ ბაკურაძე,"ედიშერ გიორგაძე, მიხეილ ინასარიძე",ჯულიეტა ბეზუაშვილი,"ზურაბ ბეგალიშვილი, ნანუკა ხუსკივაძე, ლეო (ლევან) ფილფანი, ლეო ანთაძე, თამარ სხირტლაძე, დათო ბახტაძე",http://geocinema.ge/ka/movies/607,http://geocinema.ge/uploads/nophoto.png,ok
296,იყო და არა იყო რა,1976,,"სს ""ქართული ფილმი""",17,,ნოდარ ომიაძე,ნოდარ ომიაძე,ნუგზარ რუხაძე,"თემურ ნინუა, შმაგი შეყლაშვილი",,რაფიელ კეზელი,"ეთერ თავაძე, სოფიო მაჩაიძე","ლია ელიავა, ნინო ბურდული, დათო ჟღენტი, გივი ჭიჭინაძე, დავით პაპუაშვილი, დავით ხინთიბიძე, ა. ხვედელიძე",http://geocinema.ge/ka/movies/296,http://geocinema.ge/uploads/nophoto.png,ok
624,კედელი,1991,დრამა,"სს ""ქართული ფილმი""",75,,ზაზა ბუაძე,ზაზა ბუაძე,ლევან პაატაშვილი,თამარ ფოცხიშვილი,დავით ტურიაშვილი,ედიშერ გიორგაძე,,"რამაზ ჩხიკვაძე, ზეინაბ ბოცვაძე, ზურაბ ყიფშიძე, ვახტანგ ფანჩულიძე, გივი ჩუგუაშვილი, მურმან ჯინორია, რეზო ჩხიკვიშვილი, ირინა პოდკოპაევა, მაია ტურიაშვილი, სოლომონ (ოტო) გორთამაშვილი, სიმონ დაშტუ",http://geocinema.ge/ka/movies/624,http://geocinema.ge/uploads/nophoto.png,ok
233,წყალდიდობა,1970,,"სს ""ქართული ფილმი""",68,,თენგიზ გოშაძე,"არჩილ სულაკაური, თენგიზ გოშაძე",ნიკოლოზ სუხიშვილი,ქრისტესია ლებანიძე,არჩილ კერესელიძე,რაფიელ კეზელი,ნელი დევნოზაშვილი,"კონსტანტინე (კოტე) თოლორაია, ლია კაპანაძე, ედიშერ მაღალაშვილი, მარინე თბილელი, რამაზ ჩხიკვაძე, გიორგი გეგეჭკორი, ლეილა ყიფიანი, სპარტაკ ბაღაშვილი, გიორგი გოცირელი, ირაკლი ქოქრაშვილი, ილია ბაკაკური, იაკობ ტრიპოლსკი, ვლადიმერ არჩვაძე, მალხაზ ბებურიშვილი, გრიგოლ ქსოვრელი, კარლო სულაკაური, ქართლოს მარადიშვილი, ვლადიმერ (ლადო) გვიშიანი",http://geocinema.ge/ka/movies/233,http://geocinema.ge/uploads/nophoto.png,ok
718,ერთი ბედის ანოტაცია,1991,დრამა,კომპანია ”ქართული ტელეფილმი”,71,,თამაზ გოცირიძე,თამაზ გოცირიძე,გიორგი (გოგი) თორაძე,მამუკა ცეცხლაძე,,მერაბ გვანცელაძე,ციური კობერიძე,"ავთანდილ უჩანეიშვილი, ი. მაზანაშვილი, თ. თენეიშვილი, ლელა გოცირიძე, დ. ქუთათელაძე, გურამ პეტრიაშვილი, გ. ტალიკაძე, ლელა წურწუმია, თ. დარჩია, გ. ლეჟავა, რუსუდან (ხათუნა) მჭედლიძე, ნანა მამალაძე, ბ. ჭულუხიძე, ვაჟა ფირცხალაიშვილი, ზურაბ მაღალაშვილი, მალხაზ ასლამაზაშვილი, გიორგი (გია) მენაბდე, კახა მონავარდისაშვილი",http://geocinema.ge/ka/movies/718,http://geocinema.ge/uploads/nophoto.png,ok
387,სიბრძნის კარავი,1982,,"სს ""ქართული ფილმი""",66,,ოთარ კობერიძე,ირაკლი გოცირიძე,ჯიმშერ ქრისტესაშვილი,გია ლაფერაძე,ჯანსუღ კახიძე,ვილჰელმ გოგიჩაიშვილი,"ევგენია ბეჟანოვა, მარინე აბაშიშვილი","ელგუჯა ბურდული, ლია ელიავა, ზურაბ (კუკური) ლაფერაძე, ივანე საყვარელიძე, ლაურა რეხვიაშვილი, ოთარ ზაუტაშვილი, ზურაბ კიკალეიშვილი, გრიგოლ (გიგოლა) თალაკვაძე, ვასილ კახნიაშვილი, მიხეილ ვაშაძე, ბონდო გოგინავა, აბესალომ ლორია, გ. ციკორიძე, კონსტანტინე (კოტე) თოლორაია, გია ლაზიშვილი, პ. თოიძე, ქართლოს მარადიშვილი, იოსებ (სოსო) ჯაჭვლიანი, მზია არაბული, ნინო კობერიძე, ნათია გუბენკო",http://geocinema.ge/ka/movies/387,http://geocinema.ge/uploads/nophoto.png,ok
318,იმედის მწვანე კუნძული,1978,დრამა,"სს ""ქართული ფილმი""",82,,ომარ გვასალია,ვაჟა გიგაშვილი,ნიკოლოზ სუხიშვილი,გიორგი (გოგი) მიქელაძე,ნოდარ მამისაშვილი,გარი კუნცევი,გულნარა (გულიკო) ომიაძე,"იობი ბართიშვილი, ზურაბ ყიფშიძე, ზურაბ (შალვა) ქირიკაშვილი, გია დოხნაძე, დავით ჯაფარიძე, რეზო გოგნიაშვილი, რუსუდან კიკნაძე, გივი (გურამ) ფირცხალავა, ეთერ გელოვანი, სულიკო სულაკაური, გურამ გოგლიძე, გელა ბერიაშვილი, გია თომაშვილი, ვაჟა გიგაშვილი, ავთანდილ მახარაძე, ჯემალ მახარაშვილი, ერმალო მაღრაძე, გ. ქარცივაძე, დავით მლოცველიშვილი, ანატოლი ჩიჩუა, ა. ბაკურიაძე, ჯემალ შუბლაძე",http://geocinema.ge/ka/movies/318,http://geocinema.ge/uploads/nophoto.png,ok
329,უბედურება,1979,დრამა,"სს ""ქართული ფილმი""",97,,გელა კანდელაკი,"გელა კანდელაკი, ანზორ სალუქვაძე",ჯიმშერ ქრისტესაშვილი,ზაალ მეღვინეთუხუცესი,თეიმურაზ ბაკურაძე,მადონა თევზაძე,სოფიო მაჩაიძე,"ნატო ხელიძე, თინა სისაური, ბორის ხეცურიანი, გრიგოლ ნაცვლიშვილი, რაფიელ ბენდელიანი, აბესალომ გოგბერაშვილი, იური ერემეიშვილი, გიული დანელია, მიხეილ ციცქიშვილი, გივი ბენდელიანი, როდერ ჩაჩანიძე, ნათელა ჯიშკარიანი, ვახტანგ ქართველიშვილი, დათუნა აბდუშელიშვილი, ბრონისლავ თევზაძე, თემურ უგულავა, ზაირა ფანცხავა",http://geocinema.ge/ka/movies/329,http://geocinema.ge/uploads/nophoto.png,ok
3140,საქართველო ცეცხლში (რუსეთ - საქართველოს ომი),2008,,ტელეკომპანია ”რუსთავი 2”,15,,ზვიად მეზვრიშვილი,კოკი იონათამიშვილი,,,,,ზვიად მეზვრიშვილი,,http://geocinema.ge/ka/movies/3140,http://geocinema.ge/uploads/nophoto.png,ok
309,რბოლა,1977,,"სს ""ქართული ფილმი""",27,,თამაზ გომელაური,მიხეილ კობახიძე,მიხეილ მედნიკოვი,კახა ქორიძე,გია ყანჩელი,რაფიელ კეზელი,ნელი დევნოზაშვილი,"მალხაზ კურცხალია, ნინელი ჭანკვეტაძე, რუსლან მიქაბერიძე, გივი ჭიჭინაძე, მიხეილ (მამუკა) ხერხეულიძე, ლევან (ლეო) სოხაშვილი, მ. სხირტლაძე, ა. სისაური, ვ. რთველიაშვილი, ნოდარ ჟვანია, თამაზ ბათიაშვილი, სიმონ მაჩაბელი, ე. გონაშვილი, ა. სვანიძე, მიხეილ ფოფხაძე, ზოზო (იასონ) ბაქრაძე",http://geocinema.ge/ka/movies/309,http://geocinema.ge/uploads/nophoto.png,ok
3276,ქართველთა ჯვრის მონასტერი იერუსალიმში,1989,დოკუმენტური,საქართველოს სამეცნიერო–პოპულარული და დოკუმენტური ფილმების სტუდია,20,,გია ჭუბაბრია,,გია ჭუბაბრია,,,გიორგი (გია) აბაშიძე,,,http://geocinema.ge/ka/movies/3276,http://geocinema.ge/uploads/nophoto.png,ok
445,ზღვის მაშვრალნი,1986,,"სს ""ქართული ფილმი""",199,,"ედმონ სეშანი, გურამ (გიზო) გაბესკირია","ჟან–კლოდ კარერი, რევაზ (რეზო) თაბუკაშვილი",გი დელარტი,"ანდრე ჟარი, დიმიტრი თაყაიშვილი",ევენ დე ტისო,"მ. პიკარდა, მ. ფერანი, დიმიტრი გედევანიშვილი",ლუსი ლიშტინგი,"ჟულიენ გიომარი, ორლენ რეკუენი, მარიტ ტერეზ რიოლენი, ჟორჟ ვილსონი, ნოდარ მგალობლიშვილი, ნუგზარ ყურაშვილი, რეჯენ მიტროვიცა, გურამ ლორთქიფანიძე, ლორანს რაგონი, იმედა კახიანი, რომენ ასონგბა, მადლენ მარი, მარიო პილარი, ნათია გოგოჭური, გივი თოხაძე, იური ცანავა, მარინა ხუხუნაშვილი, ნინო საკანდელიძე, ჰასან მეგრელიძე, კონსტანტინე პატარაია, ლია აბულაძე, ზვიად ემირიძე, მანუჩარ შერვაშიძე, ნოდარ იაკობიძე, იაკობ ჭელიძე, გიორგი (გოგი) ახვლედიანი, ვ. პოტაპოვა, ნ. წერეთელი, ლუიზა ჯიბლაძე, ბ. კუპრაშვილი, ლილი ღოღობერიძე, ნინო მჟავანაძე, ს. თურმანიძე, ა. კაჭარავა, ბ. მჟავანაძე",http://geocinema.ge/ka/movies/445,http://geocinema.ge/uploads/nophoto.png,ok
538,საქმე გადაეცემა სასამართლოს,1975,დრამა,"სს ""ქართული ფილმი""",83,,ვალერიან კვაჭაძე,ალექსანდრე ჩხაიძე,გივი რაჭველიშვილი,ნიკოლოზ ყაზბეგი,სულხან ნასიძე,ვლადიმერ ნიკონოვი,ნაზი (ლეილა) მუხიგულაშვილი,"დავით(დოდო) აბაშიძე, მარი (მარინა) ჯანაშია, აკაკი ვასაძე, ვალერიან კვაჭაძე, ედიშერ მაღალაშვილი, გიორგი გეგეჭკორი, გივი (გურამ) ფირცხალავა, ლამარა ყარასაშვილი, ზურაბ შილაკაძე, დავით კვირცხალია",http://geocinema.ge/ka/movies/538,http://geocinema.ge/uploads/nophoto.png,ok
121,მწვერვალთა დამპყრობნი,1952,სათავგადასავლო,თბილისის კინოსტუდია,89,02.08.1952,დავით რონდელი,"ნიკოლოზ ტიხონოვი, დავით რონდელი","არკადი კოლცატი, გ. რეისგოფი, ბორის კრეპსი",რევაზ მირზაშვილი,"ანდრია ბალანჩივაძე, რევაზ გაბიჩვაძე",ვლადიმერ დოლიძე,"ვასილ დოლენკო, ლ. ჟუჩკოვა","ნატო ვაჩნაძე, ზურაბ ლეჟავა, ლიანა ასათიანი, გიორგი შავგულიძე, ივანე პერევერზევი, მედეა ჯაფარიძე, ალექსანდრე აფხაიძე, შალვა ღამბაშიძე, ვახტანგ ნინუა, გიორგი გელოვანი, ლანა ღოღობერიძე, ანატოლი ჩემოდუროვი, იური სარანცევი, ვალენტინა უშაკოვა, ირინე მაღალაშვილი, გიორგი საღარაძე, რამაზ ჩხიკვაძე",http://geocinema.ge/ka/movies/121,http://geocinema.ge/uploads/nophoto.png,ok
615,ანას დაბადების დღე,1992,დრამა,"სტუდია ""არმაზი""",50,,ლია ჯოჯუა,"გიორგი (გია) რევიშვილი, ლია ჯოჯუა",გიორგი ბერიძე,თამარ ფოცხიშვილი,დავით ევგენიძე,გურამ გოგუა,სოფიო მაჩაიძე,"მიხეილ (უმც) კალატოზიშვილი, მედეა ჩახავა, ზურაბ ყიფშიძე, ნინელი ჭანკვეტაძე, გიორგი (გოგი) მარგველაშვილი, ზაზა მიქაშავიძე, მერაბ ნინიძე, ოთარ შამათავა, მანუჩარ შერვაშიძე, რაისა მეთაძე",http://geocinema.ge/ka/movies/615,http://geocinema.ge/uploads/nophoto.png,ok
643,ბალეტმაისტერი,1996,,კომპანია ”ქართული ტელეფილმი”,24,,ალექსანდრე (სანდრო) ვახტანგოვი,ალექსანდრე (სანდრო) ვახტანგოვი,სოსო გულბანი,გია (უმც) გუგუშვილი,დავით ევგენიძე,რუსუდან არაბიძე,,"მაკა მახარაძე, თამაზ ვაშაკიძე, ირმა ნიორაძე",http://geocinema.ge/ka/movies/643,http://geocinema.ge/uploads/nophoto.png,ok
097,ქალიშვილი გაღმიდან,1940,დრამა,თბილისის კინოსტუდია,65,19.04.1941,ლეო ესაკია,"ილო მოსაშვილი, ლეო ესაკია",ალექსანდრე დიღმელოვი,რევაზ მირზაშვილი,ალექსი მაჭავარიანი,როსტისლავ ლაპინსკი,,"ნელი ჩიქოვანი, ელზა აფაქიძე, მედეა ჯაფარიძე, ელისაბედ ჩერქეზიშვილი, მიხეილ მგელაძე, ლეონიდ რომანოვი, ვასილ ბალანჩივაძე, აკაკი (კაკო) კვანტალიანი, ა. ბილაშვილი, გრიგოლ კოსტავა, ვიქტორ ჭანკვეტაძე",http://geocinema.ge/ka/movies/097,http://geocinema.ge/uploads/nophoto.png,ok
467,აშუღ-ყარიბი,1988,დრამა,"სს ""ქართული ფილმი""",80,,"დავით(დოდო) აბაშიძე, სერგო (სარქის) ფარაჯანოვი",გია ბადრიძე,ალბერტ იავურიანი,"გიორგი (გოგი) ალექსი-მესხიშვილი, შოთა გოგოლაშვილი, ნიკოლოზ ზანდუკელი, კარენ დავიდოვი, ბესიკ გელაშვილი, ეკატერინე (ეკა) მაღალაშვილი, ელენე კანდელაკი, ალექსანდრე ვლასოვი",ჯავანშირ ყულიევი,გარი კუნცევი,მ. პონომარენკო,"იური მდოიანი, სოფიკო ჭიაურელი, რამაზ ჩხიკვაძე, კონსტანტინე სტეპანკოვი, ბაია (ბარბარე) დვალიშვილი, ვერონიკა მეტონიძე, დავით დოვლათიანი, ლევან ნატროშვილი, სლავა სტეპანიანი, ნოდარ დუგლაძე, თამაზ ვაშაკიძე",http://geocinema.ge/ka/movies/467,http://geocinema.ge/uploads/old/poster/p467.jpg,ok
608,ბედიანი,1993,,"სტუდია ""მთვარის გლობუსი""",100,,გიორგი ლევაშოვ-თუმანიშვილი,"ომარ გვასალია, გიორგი ლევაშოვ-თუმანიშვილი",დავით შუშანია,გიორგი (გოგი) მიქელაძე,,ზურაბ ნადარაია,ნელი ქრისტესაშვილი,"ზურაბ ყიფშიძე, შოთა ქრისტესაშვილი, ლევან აბაშიძე, ლელა გოცირიძე, მიხეილ (მიშა) გომიაშვილი, ტ. პიგოდსმიტი",http://geocinema.ge/ka/movies/608,http://geocinema.ge/uploads/nophoto.png,ok
682,ODEON,1993,,კომპანია ”ქართული ტელეფილმი”,26,,ალექსანდრე (სანდრო) ვახტანგოვი,ალექსანდრე (სანდრო) ვახტანგოვი,არჩილ სალარიძე,,ალფრედ შნიტკე,რუსუდან არაბიძე,,"თამაზ ვაშაკიძე, ნატო მურვანიძე, გოგი ოსეფაიშვილი",http://geocinema.ge/ka/movies/682,http://geocinema.ge/uploads/nophoto.png,ok
995,ქურდები ასე არ იქცევიან 2,2009,,,9,,მზია მანჯავიძე,მზია მანჯავიძე,"ნათია ჩილინდიშვილი, გური (გუკა) გოლიაძე, ირაკლი ახალკაცი",,ასტორ პიაცოლა,საბა ამირეჯიბი,საბა ამირეჯიბი,"კახა მიქიაშვილი, ზაზა თვარაძე, დარეჯან წურწუმია",http://geocinema.ge/ka/movies/995,http://geocinema.ge/uploads/nophoto.png,ok
276,"მშვიდობით, ინესა !",1972,,"სს ""ქართული ფილმი""",16,,ირაკლი ასათიანი,რევაზ (რეზო) ებრალიძე,"ლევან ნამგალაშვილი, არჩილ ფილიპაშვილი",კახი ხუციშვილი,,გურამ შუბლაძე,მანანა ყარალაშვილი,"ოთარ მეღვინეთუხუცესი, აბესალომ ლორია, დალი რატიანი, ნ. იავორსკაია, გივი ბერიკაშვილი, გ. ხუროშვილი, ლ. უთმელიძე, ნუნუ მაჭავარიანი, შოთა სხირტლაძე, თენგიზ მაისურაძე, ჯემალ მაზიაშვილი, მალხაზ გორგილაძე, იოსებ (სოსო) გოგიჩაიშვილი, კახა კახიაშვილი, ნოდარ სოხაძე",http://geocinema.ge/ka/movies/276,http://geocinema.ge/uploads/nophoto.png,ok
3299,საქართველო: ლეგენდები და სინამდვილე,1971,დოკუმენტური,საქართველოს სამეცნიერო–პოპულარული და დოკუმენტური ფილმების სტუდია,,,"გიორგი ასათიანი, ვახტანგ მიქელაძე","გიორგი ასათიანი, მიხეილ სალუქვაძე","იური ბარამიძე, შალვა შიოშვილი, გია ჭუბაბრია, ტარიელ ელიაშვილი",,ბიძინა (ალექსანდრე) კვერნაძე,,,,http://geocinema.ge/ka/movies/3299,http://geocinema.ge/uploads/nophoto.png,ok
443,ექვსი თოვლიანი დღე,1986,,"სს ""ქართული ფილმი""",68,,იური კვაჭაძე,"ავთანდილ ჩხიკვიშვილი, იური კვაჭაძე",გური (გურამ) შენგელაია,ზაურ კვარაცხელია,იოსებ (სოსო) ბარდანაშვილი,თამაზ მჭედლიძე,ზიზო ქურხული,"ნუგზარ გოგოძე, ელგუჯა ბურდული, ლეო (ლევან) ფილფანი, იოსებ (სოსო) ჯაჭვლიანი, ვაჟა ფირცხალაიშვილი, ალექსი ანთაური, მერაბ ბექაური, ელგუჯა აფციაური, გულიკო კაკაჩია, თამარ სხირტლაძე, ეკა ქუთათელაძე, ლელა თათარაიძე, დავით ჩუბინიშვილი, ლიუბოვ კუდრიავცევა, ელზა კუდრიავცევა, ჯუმბერ წიკლაური",http://geocinema.ge/ka/movies/443,http://geocinema.ge/uploads/old/poster/p443.jpg,ok
735,მეთხუთმეტე ზაფხული,1971,,კომპანია ”ქართული ტელეფილმი”,23,,იოსებ (სოსო) ჩხაიძე,იოსებ (სოსო) ჩხაიძე,იური მარტიროსოვი,ბუდუ სირბილაძე,ნოდარ მამისაშვილი,მერაბ გვანცელაძე,ნუცა შოშიტაიშვილი,"ხათუნა კოტრიკაძე, თემურ გუგუშვილი",http://geocinema.ge/ka/movies/735,http://geocinema.ge/uploads/nophoto.png,ok
736,გამსვლელი პაიკი,1970,,კომპანია ”ქართული ტელეფილმი”,28,,ოთარ კობერიძე,გურამ დოჩანაშვილი,ნოდარ ნამგალაძე,გიორგი (გოგი) მიქელაძე,ნოდარ ასათიანი,შოველ ჩიტიძე,ციური კობერიძე,"გრიგოლ (გიგოლა) თალაკვაძე, ელენე ასლამაზიშვილი, აბრეკ ფხალაძე, თენგიზ ნათაძე, გიორგი (გია) კერესელიძე, დურმიშხან ხულორდავა, ფარსმან სონღულაშვილი",http://geocinema.ge/ka/movies/736,http://geocinema.ge/uploads/nophoto.png,ok
468,დახატული წრე,1988,,"სს ""ქართული ფილმი""",86,,დიმიტრი (დიტო) ცინცაძე,"გივი (ბესო) ოდიშარია, დიმიტრი (დიტო) ცინცაძე",გიორგი ბერიძე,"თეიმურაზ არჯევანიძე, ნიკოლოზ (ნიკუშა) შენგელაია",გიორგი ცინცაძე,გურამ შუბლაძე,სოფიო მაჩაიძე,"ჯემალ სიხარულიძე, ბაია (ბარბარე) დვალიშვილი, ვაჟა გელაშვილი, ქეთევან ფანცხავა, ზაალ ბაბუნაშვილი, გრიგოლ ნაცვლიშვილი, ირინა პოლკოპაევა, ლევან ერისთავი, ხათუნა იოსელიანი, კახა თავართქილაძე, გიორგი გურგულია, მაია შერმადინი, ანდრეი ლოგვინოვი, გოჩა ცხვარიაშვილი, ანზორ ჟვანია, გიორგი ჩიქოვანი, გ. ხორსუაშვილი, დავით ჩაჩანიძე, ნ. ასათიანი, ეთერ გელოვანი, გურამ გეგეჭკორი, ზურაბ დიღმელაშვილი, ვლადიმერ ნამგალაშვილი, ლუდმილა ალიმბარაშვილი, მიხეილ (უმც) ჯოჯუა, ო. აბრასიმოვი, ვასილ რცხილაძე, დოდო კვაჭაძე, თემურ დასნი",http://geocinema.ge/ka/movies/468,http://geocinema.ge/uploads/nophoto.png,ok
716,მოლანდება,1975,,კომპანია ”ქართული ტელეფილმი”,66,,"შალვა მარტაშვილი, გიორგი ლევაშოვ-თუმანიშვილი",ილია რურუა,თამაზ ბიჭიკაევი,"დავით ლურსმანაშვილი, მალხაზ კუხაშვილი",ალექსანდრე ბუკია,შოველ ჩიტიძე,,"მერაბ გეგეჭკორი, კირა (უმც) ანდრონიკაშვილი, ვარლამ ნიკოლაძე, თ. ყანდარელი, იუსუფ (იოსებ) კობალაძე, აკაკი მესაბლიშვილი, ნაზი კეჭაყმაძე, ა. ძაძამია",http://geocinema.ge/ka/movies/716,http://geocinema.ge/uploads/nophoto.png,ok
3216,თავშესაფარი,1997,,კომპანია ”ქართული ტელეფილმი”,45,,როლანდ (მიხო) ბორაშვილი,როლანდ (მიხო) ბორაშვილი,იგორ კრეპსი,,,"რუსუდან არაბიძე, გიორგი ბაბალაშვილი","ნინო ვაშალომიძე, მაია კეკელია",,http://geocinema.ge/ka/movies/3216,http://geocinema.ge/uploads/nophoto.png,ok
676,ძილისპირული,1983,,კომპანია ”ქართული ტელეფილმი”,14,,ნარგიზა გარდაფხაძე,ნარგიზა გარდაფხაძე,გიორგი (გოგი) თორაძე,მალხაზ კუხაშვილი,,მერაბ გვანცელაძე,,"ირაკლი ჭიჭინაძე, ნინო ლორთქიფანიძე, გიორგი (გოგი) მარგველაშვილი",http://geocinema.ge/ka/movies/676,http://geocinema.ge/uploads/nophoto.png,ok
285,მწვერვალი,1976,სათავგადასავლო,"სს ""ქართული ფილმი""",85,,მერაბ კოკოჩაშვილი,ვაჟა გიგაშვილი,"გიორგი გერსამია, ზაზა გუდავაძე",დიმიტრი ერისთავი,ნოდარ მამისაშვილი,თენგიზ ნანობაშვილი,"ჯულიეტა წოწონავა, ნელი ქრისტესაშვილი","დიმიტრი დანგაძე, დავით ჩუბინიშვილი, მერაბ კოკოჩაშვილი, ზურაბ (შალვა) ქირიკაშვილი, დავით(დოდო) აბაშიძე, ალბერტ სელგი, ემე აგასილდი, ოთარ ვეფხვაძე, მარინა ქარცივაძე, ზაქრო მეგრელიშვილი, სვიატოსლავ ბონდარიკი, გიორგი (გოგი) ახვლედიანი, ჯუმბერ შაქარაშვილი, მ. მინდლე, ი. პრიიმეტსი, ვ. ვესტი, გიორგი ერხანი, ვასილ კახნიაშვილი, ნ. აზმაიფარაშვილი, გეგა დემეტრაშვილი, რ. ფირცხელაური, გ. ღუდუშაური, თ. აკიაშვილი, ვახტანგ ფანჩულიძე, ბ. ჩქარეული",http://geocinema.ge/ka/movies/285,http://geocinema.ge/uploads/old/poster/p285.jpg,ok
228,გოგონა და ჯარისკაცი,1970,,"სს ""ქართული ფილმი""",20,,თემურ ფალავანდიშვილი,"ლევან ჭელიძე, ფრანგიზა ჭელიძე",გენო ჩირაძე,მიხეილ მედნიკოვი,არჩილ კერესელიძე,ვლადიმერ დოლიძე,ჯულიეტა წოწონავა,"დავით კვაჭაძე, ლალი მესხი, კახი კავსაძე, გივი ბუმბიაშვილი, მზია მაღლაკელიძე",http://geocinema.ge/ka/movies/228,http://geocinema.ge/uploads/old/poster/p228.jpg,ok
803,ასეთი სიყვარული,2006,,,6,,ნინო ბასილია,ნინო ბასილია,რობერტ (რუბენ) პოღოსოვი,,გია ყანჩელი,,,"დოდო ჭიჭინაძე, რამაზ ჩხიკვაძე",http://geocinema.ge/ka/movies/803,http://geocinema.ge/uploads/nophoto.png,ok
780,ჩემი დეიდა დუდუ (ექსკურსია),1984,კომედია,კომპანია ”ქართული ტელეფილმი”,35,,ეთერ პაპუნაშვილი,"ვალენტინა კლიკოვა, ეთერ პაპუნაშვილი",ალექსანდრე ალეშნიკოვი,გიორგი (გოგი) ქუთათელაძე,იოსებ (სოსო) ბარდანაშვილი,იმერი მანჯგალაძე,ლალი კოლხიდაშვილი,"გია აბესალაშვილი, დავით აფციაური, გია ბადრიძე, ზეინაბ ბოცვაძე, მარინა გაგნიძე, შალვა გედევანიშვილი, ოლია ჯანიაშვილი, ნინო კალანდაძე, ირინა კვირიკაძე, ეკატერინე მჭედლიძე, სოფია მინდაძე, ირინე ნატროშვილი, ინგა ფერაძე",http://geocinema.ge/ka/movies/780,http://geocinema.ge/uploads/nophoto.png,ok
901,ნეტავ აღარ იწვიმოს,2000,,,18,,მაია არჩვაძე,მაია არჩვაძე,დავით გუჯაბიძე,ვიგენ ვართანოვი,დავით საყვარელიძე,გარი კუნცევი,,"დოდო ჭიჭინაძე, გიორგი მიქელაძე, გიორგი გურგულია, ნინო კასრაძე, მერაბ ამბარდნიშვილი, მიშიკო ხუციშვილი, ანა ტატულაშვილი, ნინიკო არჩვაძე",http://geocinema.ge/ka/movies/901,http://geocinema.ge/uploads/nophoto.png,ok
942,ჩემი დღიური,2006,,სტუდია ”სანო”,37,,გიგა აგლაძე,ნატო გაგნიძე,"გიგა აგლაძე, ზურა ჭყოიძე, ვაკო აგლაძე",თეონა გარდაფხაძე,"დიმიტრი თეიმურაზოვი, გიგა აგლაძე",,გალაქტიონ კინწურაშვილი,"დიანა მჭედლიშვილი, გიორგი ლიფონავა, ქეთი (კრისტი) ყიფშიძე, ალანა გაგლოევა, ვოვა კორჯი",http://geocinema.ge/ka/movies/942,http://geocinema.ge/uploads/nophoto.png,ok
3226,საქართველოს ქრონიკები,1991,,კომპანია ”ქართული ტელეფილმი”,180,,"როლანდ (მიხო) ბორაშვილი, მიხეილ ბასინოვი","როლანდ (მიხო) ბორაშვილი, მიხეილ ბასინოვი","რევაზ ოდიშელიძე, გიორგი (გია) მენაბდე, ნოდარ ნამგალაძე, პავლე სუხოვი",გულსუნდა სამარგულიანი,,რუსუდან არაბიძე,მადონა ლომიძე,,http://geocinema.ge/ka/movies/3226,http://geocinema.ge/uploads/nophoto.png,ok
501,ეტლი შარაგზაზე,1989,,"სს ""ქართული ფილმი""",70,,დავით ქვარცხავა,"ირაკლი სამსონაძე, დავით ქვარცხავა",გია კუსრაშვილი,"გიორგი (გოგი) ქუთათელაძე, ია ფიცხელაური",დავით ევგენიძე,თამაზ მჭედლიძე,ზიზო ქურხული,"თენგიზ არჩვაძე, გიორგი (გოგი) ხარაბაძე, იური ვასაძე, მარლენ ეგუტია, გაგი მოსეშვილი, გოჩა კაპანაძე, ნატო ჩიჩუა",http://geocinema.ge/ka/movies/501,http://geocinema.ge/uploads/nophoto.png,ok
3137,ქვეყნის აღსასრული,2002,,"სტუდია ""გრაალი""",48,,დავით ნანობაშვილი,დავით ნანობაშვილი,,,პაატა სილაგაძე,ზაზა ლომთაძე,,,http://geocinema.ge/ka/movies/3137,http://geocinema.ge/uploads/old/poster/p3137.jpg,ok
463,ავტოპორტრეტი,1987,,"სს ""ქართული ფილმი""",29,,ერეკლე ბადურაშვილი,"რეზო ჭეიშვილი, ერეკლე ბადურაშვილი",გიორგი (გოგა) ხაინდრავა,ვასილ არაბიძე,დავით ევგენიძე,გურამ შუბლაძე,ნაზი (ლეილა) მუხიგულაშვილი,"მალხაზ კუხიანიძე, გოგი მანჯავიძე, ეკა კახიანი, ცირა აბზიანიძე, ლევან ერისთავი, ლევან ბზვანელი, ვ. დავითულიანი, ბ. მჟავანაძე, ტომა მამალაძე, შოთა ხოსრუაშვილი, თ. ცხოვრებაშვილი, გ. აბაიშვილი, ვასილ არაბიძე, ლუიზა ჯიბლაძე, ლევან (ლეო) სოხაშვილი, თ. გამრეკლიძე, შ. კობერიძე, გიორგი (გიო) ხუციშვილი, გიორგი (გოგა) ხაინდრავა",http://geocinema.ge/ka/movies/463,http://geocinema.ge/uploads/nophoto.png,ok
311,როცა დედები შინ არ არიან,1977,,კომპანია ”ქართული ტელეფილმი”,34,,პავლე ჩარკვიანი,"რევაზ ინანიშვილი, პავლე ჩარკვიანი",ფელიქს ვისოცკი,დავით ლურსმანაშვილი,ნოდარ მამისაშვილი,შ. მერაბიშვილი,ჯულიეტა ბეზუაშვილი,"გია ქუსრაშვილი, სიმონ ბერიკაშვილი, ავთო გიორგობიანი, თენგიზ არჩვაძე, გივი ბერიკაშვილი, ლეომერ გუგუშვილი, ეთერ ბაბილაშვილი, ნ. არავიშვილი, თინათინ ბურბუთაშვილი, ავთანდილ ვერულეიშვილი",http://geocinema.ge/ka/movies/311,http://geocinema.ge/uploads/nophoto.png,ok
675,ცარიელი ბინა,1987,,კომპანია ”ქართული ტელეფილმი”,77,,დიმიტრი ბათიაშვილი,"დიმიტრი ბათიაშვილი, თეიმურაზ სუმბათაშვილი",გიორგი (გოგი) თორაძე,მზია დათუნაშვილი,ვახტანგ კუხიანიძე,შოველ ჩიტიძე,ინა კრეპსი,"ნოდარ ჟვანია, რევაზ ხატისკაცი, დავით (II) კობახიძე",http://geocinema.ge/ka/movies/675,http://geocinema.ge/uploads/nophoto.png,ok
711,ბზიანეთი,1968,დრამა,კომპანია ”ქართული ტელეფილმი”,20,,ლიანა ელიავა,"რეზო ჭეიშვილი, ლიანა ელიავა",იური ნევსკი,ვასილ არაბიძე,სერგო ჟვანია,მიხეილ დარჩიევი,ნუცა შოშიტაიშვილი,"ლია ელიავა, იპოლიტე ხვიჩია, თენგიზ არჩვაძე, გივი ბერიკაშვილი, იოსებ (სოსო) ხაინდრავა, დავით ქობულოვი (ქობულაშვილი), მელიტონ მიქელაძე, აბესალომ ლორია, სიმონ სინატაშვილი, ილია ბაკაკური, გიორგი გელოვანი, შოთა ჩაკვეტაძე, თამაზ თოლორაია, კობა მუხაძე",http://geocinema.ge/ka/movies/711,http://geocinema.ge/uploads/nophoto.png,ok
7000,სამი მეგობარი,1943,ნახატი,თბილისის კინოსტუდია,17,,ვლადიმერ მუჯირი,"შალვა გედევანიშვილი, ა. სტეფნაია",ლუბა კვალიაშვილი,იოსებ გაბაშვილი,ანდრია ბალანჩივაძე,როსტისლავ ლაპინსკი,,,http://geocinema.ge/ka/movies/7000,http://geocinema.ge/uploads/nophoto.png,ok
3054,როკვით განფენილნი,2005,,,60,,დავით გუჯაბიძე,დავით გუჯაბიძე,"დავით გუჯაბიძე, გიგა ლიკლიკაძე, ვახტანგ ქაჩლიშვილი",,,ვახტანგ კუნცევ–გაბაშვილი,ნიკოლოზ ადუაშვილი,,http://geocinema.ge/ka/movies/3054,http://geocinema.ge/uploads/nophoto.png,ok
006,კაცი კაცისთვის მგელია,1923,მუნჯი / სათავგადასავლო,"""განსახკომის"" კინოსექცია",52,01.11.1923,ივანე პერესტიანი,ივანე პერესტიანი,ალექსანდრე დიღმელოვი,,,,,"ვლადიმერ მაქსიმოვი, ტატიანა მაქსიმოვა, ივანე პერესტიანი, ვ. ჯამგაროვა",http://geocinema.ge/ka/movies/006,http://geocinema.ge/uploads/nophoto.png,ok
778,ობლები,2002,,"სს ""ქართული ფილმი""",10,,ზურაბ თუთბერიძე,ზურაბ თუთბერიძე,,,ზურაბ ნადარაია,ზურაბ ნადარაია,ნიკო ტარიელაშვილი,ზურაბ ყიფშიძე,http://geocinema.ge/ka/movies/778,http://geocinema.ge/uploads/nophoto.png,ok
539,კავკასიელი ტყვე,1975,,"სს ""ქართული ფილმი""",76,,გიორგი კალატოზიშვილი,"გია ბადრიძე, გიორგი კალატოზიშვილი",დავით სხირტლაძე,რევაზ მირზაშვილი,გია ყანჩელი,გურამ შუბლაძე,ნელი ფარცვანია,"იური ნაზაროვი, ლიალა ოშევეროვა, ვლადიმერ სოლოდნიკოვი, გივი ჩუგუაშვილი, ამირან ქადეიშვილი, ნავრუზ აბდულ-ოღლი, ვარლამ (ვალოდია) წულაძე, ვაჟა ქობულაშვილი",http://geocinema.ge/ka/movies/539,http://geocinema.ge/uploads/old/poster/p539.jpg,ok
511,ზვარაკი,1990,დრამა,"სს ""ქართული ფილმი""",81,,გენო ჩირაძე,"ზაურ კალანდია, გენო ჩირაძე, ამირან ჭიჭინაძე","ვიქტორ პიშჩალნიკოვი, გენო ჩირაძე, ალექსანდრე ძაგანია","შოთა გოგოლაშვილი, ჯემალ ჭეიშვილი",გიორგი ცინცაძე,"იმერი მანჯგალაძე, დიმიტრი გედევანიშვილი",,"ლევან აბაშიძე, თამარ სხირტლაძე, ირაკლი ხიზანიშვილი, ვალერიან გვენცაძე, ამურ ფხაკაძე, დალი ჩიტალაძე, მერაბ ჩიქოვანი, ივანე (ვანო) მიქიაშვილი, თემურ თავაძე, ოთარ ქანთარია, აკაკი (კაკო) ბაქრაძე, ზურაბ (I) ძნელაძე",http://geocinema.ge/ka/movies/511,http://geocinema.ge/uploads/nophoto.png,ok
680,"კეთილი კაცი –""პატარა დეტექტივი""",1985,,კომპანია ”ქართული ტელეფილმი”,24,,გივი ვეფხვაძე,"გივი ვეფხვაძე, ირინე ტალიაშვილი",პავლე შნაიდერი,ნოდარ ბადურაშვილი,იაკობ ბობოხიძე,შოველ ჩიტიძე,,"მიხეილ ვაშაძე, შუშანა გოცირიძე, ტარიელ გიორგაძე, მარიამ ჩხენკელი, ერეკლე ხურციძე, გივი სალაღიშვილი, ზურაბ ვარნაზიშვილი",http://geocinema.ge/ka/movies/680,http://geocinema.ge/uploads/nophoto.png,ok
400,ანდერძი,1982,,"სს ""ქართული ფილმი""",39,,ნანა დვალიშვილი,რევაზ ინანიშვილი,მიხეილ მედნიკოვი,შოთა გოგოლაშვილი,იაკობ ბობოხიძე,იმერი მანჯგალაძე,,"რეზო ჩხიკვიშვილი, ვანო ჯავახიშვილი, ნინო ლორთქიფანიძე, ბაადურ (ბადრი) ბეგალიშვილი, კოტე ინანიშვილი, ნანული სარაჯიშვილი, ირა ბერიძე, შალვა მახათაძე, დათო შენგელიძე, ბაია (ბარბარე) დვალიშვილი, ჯ. ქარქუსაშვილი",http://geocinema.ge/ka/movies/400,http://geocinema.ge/uploads/nophoto.png,ok
383,მიიღეთ გამოწვევა სენიორებო,1982,მუსიკალური კომედია,"სს ""ქართული ფილმი""",131,,კონსტანტინე (კოტე) სურმავა,კონსტანტინე (კოტე) სურმავა,გივი რაჭველიშვილი,ფარნაოზ ლაპიაშვილი,გიორგი ცაბაძე,"ვილჰელმ გოგიჩაიშვილი, მიხეილ კილოსანიძე",ვასილ დოლენკო,"თამარ (თათული) დოლიძე, კახი კავსაძე, ზურაბ კიკალეიშვილი, დავით პაპუაშვილი, მანანა სურმავა, ნინელი ჭანკვეტაძე, ზურაბ ყიფშიძე, ამირან ამირანაშვილი, ფატიმა კაჩმაზოვა, ფატიმა კვეზეროვა, მარინა ქუმარიტოვა, ნინო ყრუაშვილი, ნანა რომელაშვილი, მანანა ცხოვრებოვა, ლილი ხურითი (ხიტირი)",http://geocinema.ge/ka/movies/383,http://geocinema.ge/uploads/old/poster/p383.jpg,ok
3111,გურული ფირალები,2000,,კომპანია ”ქართული ტელეფილმი”,23,,ირაკლი მახარაძე,ირაკლი მახარაძე,"ილია ვაჩნაძე, რამაზ ბატატუნაშვილი",შადიმან ჭავჭავაძე,,რუსუდან არაბიძე,"ირაკლი მახარაძე, იოსებ (სოსო) გუგუშვილი",,http://geocinema.ge/ka/movies/3111,http://geocinema.ge/uploads/nophoto.png,ok
3136,ბნელ ძალთა კრება,2001,,"სტუდია ""გრაალი""",35,,დავით ნანობაშვილი,დავით ნანობაშვილი,,,,ზაზა ლომთაძე,,,http://geocinema.ge/ka/movies/3136,http://geocinema.ge/uploads/old/poster/p3136.jpg,ok
908,ვეფხისტყაოსანი ანუ კავკასიური მარყუჟი,2005,,ეროვნული კინოცენტრი,26,,თეიმურაზ ჩიხლაძე,დევი ივანოვ-ჩიქოვანი,ლევან პატარაია,გია ლაფერაძე,,ირაკლი ქაცარავა,"დავით ქაცარავა, დავით გიგოლაშვილი","გიორგი (გიო) ხუციშვილი, ვალერი ტორონჯაძე",http://geocinema.ge/ka/movies/908,http://geocinema.ge/uploads/nophoto.png,ok
351,თითქმის ორი თვე,1980,,"სს ""ქართული ფილმი""",76,,რამაზ გიორგობიანი,"ბადრი ჭოხონელიძე, ავთანდილ ჩხიკვიშვილი",მიხეილ მედნიკოვი,ნიკოლოზ ზანდუკელი,გიორგი (გოგი) ჩლაიძე,გურამ შუბლაძე,ნაზი (ლეილა) მუხიგულაშვილი,"გიორგი (II) ყიფიანი, გიორგი ხეთაგური, გიორგი მელაძე, გელა ღაღანიძე, ვალერი ჯალაღონია, ალა სოსინა, ვახტანგ კობაიძე, თენგიზ მუმლაძე, გია მუჯირი, ზურაბ იმერლიშვილი, ალექსანდრე ბაიდაკოვი, ლენა მომჩენკოვა, აბესალომ ლორია, გრიგოლ (გიგოლა) თალაკვაძე",http://geocinema.ge/ka/movies/351,http://geocinema.ge/uploads/nophoto.png,ok
689,მოუსვენარი ზაფხული,1983,,კომპანია ”ქართული ტელეფილმი”,65,,ალექსანდრე (ალეკო) ნინუა,კარლო კობერიძე,იგორ კრეპსი,ვაჟა ჯალაღანია,ირაკლი გეჯაძე,შოველ ჩიტიძე,,"ია ვახტანგიშვილი, გოგიტა ჯავახიშვილი, ფარნაოზ სიდამონიძე",http://geocinema.ge/ka/movies/689,http://geocinema.ge/uploads/nophoto.png,ok
906,პირველი სიტყვა დაკარგულია,2005,,,23,,გიორგი წიქარიშვილი,ლევან ლაგაზიძე,მატიას ფლაიშერი,"გიორგი ნავროზაშვილი, გურამ ნავროზაშვილი",ნიკა მაჩაიძე,ირაკლი ივანიშვილი,,"ტატო კოტეტიშვილი, ნინო კასრაძე, ლია კაპანაძე, კახა ჯოხაძე, გიორგი (გია) ტყეშელაშვილი",http://geocinema.ge/ka/movies/906,http://geocinema.ge/uploads/old/poster/p906.jpg,ok
350,გოლა (შემთხვევა ზურგში),1980,,"სს ""ქართული ფილმი""",43,,გიორგი (გია) მატარაძე,"გიორგი (გია) მატარაძე, ბაადურ ბალარჯიშვილი",ლერი მაჩაიძე,დავით ლურსმანაშვილი,იოსებ (სოსო) ბარდანაშვილი,დიმიტრი გედევანიშვილი,გულნარა (გულიკო) ომიაძე,"შოთა კობიაშვილი, ვახტანგ მატარაძე-ჩელთისპირელი, ლერი ზარდიაშვილი, ბიძინა ჩხეიძე, კიმა სახიევი, ალექსანდრე კუპატაძე, გიორგი სულხანიშვილი, ნუგზარ ლორთქიფანიძე, ნ. მთვარელიშვილი, გ. მანველოვი, დავით პაპუაშვილი, გიორგი მამუჩიშვილი, ბესიკ ბაჩიაშვილი",http://geocinema.ge/ka/movies/350,http://geocinema.ge/uploads/nophoto.png,ok
481,ქველი (კეთილისმყოფელი),1988,დრამა,"სს ""ქართული ფილმი""",,,ვალერიან კვაჭაძე,"რევაზ მიშველაძე, ვალერიან კვაჭაძე",ნიკოლოზ სუხიშვილი,ჯემალ მირზაშვილი,გივი გაჩეჩილაძე,ვლადიმერ ნიკონოვი,მ. ლობრიანსკი,"გიორგი გეგეჭკორი, ბერტა ხაფავა, ბაადურ (ბადრი) ბეგალიშვილი, ნიკოლოზ (ბიჭიკო) ანდრონიკაშვილი, ზაზა მიქაშავიძე, გიორგი (გოგი) ქავთარაძე, კარლო საკანდელიძე, გია აბესალაშვილი, ნანა შონია, რამაზ გიორგობიანი, ტრისტან სარალიძე, რუსლან მიქაბერიძე, გურამ პეტრიაშვილი",http://geocinema.ge/ka/movies/481,http://geocinema.ge/uploads/nophoto.png,ok
239,"მე, გამომძიებელი",1971,,"სს ""ქართული ფილმი""",88,,გიორგი კალატოზიშვილი,"არკადი ვაინერი, გიორგი ვაინერი",იური კიკაბიძე,რევაზ მირზაშვილი,გია ყანჩელი,ვლადიმერ ნიკონოვი,ნელი ფარცვანია,"ვახტანგ (ბუბა) კიკაბიძე, ინგრიდი ანდრინია, ვია არტმანე, ბაადურ წულაძე, მიხეილ ნიკიტინი, რევაზ თავართქილაძე, იაკი ლიპსო, გურამ ლორთქიფანიძე, აქსელ ორავი, ოლევ ესკოლა, ლუდმილა ბეზუგლაია-შკელკო, ტინუ აავი, ვიაჩესლავ ვორონინი, არტურს დიმიტერსი, ს. კაბაშევი, ნიკოლაი კრიუკოვი, ვ. მიხალევიჩი, გია ფერაძე, უ. როზბერგი, გ. ტიმოფეევი, ალექსანდრე მაიოროვი",http://geocinema.ge/ka/movies/239,http://geocinema.ge/uploads/old/poster/p239.jpg,ok
476,პეიტარი,1988,დრამა,"სს ""ქართული ფილმი""",39,,აკაკი შანშიაშვილი,ნუგზარ შატაიძე,"გიორგი ბერიძე, გურამ საძაგლიშვილი",შოთა გოგოლაშვილი,მაია ოთიაშვილი,გურამ შუბლაძე,მარინა მადატოვა,"შაქრო მერაბაშვილი, სონია მერაბაშვილი, ანა შანშიაშვილი, დინარა ფირუზაშვილი, ლეო (ლევან) ფილფანი, ტრისტან სარალიძე, ნიკოლოზ (ბიჭიკო) ანდრონიკაშვილი, ნუგზარ შატაიძე, შოთა გოგოლაშვილი, თემურ ჩერქეზიშვილი, კობა მერაბაშვილი, ს. პაპიაშვილი, შ. თაყაიშვილი, შ. მამუკაშვილი, დ. კენჭიაშვილი, ი. გოგაძე, ნ. ქროხელაშვილი",http://geocinema.ge/ka/movies/476,http://geocinema.ge/uploads/nophoto.png,ok
691,უსახელო უფლისციხელი,1968,,კომპანია ”ქართული ტელეფილმი”,24,,კარლო ღლონტი,"ერლომ ახვლედიანი, კარლო ღლონტი",ირაკლი ონოფრიშვილი,გია შაიშმელაშვილი,ფელიქს (ფილიპე) ღლონტი,ლევან ქიშმიშევი,ლუდმილა (ლუსია) უნანიანი,"ოთარ მეღვინეთუხუცესი, თენგიზ არჩვაძე, მანანა აბაზაძე, იური გეწაძე",http://geocinema.ge/ka/movies/691,http://geocinema.ge/uploads/nophoto.png,ok
7009,ქვეყნის მაშენებლები,1997,ნახატი,"სს ""ქართული ფილმი""",9,,მერაბ სარალიძე,მერაბ სარალიძე,მედეა შელეგია,,ალექსანდრე ბასილაია,გარი კუნცევი,მარიამ კობახიძე,"რევაზ თავართქილაძე, შოთა ქრისტესაშვილი",http://geocinema.ge/ka/movies/7009,http://geocinema.ge/uploads/nophoto.png,ok
922,"ვარიაცია ""ოტელოს"" თემაზე",2003,,ტელეკომპანია ”იმედი”,44,,მერაბ კოკოჩაშვილი,მერაბ კოკოჩაშვილი,დავით გუჯაბიძე,გიორგი (გოგი) მიქელაძე,ნოდარ მამისაშვილი,თენგიზ (II) მაისურაძე,"ლალი კოლხიდაშვილი, ბექა გერსამია","ლევან წულაძე, თეიმურაზ (თემიკო) ჭიჭინაძე, ნანუკა ხუსკივაძე, დავით (ჯაპანა) ხურცილავა, დავით დვალიშვილი, რატი ერაძე, გოგა გველესიანი, ქეთი (კრისტი) ყიფშიძე, მაია ტატიშვილი, ალექსანდრე (ლექსო) მაჭავარიანი, კარლო ღლონტი, მერაბ ლომთაძე",http://geocinema.ge/ka/movies/922,http://geocinema.ge/uploads/nophoto.png,ok
3016,გზა მაცხოვრისა,2002,,კომპანია ”ქართული ტელეფილმი”,52,,როლანდ (მიხო) ბორაშვილი,როლანდ (მიხო) ბორაშვილი,იგორ კრეპსი,გიორგი (გოგი) მიქელაძე,გოჩა ყაჭეიშვილი,რუსუდან არაბიძე,დავით თუშიშვილი,,http://geocinema.ge/ka/movies/3016,http://geocinema.ge/uploads/nophoto.png,ok
019,თავადის ასული მერი,1926,მუნჯი / დრამა,"სს ""სახკინმრეწვი""",83,01.03.1927,ვლადიმერ ბარსკი,ვლადიმერ ბარსკი,"ანტონ პოლიკევიჩი, ფერდინანდ გეგელე","ვალერიან სიდამონ–ერისთავი, ფიოდორი პუში",,,,"ნიკოლოზ პროზოროვსკი, გიორგი დავითაშვილი, თამარ ბოლქვაძე, ელენე ჩარსკაია, ალექსანდრე თაყაიშვილი, ბელა ბელეცკაია, ივანე კრუჩინინი, ვლადიმერ ობოლენსკი, ზაალ ტერიშვილი, ტატიანა ვიშნევსკაია, შალვა ხუსკივაძე",http://geocinema.ge/ka/movies/019,http://geocinema.ge/uploads/ზომაშეცვლილი/თავადის ასული მერი.jpg,ok
280,წყარო გზის პირას,1974,კინონოველა,"სს ""ქართული ფილმი""",28,,თემურ ფალავანდიშვილი,რევაზ (რეზო) გაბრიაძე,დუდარ მარგიევი,ედუარდ ლაპკოვსკი,იაკობ ბობოხიძე,ვლადიმერ დოლიძე,ჯულიეტა წოწონავა,"ვასილ ჩხაიძე, შალვა ხერხეულიძე, ვახტანგ არეშიძე, ოთარ ზაუტაშვილი, გივი ბერიკაშვილი, ივანე საყვარელიძე, გიორგი (გოგი) ქავთარაძე, ლევან (ლეო) სოხაშვილი, მარინა ვეფხვაძე",http://geocinema.ge/ka/movies/280,http://geocinema.ge/uploads/old/poster/p280.jpg,ok
830,"კეთილი კაცი –""ობოლა"" (ერთხელ შაქრიანში)",1985,,კომპანია ”ქართული ტელეფილმი”,29,,გივი ვეფხვაძე,"გივი ვეფხვაძე, ირინე ტალიაშვილი",პავლე შნაიდერი,ნოდარ ბადურაშვილი,იაკობ ბობოხიძე,შოველ ჩიტიძე,,"მარიამ ჩხენკელი, ზურაბ ვარნაზიშვილი, ერეკლე ხურციძე, ფარსმან სონღულაშვილი, გოჩა ცხვარიაშვილი",http://geocinema.ge/ka/movies/830,http://geocinema.ge/uploads/nophoto.png,ok
436,"ჩვენი ჯერია, ბიჭებო !",1986,,"სს ""ქართული ფილმი""",85,,ბაადურ წულაძე,გარი კუნცევი,ალექსანდრე გვასალია,ბორის ცხაკაია,მიხეილ (მიკა) ოძელი,მიხეილ ინასარიძე,ოფელია გევორქიანი,"ზაზა (ბაჩო) ჩხეიძე, ალექსანდრე იაკოვლევი, კირა (უმც) ანდრონიკაშვილი, ბაადურ წულაძე, გივი (გურამ) ფირცხალავა, გიორგი (გიო) ხუციშვილი, ვლადიმერ პინჩევსკი, ოლეგი გურაბანოვი, ელენე ციპლიაკოვა, იანინა ლისოვსკაია, მარგალიტა ლობკო (კოდანიოვა), ანატოლი აფანასიევი, სერგეი კოროვინი, ნინა დვორჟეცკაია, ოლეგ შიშკინი, ვ. ტკაჩენკო, ი. მოლოდცოვი, სერგეი ოლეინიკი, ვ. კარავაევი, ა. ოლეინიკი, სერგეი ერმაკოვი, ს. იანჩენკო, ვალენტინ გოლუბენკო, ივეტა კისელიოვა, ა. ფრიდმანი, ს. გრიბოვი, ი. იშუტინი, ი. ჩალი, ლ. სკრებადუბი, კახა მელითაური, ე. მერეშჩენკო, ვ. ტომპოლსკი, პ. კაზიცკი, ი. თურმანიძე, დ. კრილოვი, დ. პანკოვა",http://geocinema.ge/ka/movies/436,http://geocinema.ge/uploads/nophoto.png,ok
678,ოსკარი,1995,,კომპანია ”ქართული ტელეფილმი”,38,,რუსუდან გლურჯიძე,რუსუდან გლურჯიძე,დავით გოგილაშვილი,შოთა გლურჯიძე,დავით საყვარელიძე,გარი კუნცევი,ვერა შიშმაკოვა–ნიკოლაძე,"ანა ვეტკო, დავით იაშვილი, ბაადურ წულაძე, მერაბ (II) გეგეჭკორი, გია აბესალაშვილი, ელენე (ლიკა) ჭავჭავაძე, მურმან ჯინორია, კახა თავართქილაძე, გელა (ბაჩი) ლეჟავა, ზურა შარია, ზურაბ მაღალაშვილი, თეა ნიქაბაძე, მარიამ ხარანაული, ქიტესა ხარანაული",http://geocinema.ge/ka/movies/678,http://geocinema.ge/uploads/nophoto.png,ok
628,მერცხლები და ბეღურები,1991,კომედია,"სტუდია ""+ 1""  (პლიუს ერთი)",60,,დავით ურუშაძე,დავით ურუშაძე,ნუგზარ ნოზაძე,ვასილ არაბიძე,იაკობ ბობოხიძე,გურამ გოგუა,ნანა ბახტაძე,"შოთა ქრისტესაშვილი, მიხეილ იოფე, იოსებ (სოსო) ჯაჭვლიანი, მანუჩარ შერვაშიძე, როლანდ კაკაურიძე, ბერდია ინწკირველი, იური ცაავა, ნატაშა შენგელაია",http://geocinema.ge/ka/movies/628,http://geocinema.ge/uploads/old/poster/p628.jpg,ok
969,პილიგრიმი,1993,,"სს ""ქართული ფილმი""",44,,კობა ცხაკაია,კობა ცხაკაია,სილოვან (ბაჩი) სულამანიძე,ალექსანდრე კანკავა,,გარი კუნცევი,ციცინო კურკუმული,"გიგა გოგუაძე, ანა ლეშკაშელი, გივი ტორონჯაძე, რეზო მარგველაშვილი, ნესტან კვეიძე, ნათელა საღარაძე, ანა კოხრეიძე, ავთანდილ სახამბერიძე, გიორგი ყურაშვილი, გიორგი ძაგნიძე, ლიკა გუმბეიშვილი, ლელი შენგელია, გიორგი ამაღლობელი",http://geocinema.ge/ka/movies/969,http://geocinema.ge/uploads/nophoto.png,ok
953,ორი მუსიკოსი,2006,,ეროვნული კინოცენტრი,17,,ნიკოლოზ ბეჟანიშვილი,"ნიკოლოზ ბეჟანიშვილი, გიორგი (გოგა) ცხვედიანი","გიკა ჭელიძე, იური ბარამიძე",თამარ ლოლუა,,,რუსუდან პირველი,"მიხეილ (მიშა) გომიაშვილი, სანდრო გაბილაია, ხათუნა ასათიანი, გვანცა ხარშილაძე",http://geocinema.ge/ka/movies/953,http://geocinema.ge/uploads/nophoto.png,ok
3050,ქართველი მამლუქები ეგვიპტეში,2007,,,60,,მერაბ კოკოჩაშვილი,გოჩა ჯაფარიძე,"დავით გუჯაბიძე, ზურაბ ოშხნელი",,ნოდარ მამისაშვილი,დავით გუჯაბიძე,დავით გუჯაბიძე,,http://geocinema.ge/ka/movies/3050,http://geocinema.ge/uploads/old/poster/p3050.jpg,ok
590,ბლიუზი,1993,,"სტუდია ""არიესი""",131,,გიორგი კაჭარავა,გიორგი კაჭარავა,ოლეგ ბაშნინი,იური გეგეშიძე,გიორგი კაჭარავა,გია ჯავახიშვილი,,"ნანა კიკნაძე, მამუკა კიკალეიშვილი, ნიკოლოზ (ნიკა) თავაძე, გივი (გურამ) ფირცხალავა, იური საფაროვი, ნუკრი გურეშიძე",http://geocinema.ge/ka/movies/590,http://geocinema.ge/uploads/nophoto.png,ok
342,კიკვიძე,1980,,"სს ""ქართული ფილმი""",90,,"გიორგი კალატოზიშვილი, გურამ (გიზო) გაბესკირია","არტურ მაკაროვი, გიორგი კალატოზიშვილი",იური კიკაბიძე,ვასილ არაბიძე,გია ყანჩელი,ვლადიმერ დოლიძე,ნელი ფარცვანია,"ზურაბ ყიფშიძე, ჟანა პროხორენკო, ანატოლი პოტაპოვი, იური ნაზაროვი, ვალენტინ ნიკულინი, ალექსანდრე იაკოვლევი, ელენე ოსკრეტი, ფ. სერგეევი",http://geocinema.ge/ka/movies/342,http://geocinema.ge/uploads/nophoto.png,ok
125,ქართული ბალეტის ოსტატები,1955,ფილმი-კონცერტი,"სს ""ქართული ფილმი""",53,02.03.1956,"შოთა მანაგაძე, ვახტანგ ჭაბუკიანი","ვახტანგ ჭაბუკიანი, ირინა გელოვანი",ფელიქს ვისოცკი,"რევაზ მირზაშვილი, სერაფიონ ვაწაძე","ალექსანდრე კრეინი, გრიგოლ კილაძე",როსტისლავ ლაპინსკი,ოთარ აბესაძე,"ვახტანგ ჭაბუკიანი, ზურაბ კიკალეიშვილი, მარია ბაუერი, რევაზ მაღალაშვილი, თენგიზ სანაძე, თამარ ჭაბუკიანი, ვლადიმერ ივაშკინი, მარგარიტა გრიშკევიჩი, ევგენია გელოვანი, ირინა ალექსიძე, მეგი წულუკიძე, ვერა წიგნაძე",http://geocinema.ge/ka/movies/125,http://geocinema.ge/uploads/nophoto.png,ok
3005,გაფითრებული თებერვლის ლანდი (მარო მაყაშვილი),2005,,ეროვნული კინოცენტრი,35,,გია ჭუბაბრია,"ნატო ციციშვილი, გია ჭუბაბრია",ზურაბ ოშხნელი,,,იპოლიტე (უმც) ხვიჩია,,"დოდო ჭიჭინაძე, ეკატერინე (ეკა) ტოგონიძე",http://geocinema.ge/ka/movies/3005,http://geocinema.ge/uploads/nophoto.png,ok
086,ფრთოსანი მღებავი,1936,კომედია,"სს ""სახკინმრეწვი""",80,03.05.1937,ლეო ესაკია,"გიორგი მდივანი, ლეო ესაკია",დავით კანდელაკი,სერაფიონ ვაწაძე,გრიგოლ კილაძე,"ვლადიმერ კოტოვი, დავით ლომიძე",,"ტაისა სავა, აკაკი (კაკო) კვანტალიანი, შოთა ნოზაძე, ლ. თოთაძე, ალექსანდრე კვალიაშვილი, გიორგი ჯავაშვილი, ლევან ხოტივარი, შალვა ხუსკივაძე",http://geocinema.ge/ka/movies/086,http://geocinema.ge/uploads/frtosani mghebavi.jpg,ok
761,ტბა,2002,,,8,,გიგა ჩხეიძე,"ლაშა ბაქრაძე, გიგა ჩხეიძე",კახა ჭელიძე,,,,,"ნინო ხოშტარია, ბაჩა მალაზონია, სანდრო ციცქიშვილი",http://geocinema.ge/ka/movies/761,http://geocinema.ge/uploads/nophoto.png,ok
010,დაკარგული საუნჯე,1924,მუნჯი / სათავგადასავლო,"სს ""სახკინმრეწვი""",180,25.11.1924,ამო ბეკ-ნაზაროვი,"პეტრე მორსკოი, ამო ბეკ-ნაზაროვი",სერგეი ზაბოზლაევი,ფიოდორი პუში,,,,"პავლე ესიკოვსკი, სოფია ჟოზეფი, პეტრე მორსკოი, ნ. ნიროვი, ვლადიმერ ობოლენსკი, მარია არნაზი, ივანე კრუჩინინი, ვიტალი ბრიანსკი, იან ბურინსკი, მ. ლეშჩენკო, ლევან ხოტივარი, ა. პოკროვსკი, მიხეილ ჭიაურელი, აკაკი ხორავა, ნიკოლოზ ნაგორნი, დიმიტრი ყიფიანი",http://geocinema.ge/ka/movies/010,http://geocinema.ge/uploads/nophoto.png,ok
303,ესკულაპეს მოწაფე,1977,მელოდრამა,"სს ""ქართული ფილმი""",86,,ოთარ აბესაძე,"თეიმურაზ მაღლაფერიძე, ოთარ აბესაძე",აბესალომ მაისურაძე,ვასილ არაბიძე,რევაზ ლაღიძე,ვლადიმერ ნიკონოვი,ლუსია ვარტიკიანი,"მზია არაბული, პაატა ბარათაშვილი, შოთა გაბელაია, მერაბ ჯაფარიძე, სესილია თაყაიშვილი, ირაკლი უჩანეიშვილი, შინაგი ნაცვლიშვილი, კარლო საკანდელიძე, ზურაბ (კუკური) ლაფერაძე, ლეო (ლევან) ფილფანი, დავით ოქროსცვარიძე, სერგო ახალაძე, აბესალომ ლორია, ალექსანდრე მახარაძე, რენე აბესაძე, თამილა ლასხიშვილი, გრიგოლ კოსტავა, კახი კავსაძე, მზია ქადაგიძე, ციალა ბერიძე, ლეილა შოთაძე, თამარ თვალიაშვილი, მანანა ლომთათიძე, ნ. ჩირგაძე, თამარ აბესაძე, მარიამ აბესაძე, დ. ცერცვაძე",http://geocinema.ge/ka/movies/303,http://geocinema.ge/uploads/old/poster/p303.jpg,ok
472,უცხო,1988,ფანტასტიური,"სს ""ქართული ფილმი""",71,,გოდერძი ჩოხელი,გოდერძი ჩოხელი,დავით შუშანია,ნიკოლოზ ზანდუკელი,იაკობ ბობოხიძე,თამაზ მჭედლიძე,ნელი დევნოზაშვილი,"ნინო ჩხეიძე, ივანე საყვარელიძე, ლეო (ლევან) ფილფანი, ერმალო მაღრაძე, მიხეილ ვაშაძე, ლევან (ლეო) სოხაშვილი, პაატა გარსიაშვილი",http://geocinema.ge/ka/movies/472,http://geocinema.ge/uploads/nophoto.png,ok
058,ამერიკანკა,1930,მუნჯი / ისტორიულ-რევოლუციური,"სს ""სახკინმრეწვი""",76,22.10.1930,ლეო ესაკია,"გიორგი სტურუა, ვიქტორ შკლოვსკი, გიორგი მდივანი","სერგეი ზაბოზლაევი, ალექსანდრე გალპერინი","ალექსეი უტკინი, შალვა მამალაძე",,,,"ზაქარია ბერიშვილი, არკადი ხინთიბიძე, ალექსანდრე გრომოვი, გიორგი მდივანი, ა. კუსაკოვა, ნ. სმირნიკოვი, იური ლავროვი, ზაალ ტერიშვილი",http://geocinema.ge/ka/movies/058,http://geocinema.ge/uploads/Amerikanka.jpg,ok
664,დედის ხელი,1959,,კომპანია ”ქართული ტელეფილმი”,10,,მერაბ ჯალიაშვილი,"მედეა ლორთქიფანიძე, თამარ ჩხაიძე",თენგიზ ლომიძე,დინარა ნოდია,ოთარ გორდელი,ეთერ ჯებაშვილი,,"იმედა კახიანი, მზია ლომიძე, თინათინ ჩარკვიანი",http://geocinema.ge/ka/movies/664,http://geocinema.ge/uploads/nophoto.png,ok
297,ფაცურა,1976,,"სს ""ქართული ფილმი""",27,,როსტომ ლორთქიფანიძე,რევაზ (რეზო) თაბუკაშვილი,ომარ ბრეგვაძე,გ. თაყაიშვილი,პ. ბერიშვილი,ვილჰელმ გოგიჩაიშვილი,"ლუსია ვარტიკიანი, ნელი ქრისტესაშვილი","მარინა მეღვინეთუხუცესი, ნინო არჩვაძე, მარინა მიქაშავიძე, მაია მაისურაძე, ნინო ახრახაძე, ლეილა ღამბაშიძე, კარლო საკანდელიძე, დიმიტრი ომიაძე, ნოდარ სულაქველიძე, თემურ ჯაფარიძე, გურანდა გაბუნია",http://geocinema.ge/ka/movies/297,http://geocinema.ge/uploads/nophoto.png,ok
034,ამოკი (კანონი და მოვალეობა),1927,მუნჯი / დრამა,"სს ""სახკინმრეწვი""",72,24.02.1928,კოტე მარჯანიშვილი,კოტე მარჯანიშვილი,სერგეი ზაბოზლაევი,ვალერიან სიდამონ–ერისთავი,,,,"ნატო ვაჩნაძე, ალექსანდრე იმედაშვილი, ვალერიან გუნია, სიკო ფალავანდიშვილი, ქეთევან თარხან-მოურავი, ვიქტორ ჭანკვეტაძე, ცეცილია წუწუნავა, შალვა გედევანიშვილი, ზაალ ტერიშვილი, დავით ჩხეიძე",http://geocinema.ge/ka/movies/034,http://geocinema.ge/uploads/ფოტო GNFC/3_3008_AMOKI.jpg,ok
493,ძაღლის ყნოსვა,1989,,"სს ""ქართული ფილმი""",17,,გიორგი დადიანი,"ამირან ჭიჭინაძე, გიორგი დადიანი",ნუგზარ ერქომაიშვილი,გიორგი დადიანი,დავით ტურიაშვილი,თამაზ მჭედლიძე,"კ. ულუმბეგაშვილი, ჯულიეტა წოწონავა","გიორგი (გიო) ხუციშვილი, მანანა სურმავა, თენგიზ კოშკაძე, ლევან ერისთავი, ვახტანგ კაჯირაშვილი, ლარისა კევლიშვილი, ლაშა ცინცაძე, ლარისა მიაგკაია, მ. მამალაძე, ვახტანგ კიკნაველიძე, მაია ტატიშვილი, ა. ოგანიანი, მურად ეგიზაროვი, ნინო ბერიაშვილი, ო. კოტიშაძე, ნინო არსენიშვილი, დ. დოლიძე, ვ. ანდრონიკაშვილი, გიორგი მჭედლიშვილი, მ. ჯერენაშვილი",http://geocinema.ge/ka/movies/493,http://geocinema.ge/uploads/nophoto.png,ok
698,დედისერთა ლენინთან,1968,,კომპანია ”ქართული ტელეფილმი”,,,რამაზ ჭიაურელი,პავლე ჩარკვიანი,თეიმურაზ მეგრელიშვილი,,ლილე კილაძე,,,"ვერიკო ანჯაფარიძე, ალექსანდრე ომიაძე, ვლადიმერ (ლადო) მექვაბიშვილი",http://geocinema.ge/ka/movies/698,http://geocinema.ge/uploads/nophoto.png,ok
3255,სიაუშ ქართველი,1997,,კომპანია ”ქართული ტელეფილმი”,60,,როლანდ (მიხო) ბორაშვილი,ამირან ჭიჭინაძე,იგორ კრეპსი,,,რუსუდან არაბიძე,ლევან კუხაშვილი,,http://geocinema.ge/ka/movies/3255,http://geocinema.ge/uploads/nophoto.png,ok
3025,სახლი სიხარულისა,2008,,შპს კინოსტუდია ”დამოუკიდებელი კინოპროექტი ”,64,,მერაბ კოკოჩაშვილი,აკა მორჩილაძე,გიორგი ბერიძე,"კოტე ჯაფარიძე, გიორგი (გოგი) ტატიშვილი",ნიკა მემანიშვილი,ვაცლავ ფრეგლი,ლევან კუხაშვილი,ეკატერინე (ეკა) ტოგონიძე,http://geocinema.ge/ka/movies/3025,http://geocinema.ge/uploads/nophoto.png,ok
954,პატარა ქალაქი,2006,,სტუდია ”სანგუკო”,9,,დავით იაშვილი,"თეა შურღაია, დავით იაშვილი","ლევან მაჭარაშვილი, გიორგი შველიძე",ლაშა ორბელაძე,,,ირაკლი გაბუნია,დავით იაშვილი,http://geocinema.ge/ka/movies/954,http://geocinema.ge/uploads/old/poster/p954.jpg,ok
474,ჩვენი კეთილმოწყობილი საზოგადოება (შემსრულებელი N 977),1990,ფანტასტიური,"სს ""ქართული ფილმი""",90,,ოთარ (II) ლითანიშვილი,"დავით ახობაძე, ოთარ (II) ლითანიშვილი",სერგეი იურიზიდეცკი,ბორის ცხაკაია,ვახტანგ კახიძე,ზურაბ ნადარაია,,"გივი თოდრია, ხათუნა იოსელიანი, ლევან ერისთავი, რუსლან მიქაბერიძე, მაია ლოლაძე, ნუგზარ ყურაშვილი, ეკა ქუთათელაძე, ლიკა ქავჟარაძე, გრიგოლ ნაცვლიშვილი, გია ლეჟავა, გივი სავანელი, ვიქტორია იურიზდიცკაია, ვალენტინა ვინოგრადოვა, ოთარ (III) ლითანიშვილი",http://geocinema.ge/ka/movies/474,http://geocinema.ge/uploads/nophoto.png,ok
522,მოვდივართ და მოვიმღერით,1973,,კომპანია ”ქართული ტელეფილმი”,,,"ნელი ნენოვა, გენო წულაია","ნელი ნენოვა, გენო წულაია",იური კიკაბიძე,კახი ხუციშვილი,იაკობ ბობოხიძე,გულნარა ბერიაშვილი,,"კარლო საკანდელიძე, ბორის წიფურია, კახი კავსაძე",http://geocinema.ge/ka/movies/522,http://geocinema.ge/uploads/nophoto.png,ok
826,შადრევანი,1972,,"სს ""ქართული ფილმი""",16,,თეიმურაზ (თემურ) ბაქრაძე,"თეიმურაზ (თემურ) ბაქრაძე, გ. ჯაფარიძე",ლერი მაჩაიძე,უშანგი იმერლიშვილი,ვახტანგ კუხიანიძე,თენგიზ ნანობაშვილი,,"ი. გიგავა, ვახტანგ მუსხელიშვილი, ლიკა ქავჟარაძე, დ. კახიძე, პაპუნა წერეთელი",http://geocinema.ge/ka/movies/826,http://geocinema.ge/uploads/old/poster/p826.jpg,ok
831,შუაკაცი,1985,,კომპანია ”ქართული ტელეფილმი”,14,,გივი ვეფხვაძე,"გივი ვეფხვაძე, ნოდარ კეკელიძე",პავლე შნაიდერი,ნოდარ ბადურაშვილი,იაკობ ბობოხიძე,შოველ ჩიტიძე,ნინო აბაშიშვილი,"მარიამ ჩხენკელი, ზურაბ ვარნაზიშვილი, ერეკლე ხურციძე, იოსებ (სოსო) ხაინდრავა, ბერტა ხაფავა, გურამ სარაჯიშვილი, აზა ნუცუბიძე",http://geocinema.ge/ka/movies/831,http://geocinema.ge/uploads/nophoto.png,ok
084,ორი მეგობარი,1937,საბავშვო,"სს ""სახკინმრეწვი""",41,,ივანე პერესტიანი,"ილო მოსაშვილი, ივანე პერესტიანი",ფერდინანდ გეგელე,მიხეილ გოცირიძე,ივანე გოკიელი,ვლადიმერ კოტოვი,,"ლამარა ჩიქოვანი, ვლადიმერ მილორავა, აკაკი ხორავა, ზაქარია ბერიშვილი, გიორგი როსება (ბაღოღიშვილი), ვლადიმერ (ლადო) კავსაძე",http://geocinema.ge/ka/movies/084,http://geocinema.ge/uploads/Ori Megobari.jpg,ok
354,რად სტვენს ბულბული,1980,,"სს ""ქართული ფილმი""",58,,გურამ პეტრიაშვილი,გურამ პეტრიაშვილი,გივი ყურელი,"იური კვაჭაძე, ედუარდ ლაპკოვსკი",ალექსანდრე რაქვიაშვილი,დიმიტრი გედევანიშვილი,ეთერ თავაძე,"ნოდარ მგალობლიშვილი, რუსლან მიქაბერიძე, ლეილა ყიფიანი, ლია კაპანაძე, მანანა კუჭუხიძე, მ. მიქაძე, გურამ პეტრიაშვილი, მიხეილ კაკაბაძე, ნ. ერმოშინა, ი. სკანგალე, ს. ტამუროვი, ლ. გაბოევა, ნ. კიკალეიშვილი, ეკა ჯვებენევა, ტატო გეგეჭკორი, ოლია პეტრიაშვილი, ლევან ციგროშვილი, გიორგი ციგროშვილი",http://geocinema.ge/ka/movies/354,http://geocinema.ge/uploads/nophoto.png,ok
093,ქალიშვილი ხიდობნიდან,1940,კომედია,თბილისის კინოსტუდია,90,,დიომიდე ანთაძე,"პოლიკარპე კაკაბაძე, სამსონ სულაკაური",დავით კანდელაკი,იოსებ გაბაშვილი,რევაზ გაბიჩვაძე,დავით ლომიძე,,"ნატო ვაჩნაძე, ალექსანდრე (სანდრო) ჟორჟოლიანი, შალვა ბეჟუაშვილი, ვიქტორია პოზამენტიროვა, აკაკი (კაკო) კვანტალიანი, ილია მამფორია, ეთერ ჟორდანია, თეიმურაზ ხელაშვილი, არკადი ხინთიბიძე, პავლე ჯალაღანია, კოტე დაუშვილი, ვახტანგ ნინუა, ვასილ ბალანჩივაძე, ალექსანდრე (შურა) ჯაგარბეკოვი",http://geocinema.ge/ka/movies/093,http://geocinema.ge/uploads/nophoto.png,ok
545,სისხლიანი სცენარი,1996,,კომპანია ”ქართული ტელეფილმი”,20,,ბესარიონ (ბესო) სოლომანაშვილი,"ირაკლი სოლომანაშვილი, ბესარიონ (ბესო) სოლომანაშვილი",ტრისტან კანდელაკი,ლევან ადამია,ბესარიონ (ბესო) სოლომანაშვილი,ლევან ქიშმიშევი,ვერა შიშმაკოვა–ნიკოლაძე,"გიორგი ხობუა, გივი სავანელი, მალხაზ რუხაძე, ნინო ქუთათელაძე, ირაკლი სოლომანაშვილი, გია (გიო) ცინცაძე, დავით დარჩია, ზურაბ მანაგაძე",http://geocinema.ge/ka/movies/545,http://geocinema.ge/uploads/nophoto.png,ok
760,კვირა დღე,1989,დრამა,"სს ""ქართული ფილმი""",17,,გიორგი (გია) რევიშვილი,გიორგი (გია) რევიშვილი,დავით ჩიხლაძე,ვახტანგ რურუა,გიორგი (გია) რევიშვილი,გია ჯავახიშვილი,ლალი კოლხიდაშვილი,"გიო მგელაძე, გიორგი ბერიძე, პაატა მომცელიძე, კახა მხეიძე, თეიმურაზ (თემიკო) ჭიჭინაძე, ერლომ ახვლედიანი, ქეთევან ფანცხავა",http://geocinema.ge/ka/movies/760,http://geocinema.ge/uploads/nophoto.png,ok
568,ტრასა,1991,,კომპანია ”ქართული ტელეფილმი”,,,ლევან კიტია,"კოტე ჯანდიერი, ლევან კიტია, კახა თოლორდავა","დავით გუჯაბიძე, ლევან ახვლედიანი",თამარ ფოცხიშვილი,,გია ჯავახიშვილი,,"მაკა ჩიჩუა, ვაჟა მიქაბერიძე, დადა დადიანი",http://geocinema.ge/ka/movies/568,http://geocinema.ge/uploads/nophoto.png,ok
582,ატუ-ალაბა ოტელ კალიფორნია,1995,,"სს ""ქართული ფილმი""",18,,გიო მგელაძე,გიო მგელაძე,გიორგი ბერიძე,გიორგი (გია) მაჩაიძე,ნიაზ დიასამიძე,გურამ გოგუა,,"გიორგი ნაკაშიძე, ნანიკო ხაზარაძე",http://geocinema.ge/ka/movies/582,http://geocinema.ge/uploads/nophoto.png,ok
904,კავშირი,2005,,"შპს ""ტაია გრუპი""",22,,გიორგი (გია) ბარაბაძე,გიორგი (გია) ბარაბაძე,ოტა მურაჩაშვილი,,გიორგი (მირიანი) მირიანაშვილი,ბორის კვეტენაძე,,"ლაშა ბაქრაძე, მიხეილ (მიკა) კიკაჩეიშვილი, გიორგი (გოგიტა) ჭყონია, ალექსანდრე (სანდრო) თომაძე, რობერტ (რობი) კუხიანიძე, ზურა კალატოზიშვილი, გეგა ფალავანდიშვილი",http://geocinema.ge/ka/movies/904,http://geocinema.ge/uploads/nophoto.png,ok
885,მდინარე,2003,,კომპანია ”ქართული ტელეფილმი”,14,,გიორგი ოვაშვილი,გიორგი ოვაშვილი,"რამაზ ბატატუნაშვილი, ვარლამ (ვაკო) ქარჩხაძე",,თეიმურაზ ბაკურაძე,მადონა თევზაძე,იოსებ (სოსო) გუგუშვილი,,http://geocinema.ge/ka/movies/885,http://geocinema.ge/uploads/nophoto.png,ok
178,გენერალი და ზიზილები,1963,,"სს ""ქართული ფილმი""",105,23.11.1964,მიხეილ ჭიაურელი,"ნ. შპანოვი, ალექსანდრე ფილიმონოვი, მიხეილ ჭიაურელი",გიორგი ჭელიძე,რევაზ მირზაშვილი,ალექსი მაჭავარიანი,ოთარ გეგეჭკორი,ვასილ დოლენკო,"ბრუნო ოია, ვერიკო ანჯაფარიძე, სოფიკო ჭიაურელი, ანდრეი აბრიკოსოვი, ნიკოლოზ ბოგოლიუბოვი, ვლადიმერ დრუჟნიკოვი, ჰელმუტ ზომერი, სერგეი კარნოვიჩ-ვალუა, არტურს დიმიტერსი, ალფრედ ვიდენიექსი, ოლევ ესკოლა, ალექსანდრე სმირნოვი, ოთარ კობერიძე, ვ. ვანი, გარი ავენსი, ვ. გრინვიში, ი. ზნამენსკი, ა. ბაუმანი, ი. ვიტკოვსკაია, იანის გრანტინში, დიმიტრი ყიფიანი, ირაკლი ქოქრაშვილი, ვ. კრუმჩაკი, ბორის ნიკიფოროვი, მავრ პიასეცკი, კარლი სებრისი, ანატოლი სმირანინი, ვალენტინ სკულმე, ლ. ტკაჩევი, ირინე მაღალაშვილი",http://geocinema.ge/ka/movies/178,http://geocinema.ge/uploads/nophoto.png,ok
016,"ათასის ფასად (""დაჰკრა ჟამმა"")",1925,მუნჯი / დრამა,"სს ""სახკინმრეწვი""",50,25.10.1925,ვლადიმერ ბარსკი,გრიგოლ არუსტანოვი,"სერგეი ზაბოზლაევი, ანტონ პოლიკევიჩი",პოლიკარპე კაზაკევიჩი,,,,"მიხეილ ჭიაურელი, კლეოპატრა ჯაში, აკაკი ხორავა, ვერიკო ანჯაფარიძე, მარია ტენაზი, ზაქარია ბერიშვილი, ნატო ვაჩნაძე, ლევან ხოტივარი, არკადი ხინთიბიძე, ნიკოლოზ სანიშვილი, ვლადიმერ ჭიაურელი, ზაალ ტერიშვილი, ერასტი ბილანიშვილი, დიმიტრი ყიფიანი",http://geocinema.ge/ka/movies/016,http://geocinema.ge/uploads/old/poster/p016.jpg,ok
776,გასეირნება,1972,კომედია,"სს ""ქართული ფილმი""",19,,ზურაბ თუთბერიძე,ზურაბ თუთბერიძე,ჯიმშერ ქრისტესაშვილი,,ზურაბ ნადარაია,,,"გია ავალიშვილი, გივი სიხარულიძე, ლია ჯაბუა, ლალი დეისაძე",http://geocinema.ge/ka/movies/776,http://geocinema.ge/uploads/nophoto.png,ok
3222,ფანჯარა,1980,,კომპანია ”ქართული ტელეფილმი”,10,,როლანდ (მიხო) ბორაშვილი,"დავით აგიაშვილი, როლანდ (მიხო) ბორაშვილი","ტრისტან კანდელაკი, რამაზ ბატატუნაშვილი",,,მერაბ გვანცელაძე,,,http://geocinema.ge/ka/movies/3222,http://geocinema.ge/uploads/nophoto.png,ok
236,ეპისკოპისი ნადირობაზე,1971,,"სს ""ქართული ფილმი""",25,,ლიანა ელიავა,ლიანა ელიავა,შოთა კილაძე,ქრისტესია ლებანიძე,სერგო ჟვანია,ვლადიმერ დოლიძე,ნუცა შოშიტაიშვილი,"შალვა ხერხეულიძე, მიხეილ ვაშაძე, ვარლამ (ვალოდია) წულაძე, აკაკი (კაკო) ბაქრაძე, როდერ ჩაჩანიძე, ვ. ბახტურიძე, შალვა ბეჟუაშვილი, ვანო მაჭავარიანი",http://geocinema.ge/ka/movies/236,http://geocinema.ge/uploads/nophoto.png,ok
055,საბა,1929,მუნჯი / დრამა,"სს ""სახკინმრეწვი""",67,10.09.1929,მიხეილ ჭიაურელი,"არსენ არავსკი, შალვა ალხაზიშვილი",ანტონ პოლიკევიჩი,"ლადო გუდიაშვილი, დავით კაკაბაძე",,,,"ალექსანდრე ჯალიაშვილი, ვერიკო ანჯაფარიძე, ანდრო ჯანუაშვილი, ეკა ჭავჭავაძე, შალვა გედევანიშვილი, სეფე ლორთქიფანიძე, გიორგი ჯავაშვილი, ოლღა კეჟერაძე, სერგო ზავრიევი, სამსონ სულაკაური, მიხეილ ბაკურაძე, ზაალ ტერიშვილი, შალვა ხუსკივაძე, ალექსანდრე (შურა) ჯაგარბეკოვი",http://geocinema.ge/ka/movies/055,http://geocinema.ge/uploads/ზომაშეცვლილი/საბა.jpg,ok
188,ჯილდო,1965,,"სს ""ქართული ფილმი""",25,,გიორგი შენგელაია,გიორგი შენგელაია,იგორ ამასიისკი,ალექსანდრე მაკაროვი,ფელიქს (ფილიპე) ღლონტი,მიხეილ ნიჟარაძე,,"ბონდო გოგინავა, სესილია თაყაიშვილი, კონსტანტინე (კოტე) თოლორაია, გივი ბერიკაშვილი, კახი კავსაძე, კოტე დაუშვილი, ალექსანდრე ლორთქიფანიძე, ლეო (ლევან) ფილფანი",http://geocinema.ge/ka/movies/188,http://geocinema.ge/uploads/nophoto.png,ok
3412,ფშავი,1981,,კომპანია ”ქართული ტელეფილმი”,23,,როლანდ (მიხო) ბორაშვილი,"ხ. არჩემაშვილი, ვ. ბერიძიაშვილი, როლანდ (მიხო) ბორაშვილი",რამაზ ბატატუნაშვილი,,,მერაბ გვანცელაძე,მადონა ლომიძე,,http://geocinema.ge/ka/movies/3412,http://geocinema.ge/uploads/nophoto.png,ok
840,ბოდვა,2003,,,60,,თორნიკე ბზიავა,თორნიკე ბზიავა,გოგა დევდარიანი,თინათინ (თიკო) კვინიკაძე,ნიკა წერეთელი,ირაკლი ქაცარავა,მერაბ ახვლედიანი,"თამარ ბზიავა, ვანო თარხნიშვილი, ლია კაპანაძე, დავით გოგიბედაშვილი, იმედა არაბული",http://geocinema.ge/ka/movies/840,http://geocinema.ge/uploads/nophoto.png,ok
044,კაზაკები,1928,მუნჯი,"სს ""სახკინმრეწვი""",72,04.09.1928,ვლადიმერ ბარსკი,"ვიქტორ შკლოვსკი, ვლადიმერ ბარსკი",ფერდინანდ გეგელე,ვალერიან სიდამონ–ერისთავი,,,,"სანდრო ინაშვილი, ივანე პანკოვი, ნ. პაჩუევი, ელენე ჩარსკაია, ემა ჩერკასკაია, ალექსანდრე შირაი, ზ. მელნიკოვი, შალვა ხუსკივაძე, ზ. ნევინსკაია, ნ. ვოლხოვსკოი, მიხეილ მირზოიანი",http://geocinema.ge/ka/movies/044,http://geocinema.ge/uploads/ზომაშეცვლილი/კაზაკები.jpg,ok
814,დაბადების დღე,1994,,,28,,ვახტანგ ვარაზი,"ირაკლი სოლომანაშვილი, ვახტანგ ვარაზი",მარლენ მაისურაძე,ლევან ადამია,,თენგიზ თოდაძე,,"ელენე (ბაკა) კვირცხალია, გიორგი გაჩეჩილაძე, დავით (ჯაპანა) ხურცილავა, რაჟდენ კერვალიშვილი, მალხაზ გაბუნია, ირაკლი მეტრეველი, ბესარიონ (ბესო) სოლომანაშვილი, მამუკა ლორია, მერაბ (II) გეგეჭკორი, ნანა კალანდარიშვილი",http://geocinema.ge/ka/movies/814,http://geocinema.ge/uploads/nophoto.png,ok
313,მწვერვალის დამპყრობნი,1977,კომედია,"სს ""ქართული ფილმი""",20,,"რევაზ (რეზო) გაბრიაძე, ამირან დარსაველიძე",რევაზ (რეზო) გაბრიაძე,ლერი მაჩაიძე,ვაჟა ჯალაღანია,ნანა ავალიშვილი,ვილჰელმ გოგიჩაიშვილი,ევგენია ბეჟანოვა,"კახი კავსაძე, გივი ბერიკაშვილი, ბაადურ წულაძე, გრიგოლ გრძელიშვილი, ჯიმშერ (ჯიმი) ლომიძე, მიხეილ სიმხაევი, ნოდარ ჩოგოშვილი",http://geocinema.ge/ka/movies/313,http://geocinema.ge/uploads/old/poster/p313.jpg,ok
3040,ქართველი ლეგიონერი (დიმიტრი ამილახვარი),2007,,"სტუდია ""მემატიანე""",26,,გიორგი (გოგი) თორაძე,"ნონა ღამბაშიძე, გიორგი (გოგი) თორაძე",რევაზ (რეზო) მახათაძე,ეკა ჯანაშია,,,დავით ქაცარავა,,http://geocinema.ge/ka/movies/3040,http://geocinema.ge/uploads/nophoto.png,ok
937,პრემიერა,2008,,VPRO,17,,ხათუნა გიორგობიანი,"დათო გაბუნია, დათა თავაძე",მირიან შენგელაია,ნინო მაღლაკელიძე,,,"მირიან შენგელაია, ხათუნა გიორგობიანი","ქეთა შათირიშვილი, ნოდარ ხუციშვილი, პაატა ინაური, მაია ჩართოლანი, დათა თავაძე, გიორგი ყორაღანაშვილი, იაკო ჭილაია, ანა წერეთელი, მაგდა ლებანიძე, დეა კულუმბეგაშვილი, სალომე მაისაშვილი",http://geocinema.ge/ka/movies/937,http://geocinema.ge/uploads/nophoto.png,ok
813,გილოცავთ ახალ წელს,1995,,,24,,გიორგი გაჩეჩილაძე,გიორგი გაჩეჩილაძე,გიორგი ბერიძე,მარიამ კანდელაკი,თენგიზ ამირიძე,გარი კუნცევი,,"ირაკლი გაჩეჩილაძე, მალხაზ კუხიანიძე, მირანდა მირიანაშვილი, თეა გობეჯიშვილი, დონარა კანდელაკი, ლევან ქვარიანი, მერაბ (II) გეგეჭკორი, ირაკლი სოლომანაშვილი, ზვიად ქორაძე, დათო ცქიტიშვილი, თამარ მაყაშვილი, ზურაბ მანაგაძე",http://geocinema.ge/ka/movies/813,http://geocinema.ge/uploads/nophoto.png,ok
7031,კომბლე,1979,,"სს ""ქართული ფილმი""",10,,გიორგი (გივი) კასრაძე,მიხეილ კაკაბაძე,შოთა კილაძე,გიორგი (გივი) კასრაძე,თენგიზ შავლოხაშვილი,მადონა თევზაძე,მარიამ კობახიძე,"რამაზ ჩხიკვაძე, კარლო საკანდელიძე, პაატა ტაბაღუა",http://geocinema.ge/ka/movies/7031,http://geocinema.ge/uploads/nophoto.png,ok
653,ჰავაური ვალსი,1990,დრამა,"სტუდია ""პარიტეტი""",35,,ზაზა ბუაძე,"გიორგი სანადირაძე, ზაზა ბუაძე, გურამ დოჩანაშვილი",არჩილ ახვლედიანი,"გენო ცაავა, სოსო ნადირაძე",დავით ტურიაშვილი,ედიშერ გიორგაძე,ლალი კოლხიდაშვილი,"მამუკა კიკალეიშვილი, მაია ტურიაშვილი, მაია ფაჩუაშვილი, იური ვასაძე, გ. გურამიშვილი, ანზორ ურდია, ანზორ ფირიაშვილი, სოსო ნადირაძე",http://geocinema.ge/ka/movies/653,http://geocinema.ge/uploads/nophoto.png,ok
429,წყარო,1985,,"სს ""ქართული ფილმი""",134,,დარია ხოჯავა,დარია ხოჯავა,იგორ ამასიისკი,ნიკოლოზ ზანდუკელი,იაკობ ბობოხიძე,"გურამ შუბლაძე, გია ჯავახიშვილი",ნაზი (ლეილა) მუხიგულაშვილი,"ვახტანგ ფანჩულიძე, ლილი იოსელიანი, ნიკოლოზ დგებუაძე, შალვა ხერხეულიძე, გივი (გურამ) ფირცხალავა, ივანე საყვარელიძე, ლერი ზარდიაშვილი, ნინო დავითაშვილი, ბერტა ხაფავა, ალექსანდრე მეიფარიანი, კუკური აბრამიშვილი, ავთანდილ მახარაძე, მერი იმედაშვილი, ია ხობუა, ეკა ქუთათელაძე, დ. დოლიძე, თამარ ბურჯანაძე, ბადრი კაკაბაძე, ვენერა ფეიქრიშვილი, ფანცქალა სიდამონიშვილი, დალი ხოჯავა, მანანა გამცემლიძე, ოთარ ზაუტაშვილი, ვაჟა ფირცხალაიშვილი, ალექსანდრე (ლუკა) ხოჯავა",http://geocinema.ge/ka/movies/429,http://geocinema.ge/uploads/nophoto.png,ok
764,ლურსმანი ჩექმაში,1931,,"სს ""სახკინმრეწვი""",53,,მიხეილ კალატოზიშვილი,ლეონიდ პერელმანი,შალვა აფაქიძე,სერაფიონ ვაწაძე,,,,"ალექსანდრე ჯალიაშვილი, სიკო ფალავანდიშვილი, აკაკი ხორავა, არკადი ხინთიბიძე",http://geocinema.ge/ka/movies/764,http://geocinema.ge/uploads/Lursmani cheqmashi.jpg,ok
838,უსმინე შოპენს,2003,,"სტუდია ""აბკ""",40,,თორნიკე ბზიავა,თორნიკე ბზიავა,გოგა დევდარიანი,,ნიკა წერეთელი,,მერაბ ახვლედიანი,"იმედა არაბული, გიორგი გიორგანაშვილი, ვანო თარხნიშვილი, თორნიკე ბზიავა, თამარ ბზიავა, გიორგი (უმც) შენგელაია, ნესტან (ნენე) კვინიკაძე, ვენერა დოლიძე",http://geocinema.ge/ka/movies/838,http://geocinema.ge/uploads/nophoto.png,ok
449,სიკეთის ტელეფონი,1986,,"სს ""ქართული ფილმი""",29,,ანდრო ჭიაურელი,"კოტე ჯანდიერი, ლერი მიხანაშვილი, ანდრო ჭიაურელი","გიორგი (გოგა) ხაინდრავა, გიორგი ბერიძე",ნიკოლოზ (ნიკუშა) შენგელაია,ალექსანდრე რაქვიაშვილი,გია ჯავახიშვილი,,"გიორგი (გოგი) მარგველაშვილი, მარიამ (მარიკა) ჭიჭინაძე, მურმან ჯინორია, ნინო ბურდული, დარეჯან ხარშილაძე, ნინელი ჭანკვეტაძე",http://geocinema.ge/ka/movies/449,http://geocinema.ge/uploads/nophoto.png,ok
275,ნუცა,1971,,"სს ""ქართული ფილმი""",25,,ალექსანდრე (საშა) რეხვიაშვილი,"რევაზ ინანიშვილი, ალექსანდრე (საშა) რეხვიაშვილი",ალექსანდრე მღებრიშვილი,ამირ კაკაბაძე,,ვილჰელმ გოგიჩაიშვილი,,"მარი (მარინა) ჯანაშია, რამაზ ჩხიკვაძე, ჟანრი ლოლაშვილი, მ. გოგიტაური, გურამ საღარაძე",http://geocinema.ge/ka/movies/275,http://geocinema.ge/uploads/nophoto.png,ok
3000,თბილისის ბოტანიკური ბაღი,1957,,კომპანია ”ქართული ტელეფილმი”,20,,შოთა არჩვაძე,შოთა არჩვაძე,თენგიზ ლომიძე,,,,,,http://geocinema.ge/ka/movies/3000,http://geocinema.ge/uploads/nophoto.png,ok
478,ზეიმი,1988,კომედია,"სს ""ქართული ფილმი""",20,,ირაკლი შავლიაშვილი,რეზო ესაძე,გიორგი (გოგა) ხაინდრავა,თამარ ფოცხიშვილი,დავით ევგენიძე,მადონა თევზაძე,,"ნუგზარ ლორთქიფანიძე, ზურაბ ლორთქიფანიძე, ხათუნა იოსელიანი, მიხეილ მაღალაშვილი, ჯიმშერ (ჯიმი) ლომიძე, ალექსანდრე (საშკა) იოსელიანი, ვლადიმერ ნამგალაშვილი",http://geocinema.ge/ka/movies/478,http://geocinema.ge/uploads/nophoto.png,ok
7062,სალამურას თავგადასავალი,1979,თოჯინური,"სს ""ქართული ფილმი""",80,,კარლო სულაკაური,არჩილ სულაკაური,შოთა კილაძე,ედმონდ კალანდაძე,ბიძინა (ალექსანდრე) კვერნაძე,,,,http://geocinema.ge/ka/movies/7062,http://geocinema.ge/uploads/nophoto.png,ok
992,სერგო გოთორანი (სერგო გოთვერანი),2009,,,48,,ირაკლი ფანიაშვილი,ირაკლი ფანიაშვილი,ნათელა გრიგალაშვილი,თეონა ყაველაშვილი,,"ნიკოლოზ ფანიაშვილი, ვახტანგ ჯუღელი",ირაკლი ფანიაშვილი,"ირაკლი ბულია, რევაზ ჩიქოვანი, ბოჩო ხარჩილავა, ლიანა ბახბაია, ნუგზარ გვილავა, გიორგი (გელა) რევაზიშვილი",http://geocinema.ge/ka/movies/992,http://geocinema.ge/uploads/nophoto.png,ok
418,ქალაქის მიღმა (ღამის ილუზია),1985,დრამა,"სს ""ქართული ფილმი""",80,,მარინე ხონელიძე,"მერაბ აბაშიძე, მარინე ხონელიძე",გიორგი გერსამია,ვასილ არაბიძე,ალექსანდრე (ალეკო) ცაბაძე,თამარ ბურდული,მარგალიტა მარგველაშვილი,"ვახტანგ ფანჩულიძე, ლეო (ლევან) ფილფანი, მანანა კუჭუხიძე, ლაშა ჟვანია, რეზო ჩხიკვიშვილი, გიორგი (გოგა) პიპინაშვილი, თამაზ ტყეშელაშვილი, გიორგი ჯოჯუა, ია ხობუა, ზეინაბ ბოცვაძე, გივი (გურამ) ფირცხალავა, ბერტა ხაფავა, იური ვასაძე, ვასილ არაბიძე",http://geocinema.ge/ka/movies/418,http://geocinema.ge/uploads/nophoto.png,ok
107,ის კიდევ დაბრუნდება,1943,კინომოთხრობა,თბილისის კინოსტუდია,83,,"ნიკოლოზ შენგელაია, დიომიდე ანთაძე","კონსტანტინე ლორთქიფანიძე, ილო მოსაშვილი",კონსტანტინე კუზნეცოვი,შალვა მამალაძე,ანდრია ბალანჩივაძე,დავით ლომიძე,,"ნატო ვაჩნაძე, კირა ანდრონიკაშვილი, ალექსანდრე ომიაძე, ალექსანდრე (სანდრო) ჟორჟოლიანი, დუდუხანა წეროძე, თეიმურაზ ხელაშვილი, ელისაბედ ჩერქეზიშვილი, შალვა ღამბაშიძე, ნანა ღამბაშიძე, ვლადიმერ (ლადო) კავსაძე, ნელი დავითაშვილი, ივანე ბაბლიძე, ევგენი სამოილოვი, ნიკოლოზ ანჯაფარიძე",http://geocinema.ge/ka/movies/107,http://geocinema.ge/uploads/nophoto.png,ok
023,ნათელა,1926,მუნჯი / დრამა,"სს ""სახკინმრეწვი""",72,23.03.1926,ამო ბეკ-ნაზაროვი,"შ. შიშმარევი, ამო ბეკ-ნაზაროვი",სერგეი ზაბოზლაევი,"ვალერიან სიდამონ–ერისთავი, ფიოდორი პუში",,,,"ნატო ვაჩნაძე, აკაკი ხორავა, მიხეილ ჭიაურელი, ალექსანდრე (სანდრო) ჟორჟოლიანი, კოტე ანდრონიკაშვილი, დიმიტრი ყიფიანი, ალისა ქიქოძე, ზაალ ტერიშვილი, ელენე მაჩაბელი-ჩერქეზიშვილი, ქეთევან (კიტი) ჩიკვაიძე, მიხეილ გარაგაშ, ვასილ (ვასო) არაბიძე, ნიკოლოზ მამულაშვილი, ილია მამფორია, გარსევან გომართელი, ერასტი ბილანიშვილი, გაიოზ მელიავა",http://geocinema.ge/ka/movies/023,http://geocinema.ge/uploads/ზომაშეცვლილი/ნათელა.jpg,ok
586,ხიზნები,1995,,"სს ""ქართული ფილმი""",90,,ლეილა გორდელაძე,"ამირან ჭიჭინაძე, ლეილა გორდელაძე",იგორ კრეპსი,ლაშა სულაკაური,გიორგი ცინცაძე,გურამ შუბლაძე,,"თენგიზ არჩვაძე, რუსუდან ქვლივიძე, ნინო ქამხაძე, მიხეილ საყვარელიძე, ივანე იანტბელიძე",http://geocinema.ge/ka/movies/586,http://geocinema.ge/uploads/nophoto.png,ok
713,ფარშევანგი,1993,,კომპანია ”ქართული ტელეფილმი”,,,თემურ კულიანი,"ამირან ჭიჭინაძე, თემურ კულიანი",სილოვან (ბაჩი) სულამანიძე,გოჩა მაისურაძე,,,,ზურაბ მაღალაშვილი,http://geocinema.ge/ka/movies/713,http://geocinema.ge/uploads/nophoto.png,ok
625,უსასრულობა,1971,,კომპანია ”ქართული ტელეფილმი”,,,ლერი სიხარულიძე,ლერი სიხარულიძე,ტრისტან კანდელაკი,,თეიმურაზ ბაკურაძე,"მერაბ გვანცელაძე, ელდარ ბაღდავაძე",ნუცა შოშიტაიშვილი,"დავით უშვერიძე, ნიკოლოზ გუბელაძე, ვასილ (პეყო) ნიჟარაძე, ომარ ჩიქვილაძე, მავრა დეისაძე, ვიქტორ ნინიძე, ნუნუ ღოღობერიძე, ნიკოლოზ კუჭუხიძე, ვახტანგ ვაშაკიძე, ხათუნა ჩიქვილაძე, მალხაზ ფაჩულია, ავთანდილ ავალიანი, ჯანსუღ გაბუნია, თენგიზ რობაქიძე, ზურაბ საკანდელიძე, ავთანდილ ჯიმშელეიშვილი, სერგო გოცირიძე, საშა ჯიჯეიშვილი",http://geocinema.ge/ka/movies/625,http://geocinema.ge/uploads/nophoto.png,ok
771,ჩემი არდადეგები,1973,კომედია,კომპანია ”ქართული ტელეფილმი”,23,,ირაკლი ასათიანი,გია ბადრიძე,"ფელიქს ვისოცკი, ლ. ვისოცკი",კახი ხუციშვილი,,თენგიზ ნანობაშვილი,,"ლეომერ გუგუშვილი, შალვა ხერხეულიძე, მიხეილ კინწურაშვილი, ივანე საყვარელიძე, ლევან (ლეო) სოხაშვილი",http://geocinema.ge/ka/movies/771,http://geocinema.ge/uploads/nophoto.png,ok
729,ჟამი,1994,,"სს ""ქართული ფილმი""",70,,ზაზა (როინ) ილურიძე,ზაზა (როინ) ილურიძე,"არჩილ ახვლედიანი, მიხეილ მაღალაშვილი, რევაზ ცხოვრებაძე","გია ლაფერაძე, ბორის ცხაკაია",ზურაბ ნადარაია,გარი კუნცევი,მარინა კოლხიდაშვილი,"ნუგზარ ყურაშვილი, გივი (გურამ) ფირცხალავა, მალხაზ გორგილაძე, ედიშერ მაღალაშვილი, იაგო მაისურაძე, იოსებ ურუშაძე, ნოდარ მგალობლიშვილი, ლეო (ლევან) ფილფანი, ვლადიმერ (ლადო) მექვაბიშვილი, ფატი გოგორიშვილი, ნ. ჟოგოლევა, ლია სულუაშვილი",http://geocinema.ge/ka/movies/729,http://geocinema.ge/uploads/nophoto.png,ok
469,"მამა, შვილი და ნიავი",1988,დრამა,"სს ""ქართული ფილმი""",75,,გიორგი (გოგიტა) ჭყონია,დავით ჩუბინიშვილი,ნუგზარ ერქომაიშვილი,ნუგზარ ტარიელაშვილი,თეიმურაზ ბაკურაძე,იმერი მანჯგალაძე,,"ნატაშა შენგელაია, ზაქარია (ზაზა) კოლელიშვილი, ვახტანგ ასათიანი, დარეჯან ხარშილაძე, სულიკო გაბისონია, ვახტანგ მუსხელიშვილი, დავით ჩუბინიშვილი, მიხეილ მუსხელიშვილი, იური გრიგორიანი, ვარაზდატ ხაჩატურიანი, თემურ ჩაჩავა, ბესო შერმადინი, მიხეილ (მამუკა) ხერხეულიძე, ვალერი შჩედრინი",http://geocinema.ge/ka/movies/469,http://geocinema.ge/uploads/nophoto.png,ok
639,კირილეს ოდისეა,1985,,კომპანია ”ქართული ტელეფილმი”,30,,დიმიტრი ბათიაშვილი,დევი ივანოვ-ჩიქოვანი,გიორგი (გოგი) თორაძე,მზია დათუნაშვილი,ვახტანგ კუხიანიძე,შოველ ჩიტიძე,ინა კრეპსი,"ნოდარ ხვედელიძე, მალხაზ ჭეიშვილი, ილია თაყაიშვილი, ა. ჯანიაშვილი, მ. ბარამია, ი. წერეთელი, ა. ბეროზაშვილი, ზ. გაბუნია, ელგუჯა უჩანეიშვილი, დევი ივანოვ-ჩიქოვანი, კ. ყიფიანი, შ. დვალი, ჯ. ნაჭყებია",http://geocinema.ge/ka/movies/639,http://geocinema.ge/uploads/nophoto.png,ok
649,"მეთორმეტე ღამე, ანუ რაც გენებოთ",1986,,კომპანია ”ქართული ტელეფილმი”,79,,ზაალ კაკაბაძე,"დავით აგიაშვილი, ბორის ეიფმანი",პავლე შნაიდერი,ივანე (ვანო) ასკურავა,,მიხეილ დარჩიევი,ციური კობერიძე,"ვიაჩესლავ მუხამედოვი, ვალენტინა მოროზოვა, ინა სტაბროვა, იგორ იაკოვლევი, ვალერი მიხაილოვსკი, სერგეი ფოკინი, იგორ სავიცკი, ირინა ემელიანოვა, გია გამყრელიძე-ძნელაძე",http://geocinema.ge/ka/movies/649,http://geocinema.ge/uploads/nophoto.png,ok
020,სავურ მოგილა,1926,მუნჯი / სათავგადასავლო,"სს ""სახკინმრეწვი""",76,26.08.1926,ივანე პერესტიანი,,ალექსანდრე დიღმელოვი,"ფიოდორი პუში, სემიონ გუბინ-გუნი",,,,"პავლე ესიკოვსკი, სოფია ჟოზეფი, კადორ ბენ-საიბ, სვეტლანა ლიუქსი, ა. ბიხოვა, ვლადიმერ სუტირინი, კონსტანტინე რიაბოვი, ნატალია ლისენკო, პატვაკან ბარხუდარიანი, მიხეილ მირზოიანი, ა. სმოლდოვსკი, ალექსანდრე გრომოვი, ალექსანდრე კუსიკოვი, ზაალ ტერიშვილი",http://geocinema.ge/ka/movies/020,http://geocinema.ge/uploads/ფოტო GNFC/3_4521_SAVUR SAFLAVI.jpg,ok
3223,მერი,1989,,კომპანია ”ქართული ტელეფილმი”,10,,როლანდ (მიხო) ბორაშვილი,როლანდ (მიხო) ბორაშვილი,რამაზ ბატატუნაშვილი,,,შოველ ჩიტიძე,მადონა ლომიძე,,http://geocinema.ge/ka/movies/3223,http://geocinema.ge/uploads/nophoto.png,ok
306,ფედია,1977,,"სს ""ქართული ფილმი""",27,,ყარამან (გუგული) მგელაძე,რეზო ჭეიშვილი,გიორგი ჭელიძე,ნიკოლოზ ყაზბეგი,ნუგზარ ვაწაძე,ვლადიმერ დოლიძე,ნაზი (ლეილა) მუხიგულაშვილი,"ვლადიმერ მენშოვი, დავით(დოდო) აბაშიძე, ა. კურაჩაია, კოტე დაუშვილი, აბესალომ ლორია, გივი თოხაძე, ლეო (ლევან) ფილფანი, გივი (გურამ) ფირცხალავა, გულჩინა დადიანი, გოგი ფირცხალაიშვილი, ანზორ ჟვანია, მარინა კობახიძე, ავთო კვარაცხელია, ნიკო ბარდაველიძე, ი. მიმინოშვილი, ანზორ ურდია",http://geocinema.ge/ka/movies/306,http://geocinema.ge/uploads/nophoto.png,ok
3067,"სადა ხარ, ჩემო სულიკო",2006,,კავშირი “სტუდიომობილი - აქცენტი მოძრაობაზე”,28,,ლიანა ჯაყელი,ლიანა ჯაყელი,მიხეილ შესტოვსკი,ლულუ კალანდაძე,ვარინკა წერეთელი,თამარ ლეჟავა,"მიხეილ შესტოვსკი, ლიანა ჯაყელი",,http://geocinema.ge/ka/movies/3067,http://geocinema.ge/uploads/nophoto.png,ok
388,ქართლოსიანთა საკურთხეველი,1982,,"სს ""ქართული ფილმი""",40,,ალინა აბაშმაძე,"ალინა აბაშმაძე, ერლომ ახვლედიანი",არჩილ ფილიპაშვილი,მერაბ ქობულაძე,ზურაბ მჟავია,გარი კუნცევი,,"ედიშერ (დავით) გიორგობიანი, ირაკლი უჩანეიშვილი, გია დარჩიაშვილი, თამარ სხირტლაძე, ბერტა ხაფავა, გია ლეჟავა, ნატაშა შენგელაია, კირა მებუკე, ბონდო გაგნიძე, ნუგზარ რუხაძე",http://geocinema.ge/ka/movies/388,http://geocinema.ge/uploads/nophoto.png,ok
3227,ქართული მელოდიები,1967,დოკუმენტური,საქართველოს სამეცნიერო–პოპულარული და დოკუმენტური ფილმების სტუდია,50,,ზაალ კაკაბაძე,"ზაალ კაკაბაძე, ივლიტა მესხიშვილი",შალვა შიოშვილი,,გურამ ბზვანელი,გიორგი ლომიძე,ლარისა ოტრადინსკაია,გელა ჭიჭინაძე,http://geocinema.ge/ka/movies/3227,http://geocinema.ge/uploads/nophoto.png,ok
3113,აბრეშუმის გზა,2000,,"სტუდია ""მემატიანე""",10,,გივი ყურელი,გივი ყურელი,გივი ყურელი,,,ზურაბ ფურცელაძე,მანანა ჯებირაშვილი,,http://geocinema.ge/ka/movies/3113,http://geocinema.ge/uploads/nophoto.png,ok
009,ქარიშხლის წინ,1924,მუნჯი / დრამა,"სს ""სახკინმრეწვი""",54,13.12.1925,კოტე მარჯანიშვილი,შალვა დადიანი,"ა. შტეგელმანი, სერგეი ზაბოზლაევი",,დიმიტრი არაყიშვილი,,,"ვლადიმერ (ლადო) კავსაძე, ლილი ღოღობერიძე, ლ. ქართველიშვილი, ივლიტა ჯორჯაძე, ლ. სოკოლოვი, ნიკო გოცირიძე, მარია არნაზი, ალექსანდრე იმედაშვილი, ა. ალშიბაია, სიმონ ჟივიძე, უშანგი ჩხეიძე, დიმიტრი მჟავია, ქეთევან ანდრონიკაშვილი, გიორგი ფრონისპირელი, დავით ჩხეიძე, ვლადიმერ ადამიძე, შალვა დადიანი, ზაალ ტერიშვილი, ვლადიმერ (ლადო) გვიშიანი",http://geocinema.ge/ka/movies/009,http://geocinema.ge/uploads/nophoto.png,ok
488,ზმანებანი აღლუმებს შორის,1989,,"სს ""ქართული ფილმი""",90,,ბიძინა ჩხეიძე,ბიძინა ჩხეიძე,გიორგი გერსამია,"ილამაზ (ზურაბ) მეძმარიაშვილი, ფარნაოზ ლაპიაშვილი",მიხეილ (მიკა) ოძელი,მიხეილ კილოსანიძე,ოფელია გევორქიანი,"ბიძინა ჩხეიძე, ლუდმილა ალიმბარაშვილი, გივი (გურამ) ფირცხალავა, ჯიმშერ (ჯიმი) ლომიძე, გურამ პეტრიაშვილი, მიხეილ (მამუკა) ხერხეულიძე, ზევახი კვასხვაძე, იმედა კახიანი, ვიოლა სიყმაშვილი, მიხეილ ვაშაძე, ბერტა ხაფავა, დიმიტრი გონგლიაშვილი, გურამ ბუიღლიშვილი, სერგეი დემიასოვი, თამაზ დანელია, გ. შალიკაშვილი, ა. ლობჟანიძე, კახა ბაკურაძე, ლაშა ონიანი, პაატა ციქურიშვილი, ვ. მელიქიშვილი, ი. სურამელაშვილი, თემურ ჩერქეზიშვილი, ჰ. კოსტელი",http://geocinema.ge/ka/movies/488,http://geocinema.ge/uploads/nophoto.png,ok
061,საკანი N 79,1929,მუნჯი / დრამა,"სს ""სახკინმრეწვი""",76,31.06.1930,ზაქარია ბერიშვილი,"სიკო დოლიძე, შალვა ალხაზიშვილი",ალექსანდრე დიღმელოვი,ვალერიან სიდამონ–ერისთავი,,,ვასილ დოლენკო,"ნუცა ჩხეიძე, ნიკოლოზ მამულაშვილი, კოხტა ყარალაშვილი, შალვა ხონელი (გოგოლაშვილი), რუსუდან დანიჩ-ბერიშვილი, თამარ ბოლქვაძე, ნ. თუხარელი, დუდე ძნელაძე, გაიოზ მელიავა, ზაალ ტერიშვილი, ვიქტორ გამყრელიძე",http://geocinema.ge/ka/movies/061,http://geocinema.ge/uploads/nophoto.png,ok
661,ორმო,1979,,კომპანია ”ქართული ტელეფილმი”,25,,გენო ჩირაძე,დევი ივანოვ-ჩიქოვანი,"ჯონი ყურაშვილი, პავლე სუხოვი",გულნარა ქურდიანი,,მერაბ გვანცელაძე,ალექსანდრა შულცი,"ივანე საყვარელიძე, ბერტა ხაფავა, ბაადურ წულაძე",http://geocinema.ge/ka/movies/661,http://geocinema.ge/uploads/nophoto.png,ok
3345,შუშანიკის წამება,1989,დოკუმენტური,საქართველოს სამეცნიერო–პოპულარული და დოკუმენტური ფილმების სტუდია,20,,ვაჟა ზუბაშვილი,"მ. იაშვილი, ვაჟა ზუბაშვილი",ალექსანდრე ვოდოლაჟსკი,დავით გოგუაძე,,ლუდმილა რუხაძე,,"დარეჯან ხარშილაძე, ვაჟა ზუბაშვილი",http://geocinema.ge/ka/movies/3345,http://geocinema.ge/uploads/nophoto.png,ok
786,გაზაფხულის საღამო,1972,დრამა,"სს ""ქართული ფილმი""",20,,გიული ჭოხონელიძე,ვაჟა გიგაშვილი,ალექსანდრე ვოდოლაჟსკი,კახი ხუციშვილი,იაკობ ბობოხიძე,თენგიზ ნანობაშვილი,ზიზო ქურხული,"რამაზ გიორგობიანი, ნატალია ბესპალოვა, ოთარ კობერიძე, გია ფერაძე, გიორგი (გოგი) ქავთარაძე, ბაადურ წულაძე, გიორგი (გია) მატარაძე, ნუნუ მაჭავარიანი, გ. შოშიაშვილი",http://geocinema.ge/ka/movies/786,http://geocinema.ge/uploads/nophoto.png,ok
3322,ქართული ღვინის ისტორია,2001,,"შპს ""გრიფონი-კინოწარმოება""",33,,ნინო კაჭარავა,"გიორგი შენგელაია, ნინო კაჭარავა",რამაზ გიორგაშვილი,ლორა ჯორჯაძე,,,"დავით მაკარიძე, ზურაბ ფაცია",,http://geocinema.ge/ka/movies/3322,http://geocinema.ge/uploads/nophoto.png,ok
174,თეთრი ქალიშვილი,1962,კინონოველა,"სს ""ქართული ფილმი""",31,03.12.1963,ლეილა გორდელაძე,ოტია იოსელიანი,იგორ ამასიისკი,მამია მალაზონია,ფელიქს (ფილიპე) ღლონტი,თენგიზ ნანობაშვილი,,"მ. გორდელაძე, ი. ბურჭულაძე, მერი დავითაშვილი",http://geocinema.ge/ka/movies/174,http://geocinema.ge/uploads/nophoto.png,ok
3224,ნინიკო,1990,,კომპანია ”ქართული ტელეფილმი”,10,,როლანდ (მიხო) ბორაშვილი,როლანდ (მიხო) ბორაშვილი,რამაზ ბატატუნაშვილი,,,რუსუდან არაბიძე,მადონა ლომიძე,,http://geocinema.ge/ka/movies/3224,http://geocinema.ge/uploads/nophoto.png,ok
674,ფრაგმენტები ქალაქის ცხოვრებიდან,1985,,კომპანია ”ქართული ტელეფილმი”,62,,დიმიტრი ბათიაშვილი,"დიმიტრი ბათიაშვილი, ნოდარ თარხნიშვილი",იგორ კრეპსი,მზია დათუნაშვილი,ნიკოლოზ ქაშაკაშვილი,შოველ ჩიტიძე,,"თამარ ციციშვილი, ლევან თურმანიძე, კოტე ანთაძე, თეიმურაზ მაჭავარიანი, ირაკლი ჟვანია",http://geocinema.ge/ka/movies/674,http://geocinema.ge/uploads/nophoto.png,ok
3046,ისლამი საქართველოში,2007,,,52,,რამაზ (ბუბა) ხოტივარი,"ირაკლი პაპავა, რამაზ (ბუბა) ხოტივარი",რევაზ (რეზო) მახათაძე,,,"არჩილ ცაგარელი, დავით ბორჩხაძე","ალექსანდრე ჯავრიშვილი, დავით ბორჩხაძე",,http://geocinema.ge/ka/movies/3046,http://geocinema.ge/uploads/nophoto.png,ok
030,ორი მონადირე,1927,მუნჯი / დრამა,"სს ""სახკინმრეწვი""",76,26.04.1927,ალექსანდრე წუწუნავა,"ალექსანდრე წუწუნავა, ლელი ჯაფარიძე",სერგეი ზაბოზლაევი,ვალერიან სიდამონ–ერისთავი,,,,"ელისაბედ ჩერქეზიშვილი, მიხეილ გელოვანი, კოტე მიქაბერიძე, თამარ კალანდაძე, ვიქტორ გამყრელიძე, მარგარიტა ქილარჯიშვილი, ზაალ ტერიშვილი, შალვა ხუსკივაძე",http://geocinema.ge/ka/movies/030,http://geocinema.ge/uploads/ზომაშეცვლილი/ორი მონადირე.jpg,ok
391,ჟამი მოქცევისა,1982,,"სს ""ქართული ფილმი""",26,,ნოდარ ომიაძე,"ანზორ ჯუღელი, ნოდარ ომიაძე",ჯონი ყურაშვილი,თეიმურაზ არჯევანიძე,,გურამ შუბლაძე,ეკატერინე (ეკა) გურამიშვილი,"ელგუჯა ბურდული, ეკა ქუთათელაძე, ნინო ღამბაშიძე, ზ. პოლშინი, ოთარ ქურციკიძე, ამირან ქადეიშვილი, ავთანდილ მახარაძე, იური გეწაძე, ნ. ბოკუჩავა, ი. მაჭავარიანი, ია ხობუა, ნ. გაბელია, არსენ აბრამიშვილი, ეკატერინე (ეკა) გურამიშვილი, მარინა ქარცივაძე, დინარა ვირსალაძე, მანანა კალანდაძე, ნანა კაშია",http://geocinema.ge/ka/movies/391,http://geocinema.ge/uploads/nophoto.png,ok
7049,ჩხიკვთა ქორწილი,1957,,"სს ""ქართული ფილმი""",20,,არკადი ხინთიბიძე,სიკო დოლიძე,"ვასილ (კოკი) შანიძე, სარა სპარსიაშვილი",ბორის სტარიკოვსკი,მარიამ (მერი) დავითაშვილი,რაფიელ კეზელი,,"სესილია თაყაიშვილი, აკაკი ხორავა",http://geocinema.ge/ka/movies/7049,http://geocinema.ge/uploads/nophoto.png,ok
112,ოქროს ბილიკი,1945,სათავგადასავლო,თბილისის კინოსტუდია,79,20.04.1945,კონსტანტინე პიპინაშვილი,ტ. ჩერკესი,ფელიქს ვისოცკი,რევაზ მირზაშვილი,"ალექსი მაჭავარიანი, ივანე გოკიელი",დავით ლომიძე,,"ვლადიმერ ჩობური, პეტრე სობოლევსკი, ანდრეი ფაიტი, კოტე დაუშვილი, ლეონიდ რომანოვი, ვიქტორ კულაკოვი, ბორის ანდრეევი, დიმიტრი მჟავია, ნიკოლოზ გორლოვი, ფიოდორ იშჩენკო, ლ. ალექსეევი, საშა ჩობური, გრიგოლ ჩეჩელაშვილი, ვარლამ (ვალოდია) წულაძე, ნიკო გვარაძე, ლეილა აბაშიძე, ნიკოლოზ ანჯაფარიძე, ზაალ ტერიშვილი, პეტრე მორსკოი",http://geocinema.ge/ka/movies/112,http://geocinema.ge/uploads/old/poster/p112.jpg,ok
704,შვიდკაცა,1992,,კომპანია ”ქართული ტელეფილმი”,350,,იოსებ (სოსო) ჩხაიძე,"ამირან ჭიჭინაძე, იოსებ (სოსო) ჩხაიძე",ირაკლი ონოფრიშვილი,ვახტანგ რურუა,,ნუცა შოშიტაიშვილი,გულნარა (გულიკო) ომიაძე,"ივანე ჩხეიძე, თეიმურაზ ცავა, ლეო სალაყაია, ენრი ლოლაშვილი, ნანა ზურაბიშვილი, ნინო ზაქარიაძე, ანზორ ერქომაიშვილი, ვლადიმერ ერქომაიშვილი",http://geocinema.ge/ka/movies/704,http://geocinema.ge/uploads/nophoto.png,ok
212,ალოობა,1967,კინონოველა,"სს ""ქართული ფილმი""",31,,ლეილა გორდელაძე,"რევაზ ინანიშვილი, ლეილა გორდელაძე",იური კიკაბიძე,ზურაბ(პიკო) ნიჟარაძე,ვახტანგ კუხიანიძე,ეთერ ჯებაშვილი,ოფელია გევორქიანი,"ზურაბ ქაფიანიძე, მედეა ჩახავა, ილია ბაკაკური, ბიძინა ვიბლიანი, ლალი ხაბაზაშვილი, ჰასან სუაკო",http://geocinema.ge/ka/movies/212,http://geocinema.ge/uploads/nophoto.png,ok
3210,ლელოს შემობრუნება,1984,,კომპანია ”ქართული ტელეფილმი”,50,,"პაატა ტაბაღუა, ირაკლი მახარაძე",ლერი სიხარულიძე,"რევაზ ოდიშელიძე, გიორგი ბარნოვი (ბარნაველი), ილია ვაჩნაძე, ვასილ (ნოდარ) გიგინეიშვილი, ალექსანდრე ზენაიშვილი, ტრისტან კანდელაკი",,,ირაკლი ბაკურაძე,ვერა შიშმაკოვა–ნიკოლაძე,,http://geocinema.ge/ka/movies/3210,http://geocinema.ge/uploads/nophoto.png,ok
3171,ფერეიდნელი ქართველები 24 წლის შემდეგ,1994,,კომპანია ”ქართული ტელეფილმი”,48,,ირაკლი ონოფრიშვილი,ირაკლი ონოფრიშვილი,ირაკლი ონოფრიშვილი,,,მერაბ გვანცელაძე,,,http://geocinema.ge/ka/movies/3171,http://geocinema.ge/uploads/nophoto.png,ok
080,უჟმური,1934,კინონარკვევი,"სს ""სახკინმრეწვი""",56,,ნუცა (ნინო) ღოღობერიძე,"შალვა დადიანი, ნუცა (ნინო) ღოღობერიძე",შალვა აფაქიძე,მიხეილ გოცირიძე,,,,"კოტე დაუშვილი, მ. ჩიქოვანი, ნუცა ჩხეიძე, ნ. იაშვილი, ივლიტა ჯორჯაძე, ო. ღოღობერიძე, მ. წითლიძე, ი. სლუცკერი, ელისაბედ ჩერქეზიშვილი",http://geocinema.ge/ka/movies/080,http://geocinema.ge/uploads/NAG_FPA_P_2_10217_G240_NEG_2021_09_23.jpg,ok
340,წერილები ბამიდან,1980,,"სს ""ქართული ფილმი""",73,,თემურ ფალავანდიშვილი,"ამირან ჭიჭინაძე, ნუკრი მამულაშვილი",ლერი მაჩაიძე,შოთა გოგოლაშვილი,იაკობ ბობოხიძე,ვლადიმერ დოლიძე,ჯულიეტა წოწონავა,"გია აბესალაშვილი, ლილი ხურითი (ხიტირი), ანზორ დვალიშვილი, გურამ ლორთქიფანიძე, გ. ჩოქური, ჯემალ კახნიაშვილი, ს. ლილუაშვილი, ვ. ფხაკაძე, ა. კურტანიძე, ბ. ლომიძე, ო. ბარაბაძე, ა. ლომიძე, ვ. კიკნაძე, გ. წკრიალაშვილი, კ. ბერიკაშვილი, ვ. ჩომახაშვილი, ნ. დვალიშვილი, გ. კიკნაძე, ბ. პრესნოვი, ი. გიორგაძე, ნ. პატარაია, ვ. ჩოქური, გოჩა კაპანაძე",http://geocinema.ge/ka/movies/340,http://geocinema.ge/uploads/nophoto.png,ok
115,ფიცი,1946,ისტორიულ-რევოლუციური,თბილისის კინოსტუდია,116,,მიხეილ ჭიაურელი,"პეტრე პავლენკო, მიხეილ ჭიაურელი",ლეონიდ კოსმატოვი,ლეონიდ მამალაძე,ანდრია ბალანჩივაძე,"როსტისლავ ლაპინსკი, ვლადიმერ დოლიძე",ვასილ დოლენკო,"მიხეილ გელოვანი, ა. მანსვეტოვი, ნიკოლოზ კონოვალოვი, ალექსეი გრიბოვი, ნიკოლოზ რიჟოვი, გ. მუშეღიანი, ვ. მირონოვი, ალექსანდრე ხვილია, ფიოდორ ბლაჟევიჩი, მიხეილ სიდორკინი, ა. სობოლევი, ტ. ბელნიკევიჩი, სოფიო გიაცინტოვა, ნიკოლოზ ბოგოლიუბოვი, სვეტლანა ბოგოლიუბოვა, დიმიტრი პავლოვი, თამარა მაკაროვა, ნიკოლოზ პლოტნიკოვი, ვადიმ ზახარჩენკო, ვლადიმერ სოლოვიოვი, სერგეი ბლინიკოვი, გიორგი საღარაძე, პავლე ისმატოვი, ვლადიმერ ბალაშოვი, ილია ნაბატოვი, ნიკოლაი ჩაპლიგინი, მაქსიმ შტრაუხი, ვლადიმერ მარუტა",http://geocinema.ge/ka/movies/115,http://geocinema.ge/uploads/old/poster/p115.jpg,ok
801,ჩამოფასებულები,2007,,"ფილმმწარმოებელი ""სტუდია 99""",26,,თეიმურაზ ბუტიკაშვილი,ზურაბ (II) ლეჟავა,სილოვან (ბაჩი) სულამანიძე,,გიორგი დავითური,ზურაბ ნადარაია,,"მიხეილ (უმც) ჯოჯუა, ნატა გიორგაძე, კახა მესტვირიშვილი",http://geocinema.ge/ka/movies/801,http://geocinema.ge/uploads/nophoto.png,ok
1007,მედალიონი,2008,,სინეტექი,10,,ვალერიან (ვაკო) კირკიტაძე,ვალერიან (ვაკო) კირკიტაძე,"გური (გუკა) გოლიაძე, ანრი ცინცაძე, გიორგი (გეგა) ჩანტლაძე","ნანა სამანიშვილი, თეონა ბარამიძე, აკაკი ჯაში",,თამთა მანძულაშვილი,,"ზუკა ჩაჩუა, რაჟდენ კერვალიშვილი, გიორგი ცაავა, ანდრო სარიშვილი",http://geocinema.ge/ka/movies/1007,http://geocinema.ge/uploads/nophoto.png,ok
7051,მტრობა,1959,,"სს ""ქართული ფილმი""",20,,არკადი ხინთიბიძე,"რევაზ (რეზო) ებრალიძე, არკადი ხინთიბიძე",სარა სპარსიაშვილი,ბორის სტარიკოვსკი,მარიამ (მერი) დავითაშვილი,ვლადიმერ დოლიძე,,"სესილია თაყაიშვილი, გიორგი საღარაძე, ალექსანდრე (სანდრო) ჟორჟოლიანი, ტარიელ საყვარელიძე, აკაკი (კაკო) კვანტალიანი, სალომე ყანჩელი",http://geocinema.ge/ka/movies/7051,http://geocinema.ge/uploads/old/poster/p7051.jpg,ok
7045,ბოკვერი ბუდრუ,2008,მუსიკალური,,9,,ზაურ შენგელია,ბაჯული გელოვანი,,,ბორის შხიანი,ანგი ხმალაძე,,"დიმა კობეშავიძე, თამთა გოგუაძე, დემეტრე (დუტა) სხირტლაძე, ბექა ჭიაურელი",http://geocinema.ge/ka/movies/7045,http://geocinema.ge/uploads/nophoto.png,ok
779,კოლა და ვანო,1999,,"სს ""ქართული ფილმი""",21,,ზურაბ თუთბერიძე,ზურაბ თუთბერიძე,,,ზურაბ ნადარაია,ზურაბ ნადარაია,,"გივი ბერიკაშვილი, თეიმურაზ მაჭავარიანი",http://geocinema.ge/ka/movies/779,http://geocinema.ge/uploads/nophoto.png,ok
159,ჩქარი მატარებელი,1960,კინონოველა,"სს ""ქართული ფილმი""",21,,ნანა მჭედლიძე,ოტია იოსელიანი,ალექსანდრე მარქარიანი,,ნოდარ მამისაშვილი,ოთარ გეგეჭკორი,,"ზეინაბ ბოცვაძე, სოსო დავარაშვილი",http://geocinema.ge/ka/movies/159,http://geocinema.ge/uploads/nophoto.png,ok
3034,ხომლი,2008,,მიკროსტუდია ჯგუფი,28,,დავით გოგუაძე,დავით გოგუაძე,"გორგასლან (გოგლიკა) ხაინდრავა, ნიკა ლებანიძე, ტატო კოტეტიშვილი, ჯაბა კლდიაშვილი",დავით გოგუაძე,,მალხაზ (მახო) სიჭინავა,მალხაზ (მახო) სიჭინავა,,http://geocinema.ge/ka/movies/3034,http://geocinema.ge/uploads/nophoto.png,ok
471,"ოპერაცია ""ვუნდერლანდი""",1988,დრამა,"სს ""ქართული ფილმი""",79,,ოთარ კობერიძე,ალექსანდრე მოლდავსკი,ჯიმშერ ქრისტესაშვილი,ვასილ არაბიძე,გურამ ბზვანელი,დიმიტრი გედევანიშვილი,ქეთევან თაღნიაშვილი,"გიორგი (გია) ბურჯანაძე, ალბერტ ფილოზოვი, ვიქტორ პავლოვი, რუდოლფ ჩელიშჩევი, ანდრეი აფონკო, ტატიანა გოვოროვა, ვალერი კრავჩენკო, პავლე რემეზოვი, ტატიანა გონჩაროვა, ნატო წულაია, გენო წულაია, ვიაჩესლავ ცოი, ია ნინიძე, ოთარ კობერიძე, ანდრეი შეპოჩკინი, ალექსანდრე კავალეროვი, ბადრი კობახიძე, იოსებ (სოსო) ჯაჭვლიანი, ს. ტრეფილოვი, ვ. გერასიმოვი, გენადი ნილოვი, ა. სლასტინი, ი. დობრიაკოვი, ი. გლოკაცი, ვიტალი დორონინი, ს. პოლიაკოვი, გ. ერიოხინი, ა. ფილიმონოვი, ა. ისკრინი, ა. პონომარიოვი, თამარ ჭოხონელიძე, ა. სჩასტლიცევი, ვ. პოლეტაევი, ვასილ ორლოვი, ა. ზუბარევა, ა. ბიკოვი",http://geocinema.ge/ka/movies/471,http://geocinema.ge/uploads/nophoto.png,ok
3101,თენგიზ აბულაძე,2002,,”სტუდია 217”,45,,ნანა ჯანელიძე,"ნანა ჯანელიძე, ნინო ნატროშვილი",არჩილ ახვლედიანი,,ია საკანდელიძე,მალხაზ (მახო) სიჭინავა,"მალხაზ (მახო) სიჭინავა, მერაბ ახვლედიანი",,http://geocinema.ge/ka/movies/3101,http://geocinema.ge/uploads/nophoto.png,ok
861,ნიძლავი,2003,,,2,,კოტე ჩლაიძე,კოტე ჩლაიძე,არჩილ ახვლედიანი,კოტე ჯაფარიძე,გიორგი (გოგი) ჩლაიძე,ლევან კიკვიძე,ნიაზ დიასამიძე,"კოტე გაბაშვილი, ზუკა თურმანიძე, ლუკა ცირეკიძე",http://geocinema.ge/ka/movies/861,http://geocinema.ge/uploads/nophoto.png,ok
358,ბილიკები ცაში,1981,,"სს ""ქართული ფილმი""",66,,ზურაბ თუთბერიძე,"ვალერიან სულაკაური, რევაზ ჭარხალაშვილი",იგორ ამასიისკი,შოთა გოგოლაშვილი,"ალექსანდრე რაქვიაშვილი, ზურაბ ნადარაია",ზურაბ ნადარაია,ნელი დევნოზაშვილი,"ვახტანგ კაჯირაშვილი, რუსუდან კიკნაძე, ლილი ხურითი (ხიტირი), სპირიდონ აბრამიშვილი, თამაზ დანელია, იობი ბართიშვილი, შოთა სხირტლაძე, ალექსანდრე მახარაძე, მერაბ ბერიძე, ლერი ზარდიაშვილი, ალექსანდრე კუზნეცოვი, ლია ახედჯაკოვა, დარეჯან ხარშილაძე, რეზო ნაკუდაშვილი",http://geocinema.ge/ka/movies/358,http://geocinema.ge/uploads/nophoto.png,ok
502,პიესა ოთხი ხელისათვის,1989,,"სს ""ქართული ფილმი""",20,,ლევან ანჯაფარიძე,"კოტე ჯანდიერი, ლევან ანჯაფარიძე",გიორგი (გია) ჯაგარბეკოვი,ლევან მელიქიშვილი,დავით ევგენიძე,ედიშერ გიორგაძე,ლალი კოლხიდაშვილი,"თამარ კლიმიაშვილი, თ. მიქაძე, მერი ჩხეიძე, ლ. გელაშვილი, გია მუჯირი, ლ. ლობოდა, ზ. კობეშავიძე",http://geocinema.ge/ka/movies/502,http://geocinema.ge/uploads/nophoto.png,ok
3008,უკანასკნელნი,2006,,ეროვნული კინოცენტრი,71,,ალექსანდრე (საშა) რეხვიაშვილი,"რატი რეხვიაშვილი, ალექსანდრე (საშა) რეხვიაშვილი",პაატა კერესელიძე,ნინო რეხვიაშვილი,ნიაზ დიასამიძე,ლევან კიკვიძე,საბა ამირეჯიბი,,http://geocinema.ge/ka/movies/3008,http://geocinema.ge/uploads/nophoto.png,ok
487,ფაქტები რეჟისორის ცხოვრებიდან,1988,,"სს ""ქართული ფილმი""",29,,მიხეილ ანთაძე,"კოტე ჯანდიერი, მიხეილ ანთაძე",გიორგი (გია) ჯაგარბეკოვი,ლევან მელიქიშვილი,თეიმურაზ ბაკურაძე,მადონა თევზაძე,მარინე აბაშიშვილი,"მიხეილ ანთაძე, ელისაბედ (ლიზა) ვაჩნაძე, ოთარ კობერიძე, კოტე ანთაძე, შოთა ნოზაძე, ტატიანა ლავრენტიევა, თემურ კალანდაძე, ვასილ რცხილაძე, ლევან კიტია, ლელა ბალანჩივაძე, ზაურ რეხვიაშვილი, ვაჟა ეძგვერაძე, ევგენი ფუტკარაძე",http://geocinema.ge/ka/movies/487,http://geocinema.ge/uploads/nophoto.png,ok
479,შარვალი,1988,დრამა,კომპანია ”ქართული ტელეფილმი”,,,ვალერიან კვაჭაძე,"რევაზ მიშველაძე, ვალერიან კვაჭაძე",ნიკოლოზ სუხიშვილი,ჯემალ მირზაშვილი,გივი გაჩეჩილაძე,ვლადიმერ ნიკონოვი,მ. ლობრიანსკი,"გიორგი (გოგი) ქავთარაძე, კარლო საკანდელიძე, გია აბესალაშვილი",http://geocinema.ge/ka/movies/479,http://geocinema.ge/uploads/nophoto.png,ok
082,არშაულა,1935,დრამა,"სს ""სახკინმრეწვი""",71,11.02.1936,დავით რონდელი,ილო მოსაშვილი,"დავით კანდელაკი, შალვა აფაქიძე, ვლადიმერ პოლიკარპოვი",სერაფიონ ვაწაძე,ანდრია ბალანჩივაძე,დავით ლომიძე,,"ცეცილია წუწუნავა, ქეთევან ჯაფარიძე, ზაალ ტერიშვილი, გაიოზ მელიავა, ელენე სენიჩევა-ესაკია, პ. ბონდარევი, ცაცა (ეკატერინე) ამირეჯიბი, ნ. ბადურაშვილი, კოხტა ყარალაშვილი, ნიკოლოზ მამულაშვილი, აკაკი (კაკო) კვანტალიანი, კოტე დაუშვილი",http://geocinema.ge/ka/movies/082,http://geocinema.ge/uploads/Arshaula.jpg,ok
817,სე ლა ვი,2007,,"ფილმმწარმოებელი ""სტუდია 99""",10,,რუსუდან ჭყონია,ნანა ჯორჯაძე,გიორგი ბერიძე,,გიგი გეგელაშვილი,,,"ფიქრია ნიქაბაძე, დავით იაშვილი, დავით მეძმარიაშვილი, ნინო ხონელიძე",http://geocinema.ge/ka/movies/817,http://geocinema.ge/uploads/nophoto.png,ok
683,ვან გოგის ყური,1996,,კომპანია ”ქართული ტელეფილმი”,30,,ალექსანდრე (სანდრო) ვახტანგოვი,ალექსანდრე (სანდრო) ვახტანგოვი,რამაზ ბატატუნაშვილი,თეონა ბექაური,გია ყანჩელი,რუსუდან არაბიძე,"გიორგი ბაბალაშვილი, გია ფავლენიშვილი",ზურაბ ყიფშიძე,http://geocinema.ge/ka/movies/683,http://geocinema.ge/uploads/nophoto.png,ok
3409,ალპური ვარსკვლავი,1979,დოკუმენტური,საქართველოს სამეცნიერო–პოპულარული და დოკუმენტური ფილმების სტუდია,60,,რევაზ (რეზო) თაბუკაშვილი,რევაზ (რეზო) თაბუკაშვილი,"ლომერ ახვლედიანი, იური ბარამიძე, ენრიკო გერმესაშვილი, გენადი (გენო) რეხვიაშვილი",თენგიზ (ჩუბჩიკა) მირზაშვილი,იაკობ ბობოხიძე,ვასილ არველაძე,"ლარისა ოტრადინსკაია, კოზეტა კოტრიკაძე",,http://geocinema.ge/ka/movies/3409,http://geocinema.ge/uploads/nophoto.png,ok
414,პორფირიონი,1984,,"სს ""ქართული ფილმი""",,,ზაქარია (შაქრო) ჯორჯაძე,ზაქარია (შაქრო) ჯორჯაძე,არჩილ ფილიპაშვილი,"ნაუმ ფურმანი, შოთა გოგოლაშვილი",იოსებ (სოსო) ბარდანაშვილი,,,"ირაკლი აფაქიძე, თემურ ჯორჯაძე, ზაზა ინწკირველი, გივი სარჩიმელიძე, ლევან ლორთქიფანიძე, დინარა ვირსალაძე, გია კანკავა, ნუგზარ ყურაშვილი, პაატა მოისწრაფიშვილი, გია ლეჟავა, ანზორ ლოლუა, რობიზონ სალაძე, ზაზა ბაბუნაშვილი, ოთარ ბაზღაძე",http://geocinema.ge/ka/movies/414,http://geocinema.ge/uploads/nophoto.png,ok
917,არჩევანი,2003,,ტელეკომპანია ”იმედი”,39,,ზაქარია (ზაზა) კოლელიშვილი,ნათია გოგოჭური,დავით ასათიანი,მამუკა ტყეშელაშვილი,გიორგი (გოგი) ჩლაიძე,მამუკა ენუქიძე,"მარინა კოლხიდაშვილი, ირაკლი ჭეიშვილი, ბექა გერსამია","მარინა კახიანი, დავით (ჯაპანა) ხურცილავა, ნაირა გელაძე, თეიმურაზ ნაცვლიშვილი",http://geocinema.ge/ka/movies/917,http://geocinema.ge/uploads/nophoto.png,ok
927,ნაკეცები და ბზარები,2008,,სტუდია ”ზაზარფილმი”,7,,ზაზა რუსაძე,"ზაზა რუსაძე, ნიკა მაჩაიძე",ტატო კოტეტიშვილი,პოლინა რუდჩიკი,ტუსია (ნატალია) ბერიძე,გიორგი (გოგლიკო) გოგოლაძე,ზაზა რუსაძე,"ილო ბეროშვილი, რეზი ჩხეიძე",http://geocinema.ge/ka/movies/927,http://geocinema.ge/uploads/nophoto.png,ok
485,წყრომა,1988,,"სს ""ქართული ფილმი""",20,,დავით ინანიშვილი,რევაზ ინანიშვილი,გიორგი ბერიძე,რევაზ ებრალიძე,იაკობ ბობოხიძე,გია ჯავახიშვილი,მარინე აბაშიშვილი,"გივი ჩუგუაშვილი, ელგუჯა თოფურია, იოსებ (სოსო) გოგიჩაიშვილი, ამირან შარმანაშვილი, გია აბესალაშვილი, ზაზა მაღალაშვილი, შოთა სხირტლაძე, ლევან ლორთქიფანიძე, დარეჯან ხაჩიძე, გურამ გეგეჭკორი",http://geocinema.ge/ka/movies/485,http://geocinema.ge/uploads/nophoto.png,ok
3052,მანიაკები? ფანატიკები?,2006,,სტუდია ”თეთნულდი”,18,,"იოსებ (სოსო) ჯაჭვლიანი, ბადრი ჯაჭვლიანი","იოსებ (სოსო) ჯაჭვლიანი, ბადრი ჯაჭვლიანი","სოსო გულბანი, ბესო ორმოცაძე",,,,თემურ ქოთოლაშვილი,,http://geocinema.ge/ka/movies/3052,http://geocinema.ge/uploads/nophoto.png,ok
573,ნისლა,1996,,"სს ""ქართული ფილმი""",30,,მარინე მეზვრიშვილი,მარინე მეზვრიშვილი,არჩილ ფილიპაშვილი,დიმიტრი თაყაიშვილი,მიხეილ (მიკა) ოძელი,გარი კუნცევი,,"შოთა სხირტლაძე, ნოდარ ხოხობაშვილი, დემურ პურიჭამიაშვლი, კახა სულუაშვილი, ირმა თევდორაშვილი",http://geocinema.ge/ka/movies/573,http://geocinema.ge/uploads/nophoto.png,ok
798,რე–ანიმაცია,1996,დრამა,კომპანია ”ქართული ტელეფილმი”,16,,გიორგი ებრალიძე,გიორგი ებრალიძე,ილია ვაჩნაძე,ნუგზარ მეტრეველი,ია საკანდელიძე,ია საკანდელიძე,მერაბ კოტია,"ბექა გელაშვილი, ნანა ანდრონიკაშვილი, ზურაბ ჟღენტი, ნიკოლოზ (ბიჭიკო) ანდრონიკაშვილი, ვახტანგ კაჯირაშვილი, ავთანდილ (ავთო) სამადაშვილი, გივი ჯაჯანიძე, ანდრო გრიგორიანი, ოთარ ბურდული",http://geocinema.ge/ka/movies/798,http://geocinema.ge/uploads/nophoto.png,ok
796,ჩეგემური დეტექტივი,1986,დეტექტივი,"სს ""ქართული ფილმი""",78,,ალექსანდრე (საშა) სვეტლოვი,ფაზილ ისკანდერი,ვალენტინ პიგანოვი,ევგენი ვინიცკი,იოსებ (სოსო) ბარდანაშვილი,,,"ნურბეი კამკია, რუსლან მიქაბერიძე, ბაადურ (ბადრი) ბეგალიშვილი, შარახ პაჩალია, ეთერ კოღონია, როლან ბიკოვი, გივი სარჩიმელიძე, ბერტა ხაფავა, ნანა მჭედლიძე, ალიოშა ორლოვი, ნინა გომიაშვილი, ეკატერინა გომიაშვილი, ვიაჩესლავ აბლოთია, ნოდარ მასხულია",http://geocinema.ge/ka/movies/796,http://geocinema.ge/uploads/nophoto.png,ok
976,ახალი წელი,1982,,თეატრისა და კინოს უნივერსიტეტი,88,,"კახა მელითაური, დათო შენგელიძე","კახა მელითაური, დათო შენგელიძე",ედუარდ გრიგორიანი,მამუკა ცეცხლაძე,,გურამ შუბლაძე,,"გურამ დოჩანაშვილი, თამაზ მელითაური, მურმან ჯინორია, ედიშერი ქუთათელაძე, ბადრი მაისურაძე, ანზორ ურდია, ვაჟა ზუბაშვილი",http://geocinema.ge/ka/movies/976,http://geocinema.ge/uploads/nophoto.png,ok
3180,კვირიკობა,2009,,,23,,მარიამ ხაჭვანი,მარიამ ხაჭვანი,ლევან მახარაძე,,თამარ ჟორდანია,ირაკლი ფუტკარაძე,ბექა მიქაძე,,http://geocinema.ge/ka/movies/3180,http://geocinema.ge/uploads/nophoto.png,ok
781,აკაციის ყვავილობა,1974,დრამა,კომპანია ”ქართული ტელეფილმი”,36,,რამაზ შარაბიძე,ოტია იოსელიანი,აბესალომ მაისურაძე,,ჯანსუღ კახიძე,,,"ელგუჯა გოგლიჩიძე, მ. ქობალია, ლეილა ყიფიანი, ლალი დეისაძე, ნედა ღამბარაშვილი, ბ. ცირეკიძე",http://geocinema.ge/ka/movies/781,http://geocinema.ge/uploads/nophoto.png,ok
099,კოლხეთის ჩირაღდნები,1940,დრამა,თბილისის კინოსტუდია,73,,დავით რონდელი,გრიგოლ ჩიქოვანი,ანტონ პოლიკევიჩი,"შალვა მამალაძე, ბორის რომანოვსკი",ანდრია ბალანჩივაძე,ვლადიმერ დოლიძე,,"დუდუხანა წეროძე, მედეა ჯაფარიძე, სპარტაკ ბაღაშვილი, გიორგი შავგულიძე, ალექსანდრე (სანდრო) ჟორჟოლიანი, დიმიტრი მჟავია, გიორგი ბასილაია, შალვა ხონელი (გოგოლაშვილი), გიორგი ჩახავა, გიორგი ისაკოვი, ოლღა ლეჟავა, შალვა ხოფერია, ვახტანგ ნინუა, ნიკოლოზ კაჭარავა, ვალერიან თოფურია, ვასილ ბალანჩივაძე, ეთერ ბეჟუაშვილი, ალექსანდრე ალაზნისპირელი",http://geocinema.ge/ka/movies/099,http://geocinema.ge/uploads/nophoto.png,ok
540,გასეირნება,1995,,კომპანია ”ქართული ტელეფილმი”,10,,ნინო ნავროზაშვილი,ნინო ნავროზაშვილი,"დავით ნემსაძე, ალექსანდრე ზენაიშვილი",ზ. ქორიძე,,რუსუდან არაბიძე,,"შოთა გლურჯიძე, ჯ. ნუცუბიძე, ა. ერისთავი, თეკლა ღამბაშიძე",http://geocinema.ge/ka/movies/540,http://geocinema.ge/uploads/nophoto.png,ok
369,მოხუცი მემანქანე,1981,,"სს ""ქართული ფილმი""",34,,თენგიზ გოშაძე,"არჩილ სულაკაური, თენგიზ გოშაძე",გიორგი ჭელიძე,დავით ლურსმანაშვილი,ირაკლი გეჯაძე,ვლადიმერ დოლიძე,,"გიორგი გეგეჭკორი, ლია ელიავა, მზია არაბული, ვასილ კახნიაშვილი, აბესალომ ლორია, ვარლამ (ვალოდია) წულაძე, ალექსანდრე (სანდრო) თედიაშვილი, მ. შარიქაძე, ნუკრი (ნოშრევან) ლურსმანაშვილი, ეკა ქუთათელაძე",http://geocinema.ge/ka/movies/369,http://geocinema.ge/uploads/nophoto.png,ok
3155,ორაგულის ბედი,1979,დოკუმენტური,საქართველოს სამეცნიერო–პოპულარული და დოკუმენტური ფილმების სტუდია,11,,გია ჭუბაბრია,რევაზ (რეზო) თაბუკაშვილი,გია ჭუბაბრია,,,ვასილ არველაძე,,,http://geocinema.ge/ka/movies/3155,http://geocinema.ge/uploads/nophoto.png,ok
961,ხვალინდელი დღე,2008,,,15,,ნინო ძამაშვილი,თამარ ბართაია,გიორგი ბერიძე,ბესა ქართლელიშვილი,,ირაკლი ივანიშვილი,ვლადიმერ ლოზინსკი,"ვახტანგ კანდელაკი, ხატია მელქაძე, პაატა ინაური",http://geocinema.ge/ka/movies/961,http://geocinema.ge/uploads/nophoto.png,ok
3147,თამადა ანუ სამყარო სუფრის გარშემო,1995,,,16,,კობა ცხაკაია,კობა ცხაკაია,"სილოვან (ბაჩი) სულამანიძე, ანჟელო პასტორი",ალექსანდრე კანკავა,,,კობა ცხაკაია,,http://geocinema.ge/ka/movies/3147,http://geocinema.ge/uploads/nophoto.png,ok
748,უცხო,1998,,"სს ""ქართული ფილმი""",7,,ზურაბ თუთბერიძე,ზურაბ თუთბერიძე,ჯიმშერ ქრისტესაშვილი,ნუგზარ ტარიელაშვილი,ზურაბ ნადარაია,ზურაბ ნადარაია,ნელი დევნოზაშვილი,"გივი (გურამ) ფირცხალავა, ნიკოლოზ გომელაური, ანატოლი პავლოვი",http://geocinema.ge/ka/movies/748,http://geocinema.ge/uploads/nophoto.png,ok
945,გამცილებელი,2006,,"ფილმმწარმოებელი ""სტუდია 99""",20,,სანდრო ჯანდიერი,სანდრო ჯანდიერი,გიორგი ბერიძე,სიმონ (II) მაჩაბელი,,პაატა გოძიაშვილი,სანდრო ჯანდიერი,"დათა თავაძე, დოდო ჭიჭინაძე, მანანა ბარათაშვილი, ია პაატაშვილი",http://geocinema.ge/ka/movies/945,http://geocinema.ge/uploads/nophoto.png,ok
480,ლუიზა,1988,დრამა,კომპანია ”ქართული ტელეფილმი”,,,ვალერიან კვაჭაძე,"რევაზ მიშველაძე, ვალერიან კვაჭაძე",ნიკოლოზ სუხიშვილი,ჯემალ მირზაშვილი,გივი გაჩეჩილაძე,ვლადიმერ ნიკონოვი,მ. ლობრიანსკი,"ნანა შონია, რამაზ გიორგობიანი, გივი (გურამ) ფირცხალავა, ტრისტან სარალიძე, რუსლან მიქაბერიძე, გურამ პეტრიაშვილი",http://geocinema.ge/ka/movies/480,http://geocinema.ge/uploads/nophoto.png,ok
7057,ბულბულის იუბილე,1978,,"სს ""ქართული ფილმი""",8,,გაბრიელ ლავრელაშვილი,სიკო დოლიძე,ლუბა კვალიაშვილი,ბესარიონ ხიდაშელი,ნუნუ გაბუნია,მადონა თევზაძე,მარიამ კობახიძე,,http://geocinema.ge/ka/movies/7057,http://geocinema.ge/uploads/nophoto.png,ok
344,სახლი ლესნაიაზე,1980,,"სს ""ქართული ფილმი""",94,,ნიკოლოზ სანიშვილი,გიორგი მდივანი,დუდარ მარგიევი,ბორის ცხაკაია,ანტონიო სპადავეკია,ვლადიმერ ნიკონოვი,,"ამირან ქადეიშვილი, კარინა შმარინოვა, ედიშერ (დავით) გიორგობიანი, ლევან უჩანეიშვილი, ზაზა მიქაშავიძე, ზურაბ ცინცქილაძე, ლეონიდ ხარიტონოვი, იური გუსევი, სერგეი ხარჩენკო, ლუდმილა შაგალოვა, ოლგა გულინსკაია, იანა დრუზი, ვალენტინა ხმარა, იან იანაკიევი, იური ჩეკულაევი, იური სარანცევი, ვერა პეტროვა, ნიკოლოზ გორლოვი, გივი თოხაძე, ალექსეი კორაჩევი, ოლგა ბოგდანოვა, დანიელ ნეტრებინი, ლეონიდ პიარნი",http://geocinema.ge/ka/movies/344,http://geocinema.ge/uploads/old/poster/p344.jpg,ok
109,მალახოვის ყორღანი,1944,დრამა,თბილისის კინოსტუდია,88,09.12.1944,"ალექსანდრე ზარხი, იოსებ ხეიფიცი","ბორის ვოიტეხოვი, ალექსანდრე ზარხი, იოსებ ხეიფიცი",არკადი კოლცატი,ვლადიმერ კაპლუნოვსკი,ანდრია ბალანჩივაძე,არნოლდ შარგოროდსკი,ევგენია ბეჟანოვა,"ნიკოლოზ კრიუჩკოვი, ბორის ანდრეევი, აკაკი ხორავა, მარია პასტუხოვა, ნიკოლაი დოროხინი, ფიოდორ იშჩენკო, ნიკოლოზ გორლოვი, ევგენი პეროვი, იგორ ტკაჩუკი, ზურაბ ლეჟავა, ანატოლი სმირანინი",http://geocinema.ge/ka/movies/109,http://geocinema.ge/uploads/old/poster/p109.jpg,ok
419,ნისლი,1985,,"სს ""ქართული ფილმი""",37,,ლევან ზაქარეიშვილი,"ბაადურ ბალარჯიშვილი, ლევან ზაქარეიშვილი",გია კუსრაშვილი,მალხაზ დეკანოიძე,გიორგი ცინცაძე,გურამ გოგუა,,"გიორგი რურუა, მიხეილ ახიჯანოვი, შოთა ქრისტესაშვილი, თემურ ბიჭიაშვილი, გურამ ღოღობერიძე, ლეო (ლევან) ფილფანი, დარეჯან ხარშილაძე, ირინა გუდაძე, შოთა სხირტლაძე",http://geocinema.ge/ka/movies/419,http://geocinema.ge/uploads/nophoto.png,ok
305,სიცოცხლე ერმილეს,1977,კომედია,"სს ""ქართული ფილმი""",39,,ნიკოლოზ სანიშვილი,რევაზ (რეზო) ებრალიძე,დუდარ მარგიევი,"ბორის ცხაკაია, ნოდარ სულემანაშვილი",ფელიქს (ფილიპე) ღლონტი,დიმიტრი გედევანიშვილი,"ქეთევან თაღნიაშვილი, როზა ჯიკაევა","იმედა კახიანი, ლია გუდაძე, მიხეილ იოფე, იაკობ ტრიპოლსკი, ვახტანგ ნინუა, ვახტანგ მიხელიძე, გივი ჯაჯანიძე, ბორის წიფურია, მიხეილ ვაშაძე, თამარ ჯოხაძე, გ. არონაშვილი, ლეონიდ პიარნი, ვ. ივანისოვი, გიორგი ჩხაიძე",http://geocinema.ge/ka/movies/305,http://geocinema.ge/uploads/nophoto.png,ok
447,დღიურის ჩანაწერები,1986,,"სს ""ქართული ფილმი""",20,,ლევან ერისთავი,ლევან ერისთავი,ჯონი ყურაშვილი,ოთარ შამათავა,გიორგი ცინცაძე,თამაზ კვატაშიძე,,"ნინო სუხიშვილი, ლევან აბაშიძე, იმედა კახიანი, მაია ჩაჩავა, თეიმურაზ მარგველაშვილი, ირინე ნატროშვილი, ზაქარია სიხარულიძე, გია ფაილოძე",http://geocinema.ge/ka/movies/447,http://geocinema.ge/uploads/nophoto.png,ok
666,ომარ ჯოხაძე,1963,,კომპანია ”ქართული ტელეფილმი”,37,,კონსტანტინე (კოტე) სურმავა,გიზო ნიშნიანიძე,იგორ ნაგორნი,,,ლევან ქიშმიშევი,,"ნოდარ ფირანიშვილი, იოსებ (სოსო) ლაღიძე, ზეინაბ ბოცვაძე, დიმიტრი ბეკოევი",http://geocinema.ge/ka/movies/666,http://geocinema.ge/uploads/nophoto.png,ok
057,კომუნარის ჩიბუხი,1929,მუნჯი,"სს ""სახკინმრეწვი""",67,30.07.1929,კოტე მარჯანიშვილი,კოტე მარჯანიშვილი,სერგეი ზაბოზლაევი,ვალერიან სიდამონ–ერისთავი,,,,"უშანგი ჩხეიძე, სერგეი (უმც) ზაბოზლაევი, ვერიკო ანჯაფარიძე, ტ. მენზონი, ალექსანდრე (სანდრო) ჟორჟოლიანი, თამარ ჭავჭავაძე, შალვა ღამბაშიძე, ილიკო მერაბიშვილი, შალვა ხონელი (გოგოლაშვილი), მიხეილ დავითაშვილი, გაიოზ მელიავა, მიხეილ სულთანიშვილი, ზაალ ტერიშვილი, დავით ქობულოვი (ქობულაშვილი)",http://geocinema.ge/ka/movies/057,http://geocinema.ge/uploads/ზომაშეცვლილი/კომუნარის ჩიბუხი.jpg,ok
092,სამშობლო,1939,დრამა,თბილისის კინოსტუდია,84,13.04.1940,ნიკოლოზ შენგელაია,"გიორგი მდივანი, ნიკოლოზ შენგელაია",კონსტანტინე კუზნეცოვი,იოსებ გაბაშვილი,ანდრია ბალანჩივაძე,ვლადიმერ დოლიძე,ვალია გრელიცკაია,"ნატო ვაჩნაძე, კოტე დაუშვილი, რიურიკ ჩხეიძე, სერგო ზაქარიაძე, ლევან ხოტივარი, ალექსანდრე (სანდრო) ჟორჟოლიანი, კოხტა ყარალაშვილი, ლეონიდ რომანოვი, კარლო გეგენავა, ილია მამფორია, ფ. ბალაბანი, ა. მიუსარი, ივან ნოვიკოვი, ზაალ ტერიშვილი, თეიმურაზ ხელაშვილი, ვახტანგ ნინუა, ეთერ ჟორდანია, ელენე ჩოხელი",http://geocinema.ge/ka/movies/092,http://geocinema.ge/uploads/NAG_FPA_P_3_4878_F240_BW_NEG_2021_12_13 .jpg,ok
094,მეგობრობა,1940,დრამა,თბილისის კინოსტუდია,85,31.03.1941,სიკო დოლიძე,"სიკო დოლიძე, კონსტანტინე ლორთქიფანიძე",შალვა აფაქიძე,სერაფიონ ვაწაძე,გრიგოლ კილაძე,ვლადიმერ დოლიძე,ვასილ დოლენკო,"სერგო ზაქარიაძე, თამარ ციციშვილი, ლევან ხოტივარი, ემანუილ აფხაიძე, ტატიანა შარატა-დოლიძე, არკადი ხინთიბიძე, სტეფან შკურატი, დ. ნეგინა, ლარისა ემელიანცევა, ვალერიან დოლიძე, ლ. ლიაშენკო, ცეცილია წუწუნავა, სანდრო კანდელაკი, ნინო (ჩიტოლია) ჩხეიძე, ირაკლი ნიჟარაძე, ნიკოლოზ ანჯაფარიძე, შალვა ხუსკივაძე, ალექსანდრე კვალიაშვილი, პეტრე მორსკოი",http://geocinema.ge/ka/movies/094,http://geocinema.ge/uploads/nophoto.png,ok
320,ჩემი მეგობარი ძია ვანია,1978,ფილმი-კონცერტი,"სს ""ქართული ფილმი""",72,,ვალერიან კვაჭაძე,სულიკო ჟღენტი,ლევან ნამგალაშვილი,ვასილ არაბიძე,"ნუგზარ ვაწაძე, ალექსანდრე რაქვიაშვილი",ვლადიმერ ნიკონოვი,ნაზი (ლეილა) მუხიგულაშვილი,"ნიკოლოზ კრიუჩკოვი, ბესიკ გურჩაშვილი, ზურაბ (კუკური) ლაფერაძე, ივანე დმიტრიევი, ირინა აზერი, მიხეილ იოფე, ლარისა ერიომინა, ალექსანდრე ფადეევი, ლ. ბარაბაჩევა, ანატოლი ვედენიკინი, ი. ბიჩკოვი, ვ. გაიმოვი, ე. კრასავცევი, კ. იდენკო, ა. კონიაშინი, ნინა კოლჩიცკაია, ნიკოლაი კორნაუხოვი, ტ. კუზნეცოვა, ზ. რუზანა, ნ. კოპნინა, ნ. მარტინესი, ვ. მიშკინი, მ. კუდგა, ვ. როჟდნსტვენსკი, ნ. ნიკოლსკი, ო. რიჟაკი, ა. ჩებოტარევი, პ. სატინი, ვალენტინა სიომინა, ვ. ფირსოვი, ია ხობუა, ვასილ ჩხაიძე",http://geocinema.ge/ka/movies/320,http://geocinema.ge/uploads/nophoto.png,ok
688,ბერიკაცები,1975,,კომპანია ”ქართული ტელეფილმი”,66,,ალექსანდრე (ალეკო) ნინუა,ამირან ჭიჭინაძე,პავლე შნაიდერი,იური გეგეშიძე,ირაკლი გეჯაძე,მიხეილ დარჩიევი,ალექსანდრა შულცი,"ფარსმან სონღულაშვილი, მიხეილ ვაშაძე, ალექსანდრე (სესიკა) კუპრაშვილი, ივანე ნინუა, აკაკი დობორჯგინიძე, ვასილ კახნიაშვილი, ბარბარე (ვარვარა) იანვარაშვილი",http://geocinema.ge/ka/movies/688,http://geocinema.ge/uploads/nophoto.png,ok
687,ცაბუნია,1969,,კომპანია ”ქართული ტელეფილმი”,17,,ალექსანდრე (ალეკო) ნინუა,ვალერიან სულაკაური,პავლე შნაიდერი,კახი ხუციშვილი,ირაკლი გეჯაძე,მიხეილ დარჩიევი,ალექსანდრა შულცი,"ლეილა თაბუკაშვილი, ვაჟა სვანიძე, ვახტანგ მაღრაძე",http://geocinema.ge/ka/movies/687,http://geocinema.ge/uploads/nophoto.png,ok
201,დრო იწურება განთიადისას,1965,,"სს ""ქართული ფილმი""",83,,"ნელი ნენოვა, გენო წულაია","ნელი ნენოვა, გენო წულაია",გივი რაჭველიშვილი,ალექსანდრე მაკაროვი,ოთარ გორდელი,გულნარა ბერიაშვილი,ლუსია ვარტიკიანი,"არიადნა შენგელაია, მერაბ თავაძე, გურანდა გაბუნია, თენგიზ დაუშვილი, ვლადიმერ (ლადო) ცხვარიაშვილი, რევაზ ხობუა, ა. მარგარიანი, ვალენტინა ტოკარსკაია, ო. ლევინსონი, ლ. ხმელნიცკაია, გერმანე კაჩინი, ალექსანდრე სმირნოვი, ა. ხასკინი, ს. მირზიადი, ი. კორნეიჩუკი",http://geocinema.ge/ka/movies/201,http://geocinema.ge/uploads/nophoto.png,ok
941,ამბავი,2006,,,14,,თენგო ზაქარეიშვილი,თენგო ზაქარეიშვილი,გიორგი მასხარაშვილი,გიორგი მასხარაშვილი,,,მერაბ ახვლედიანი,"ლევან მაჭარაშვილი, მამუკა ტაბატაძე, გიორგი ბოცვაძე, მაკა ძაგანია, ეკა ნიჟარაძე, დათო ჭავჭავაძე",http://geocinema.ge/ka/movies/941,http://geocinema.ge/uploads/nophoto.png,ok
3134,კნუტ ჰამსუნის კავკასიური მისტერიები,2005,,“კნუტ ჰამსუნის საზოგადოება კავკასიაში”,88,,ოლიკო ჟღენტი,"ოლიკო ჟღენტი, რეზო კვესელავა","ნუგზარ ნოზაძე, იოსებ (სოსო) ტუხაშვილი",გია ლაფერაძე,ნიკა მაჩაიძე,,გიორგი მოლოდინაშვილი,"გივი თოხაძე, სვენ ვოგე",http://geocinema.ge/ka/movies/3134,http://geocinema.ge/uploads/old/poster/p3134.jpg,ok
962,ჯადოსნური ღამე,2008,,ეროვნული შოუ-კინო-თეატრალური ხელოვნების მოღვწეთა კავშირი,25,,"დალი ვაშაკიძე, უშანგი სიხარულიძე",დალი ვაშაკიძე,რევაზ ახვლედიანი,,,იური გორსკი,,"ნინო ხიჯაკაძე, ლუკა ქარჩავა, ქეთი ღვალაძე, მარი ხაჭაპურიძე, გიორგი მახარაშვილი, სოფო ჭანკვეტაძე, ზვიად ტაბატაძე, ანზორ ხუციშვილი",http://geocinema.ge/ka/movies/962,http://geocinema.ge/uploads/nophoto.png,ok
3166,ქეთევან დედოფალი,2001,,"სტუდია ""აუდიენცია""",40,,გიო მგელაძე,რევაზ (უმც) თაბუკაშვილი,გიო მგელაძე,თეონა მამფორია,დავით ევგენიძე,,ზვიად ალხანაიძე,,http://geocinema.ge/ka/movies/3166,http://geocinema.ge/uploads/nophoto.png,ok
413,თეთრი ღამე,1984,,"სს ""ქართული ფილმი""",21,,დიმიტრი (დიტო) ცინცაძე,დიმიტრი (დიტო) ცინცაძე,ჯიმშერ ქრისტესაშვილი,ნიკოლოზ (ნიკუშა) შენგელაია,გიორგი ცინცაძე,,,"ზაზა (ბაჩო) ჩხეიძე, ერლომ ახვლედიანი, დარეჯან ხარშილაძე, ლადო კალანდაძე",http://geocinema.ge/ka/movies/413,http://geocinema.ge/uploads/nophoto.png,ok
3011,გზავნილი ქართველებს,2005,,ეროვნული კინოცენტრი,25,,თამარ შავგულიძე,თამარ შავგულიძე,გიორგი შველიძე,სალომე სხირტლაძე,გიორგი ცინცაძე,ირაკლი ივანიშვილი,დავით ბორჩხაძე,,http://geocinema.ge/ka/movies/3011,http://geocinema.ge/uploads/nophoto.png,ok
433,მედუზა,1985,,"სს ""ქართული ფილმი""",,,გიორგი (გია) ბარაბაძე,გიორგი (გია) ბარაბაძე,იგორ კრეპსი,კ. ბერიაშვილი,გომარ სიხარულიძე,გია ჯავახიშვილი,,"მიხეილ (მიკა) კიკაჩეიშვილი, მიხეილ (უმც) ჯოჯუა, მანანა სურმავა, თამარ ლოლაშვილი, მარინა საღარაძე, ქეთევან აბულაძე, დავით ქარაქაშაძე, ვასილ შუტოვი, გიორგი შავერზაშვილი, დიმიტრი (დიტო) ცინცაძე, ალექსანდრე (სანდრო) თომაძე, ელენე ასლამაზიშვილი, კუკური აბრამიშვილი, ირინე სეხნიაშვილი, ზ. წიქურიშვილი, დ. მიასურაძე",http://geocinema.ge/ka/movies/433,http://geocinema.ge/uploads/nophoto.png,ok
646,მახარე,1986,,კომპანია ”ქართული ტელეფილმი”,29,,ლევან თუთბერიძე,"კოტე ჯანდიერი, ლევან თუთბერიძე",ჯიმშერ ქრისტესაშვილი,ლევან მელიქიშვილი,ლევან თუთბერიძე,მადონა თევზაძე,,"გივი ჩუგუაშვილი, რევაზ იმნაიშვილი, სანდრო ქუმსიაშვილი, გეგე სულხანიშვილი, ორბი აღნიაშვილი",http://geocinema.ge/ka/movies/646,http://geocinema.ge/uploads/nophoto.png,ok
415,ტერანგი,1986,,"სს ""ქართული ფილმი""",,,ოთარ (II) ლითანიშვილი,ლაშა თაბუკაშვილი,ომარ ბრეგვაძე,ოთარ შამათავა,ვახტანგ კახიძე,,,"ზაზა დარსალია, ლია ბაგრატიონი, ლევან ერისთავი, დათო გომართელი, ბაადურ ბალარჯიშვილი, ზაზა მიქაშავიძე",http://geocinema.ge/ka/movies/415,http://geocinema.ge/uploads/nophoto.png,ok
520,კაცები,1974,,კომპანია ”ქართული ტელეფილმი”,21,,ბიძინა რაჭველიშვილი,რევაზ ინანიშვილი,ლევან ნამგალაშვილი,მიხეილ მედნიკოვი,რამაზ ქარუხნიშვილი,თენგიზ ნანობაშვილი,ქეთევან თაღნიაშვილი,"ელგუჯა გოგოლაური, მამუკა სულხანიშვილი, ლია კაპანაძე",http://geocinema.ge/ka/movies/520,http://geocinema.ge/uploads/nophoto.png,ok
308,ყუთები,1977,,"სს ""ქართული ფილმი""",10,,ბიძინა ჩხეიძე,ბიძინა ჩხეიძე,ზაზა გუდავაძე,შოთა გოგოლაშვილი,ოლეგ კარავაიჩუკი,ნუცა შოშიტაიშვილი,ნუნუ შავგულიძე,"ბიძინა ჩხეიძე, ნანა ვლადიმერაშვილი, ქ. დავლაძე, ზურაბ ყიფშიძე, ავთანდილ გენძეხაძე, ნუნუ შავგულიძე, კ. ჩიტაძე, ვასილ ჩხაიძე, ივანე თაბაგარი, თეიმურაზ ალექსიშვილი, რ. ფეიქრიშვილი, ვასილ შავგულიძე, გ. მელაშვილი, მ. ჩიქობავა",http://geocinema.ge/ka/movies/308,http://geocinema.ge/uploads/nophoto.png,ok
076,ნახვამდის,1934,კომედია,"სს ""სახკინმრეწვი""",71,09.01.1935,გიორგი მაკაროვი,"სამუელ (ბაჭუა) კუპრაშვილი, გიორგი ცაგარელი",აბრამ რუდოი,ვალერიან სიდამონ–ერისთავი,,,,"მიხეილ გელოვანი, ნუცა ჩხეიძე, კირილე მაჭარაძე, ცაცა (ეკატერინე) ამირეჯიბი, ლევან ხოტივარი, პ. ჭყონია, ალექსანდრე (სანდრო) ჟორჟოლიანი, ცეცილია წუწუნავა, არკადი ხინთიბიძე, პ. ბარმატოვი, ლუდმილა ვრუბლიოვსკაია, მიხეილ ქორელი, ალექსანდრე ყალაბეგიშვილი, კოტე ანდრონიკაშვილი, ალექსანდრე კვალიაშვილი, კ. კობიაშვილი, პეტრე მორსკოი, გიორგი ფრონისპირელი, ლილი ყიფიანი, ს. ეპიტაშვილი, ვალერიან გუნია, ალექსანდრე თაყაიშვილი, ვასილ (ვასო) არაბიძე, გიორგი ჯავაშვილი, სეფე ლორთქიფანიძე, ალექსანდრე წითლიძე, ზაალ ტერიშვილი, შალვა ხუსკივაძე",http://geocinema.ge/ka/movies/076,http://geocinema.ge/uploads/nophoto.png,ok
7044,სიზმარა,1986,,"სს ""ქართული ფილმი""",10,,მერაბ სარალიძე,მერაბ სარალიძე,ვიოლეტა ქაროსანიძე,"ოლეგ ქოჩაკიძე, ალექსანდრე სლოვინსკი, იური ჩიკვაიძე",ალექსანდრე ბასილაია,მადონა თევზაძე,,"რამაზ ჩხიკვაძე, კარლო საკანდელიძე, იამზე ტყავაძე, რევაზ თავართქილაძე, რუსუდან ბოლქვაძე, გრიგოლ წიტაიშვილი",http://geocinema.ge/ka/movies/7044,http://geocinema.ge/uploads/old/poster/p7044.jpg,ok
3139,საქართველოს საუნჯე,2008,,"სტუდია ""გრაალი""",82,,დავით ნანობაშვილი,დავით ნანობაშვილი,,,პაატა სილაგაძე,"ზაზა ლომთაძე, პაატა სილაგაძე",,,http://geocinema.ge/ka/movies/3139,http://geocinema.ge/uploads/old/poster/p3139.jpg,ok
526,უცხო ფრინველი,1975,დრამა,"სს ""ქართული ფილმი""",22,,პავლე ჩარკვიანი,პავლე ჩარკვიანი,ფელიქს ვისოცკი,შარაბ ხოჭოლავა,იაკობ ბობოხიძე,გურამ შუბლაძე,მარგალიტა მარგველაშვილი,"ნინო (II) დოლიძე, ვაჟა აბუაშვილი, ილო კენჭოშვილი, ზურაბ წიკლაური, ეთერ გელოვანი",http://geocinema.ge/ka/movies/526,http://geocinema.ge/uploads/nophoto.png,ok
7011,კაცი და ლომი,1969,,"სს ""ქართული ფილმი""",10,,გაბრიელ ლავრელაშვილი,მარიამ (მერი) გველესიანი,ლუბა კვალიაშვილი,"ფაინა (ინა ) ჭელიძე, ილია დოიაშვილი",ბორის თბილელი,ვლადიმერ დოლიძე,,,http://geocinema.ge/ka/movies/7011,http://geocinema.ge/uploads/nophoto.png,ok
3393,იაკობ გოგებაშვილი. ცხოვრება და მოღვაწეობა,2000,,სტუდია ”კვალი”,46,,დავით (თეიმურაზ) სიხარულიძე,გიორგი არგანაშვილი,"გიორგი (გოგი) კასრაძე, ვიოლეტა ქაროსანიძე",,თეიმურაზ ბაკურაძე,მადონა თევზაძე,გულნარა (გულიკო) ომიაძე,,http://geocinema.ge/ka/movies/3393,http://geocinema.ge/uploads/nophoto.png,ok
884,სიყვარული ფოკუსში,2003,,ეროვნული კინოცენტრი,13,,არზუ ელიფ აქდემირი,არზუ ელიფ აქდემირი,ლევან პატარაია,ნინო დონდოლაძე,"ნინო ჯანჯღავა, დავით ხოსიტაშვილი",დავით გოგიაძე,დავით გოგუაძე,"გიორგი წითური, გიორგი (გოგა) ჩანადირი, ქეთი ჭიჭვეიშვილი, კახა ახვლედიანი, ჰუდავერ ჯეჯელოღლუ",http://geocinema.ge/ka/movies/884,http://geocinema.ge/uploads/nophoto.png,ok
029,გიული,1927,მუნჯი / დრამა,"სს ""სახკინმრეწვი""",74,16.04.1927,"ნიკოლოზ შენგელაია, ლევ პუში","ნიკოლოზ შენგელაია, ლევ პუში, მიხეილ კალატოზიშვილი",მიხეილ კალატოზიშვილი,ვალერიან სიდამონ–ერისთავი,,,,"ნატო ვაჩნაძე, მ. ვარდიაშვილი, ცეცილია წუწუნავა, ალექსანდრე იმედაშვილი, კოხტა ყარალაშვილი, ალექსანდრე თაყაიშვილი, გაიოზ მელიავა, დიმიტრი ყიფიანი, ზაალ ტერიშვილი, გიორგი ჯავაშვილი, მარგარიტა ქილარჯიშვილი",http://geocinema.ge/ka/movies/029,http://geocinema.ge/uploads/ზომაშეცვლილი/გიული.jpg,ok
336,ნიკა მთაში,1979,დრამა,კომპანია ”ქართული ტელეფილმი”,65,,ზურაბ თუთბერიძე,ვაჟა გიგაშვილი,"ნუგზარ ერქომაიშვილი, ედუარდ გრიგორიანი",ნიკოლოზ ზანდუკელი,ზურაბ ნადარაია,ზურაბ ნადარაია,ნელი დევნოზაშვილი,"ნიკა სისაური, თენგიზ არჩვაძე, ვაჟა გიგაშვილი, კარლო საკანდელიძე, ოთარ ზაუტაშვილი, ა. კოჩორიანი, შოთა სხირტლაძე, ალექსანდრე კუზნეცოვი, რუსლან მიქაბერიძე, მ. ბურდილაძე, ნოდარ სოხაძე, ზ. გიორგაძე, ზაურ რეხვიაშვილი, კ. სვანიძე, ა. ჭელიძე, ნ. გურული",http://geocinema.ge/ka/movies/336,http://geocinema.ge/uploads/nophoto.png,ok
7026,ლეგენდა ღვინოზე,2007,,მი-ფა-სი ფილმი,4,,ვლადიმერ (ლადო) სულაქველიძე,ვლადიმერ (ლადო) სულაქველიძე,,ვასილ სახვაძე,მამუკა მეგრელიშვილი,ლევან კიკვიძე,ნიკოლოზ არუცევი,,http://geocinema.ge/ka/movies/7026,http://geocinema.ge/uploads/old/poster/p7026.jpg,ok
7004,ნიკო და სიკო,1961,თოჯინური,"სს ""ქართული ფილმი""",20,,შალვა გედევანიშვილი,ვლადიმერ კარსანიძე,გიორგი (გოგი) კასრაძე,გიორგი (გივი) კასრაძე,მარიამ (მერი) დავითაშვილი,ვლადიმერ დოლიძე,,,http://geocinema.ge/ka/movies/7004,http://geocinema.ge/uploads/nophoto.png,ok
730,ცოდვის დღესასწაული,1990,,კომპანია ”ქართული ტელეფილმი”,43,,ერეკლე ბადურაშვილი,ერეკლე ბადურაშვილი,გია ფაილოძე,შოთა გოგოლაშვილი,დავით ევგენიძე,შოველ ჩიტიძე,,"ლია კაპანაძე, გივი ჩუგუაშვილი, გიორგი (გიო) ხუციშვილი, მამუკა კიკალეიშვილი, ტარიელ კვაშალი",http://geocinema.ge/ka/movies/730,http://geocinema.ge/uploads/nophoto.png,ok
546,ვერნისაჟი,1995,დრამა,თეატრისა და კინოს უნივერსიტეტი,17,,ბესარიონ (ბესო) სოლომანაშვილი,ბესარიონ (ბესო) სოლომანაშვილი,"პაატა ჟღენტი, ილია ვაჩნაძე","ლევან ადამია, ქეთევან ყიფიანი",ბესარიონ (ბესო) სოლომანაშვილი,შოველ ჩიტიძე,,"მალხაზ კუხიანიძე, ცოტნე ნაკაშიძე, ირაკლი სოლომანაშვილი, იოსებ ბაწელაშვილი, ზურაბ მანაგაძე, ჟუკა მითაიშვილი",http://geocinema.ge/ka/movies/546,http://geocinema.ge/uploads/nophoto.png,ok
637,ბავშვობა,1970,,კომპანია ”ქართული ტელეფილმი”,27,,დიმიტრი ბათიაშვილი,ვლადიმერ სიხარულიძე,იგორ კრეპსი,გიორგი (გიგა) ბათიაშვილი,ლილე კილაძე,ლევან ქიშმიშევი,,"ივიკო მახარაძე, ირაკლი ბათიაშვილი, ნინო ახალაძე",http://geocinema.ge/ka/movies/637,http://geocinema.ge/uploads/nophoto.png,ok
1015,ბაბუ,2010,,თეატრისა და კინოს უნივერსიტეტი,10,,"გიორგი ქობალია, გიგა ბაინდურაშვილი",ვალერიან (ვაკო) კირკიტაძე,"ანრი ცინცაძე, გური (გუკა) გოლიაძე, გიორგი (გეგა) ჩანტლაძე","აკაკი ჯაში, თაზო ნარიმანიძე",,"ჰარდი აასპოლუ, თომას სეეტლოფი",,"პიერ ქადაგიშვილი, ბექა ქავთარაძე, გიორგი ლორია",http://geocinema.ge/ka/movies/1015,http://geocinema.ge/uploads/nophoto.png,ok
777,დაბრუნება,1990,დრამა,"სს ""ქართული ფილმი""",27,,დიმიტრი (დიტო) ცინცაძე,დიმიტრი (დიტო) ცინცაძე,ჯიმშერ ქრისტესაშვილი,,გიორგი ცინცაძე,გურამ გოგუა,,"ზაზა (ბაჩო) ჩხეიძე, ვლადიმერ კალანდარიშვილი, ერლომ ახვლედიანი, დარეჯან ხარშილაძე, ბაკუნა გვარიშვილი",http://geocinema.ge/ka/movies/777,http://geocinema.ge/uploads/nophoto.png,ok
710,შვიდფერა ყვავილი,1996,,კომპანია ”ქართული ტელეფილმი”,25,,თინათინ ჭაბუკიანი,თინათინ ჭაბუკიანი,დავით გოგილაშვილი,თინათინ ჭაბუკიანი,ნანა გაბაშვილი,რუსუდან არაბიძე,,"გრიგოლ წიტაიშვილი, მაია ომიაძე",http://geocinema.ge/ka/movies/710,http://geocinema.ge/uploads/nophoto.png,ok
974,უჩინარი,2001,,ქართული სტუდია,59,,გიორგი კახაბრიშვილი,გიორგი კახაბრიშვილი,"დიმიტრი ოგანიანი, მირიან კალანდარიშვილი",,ჭაბუკა ამირანაშვილი,მალხაზ ვახტანგიშვილი,"დავით საამიშვილი, ელენე ფიცხელაური","ზურაბ ყიფშიძე, კარლო საკანდელიძე, მარინა კახიანი, მარი (მარინა) ჯანაშია, ირმა გურიელი, გია ლეჟავა, დავით კვირცხალია, დავით დვალიშვილი, თენგიზ კოშკაძე, ნაირა კიკვილაშვილი, დავით საამიშვილი, ქეთი მამაცაშვილი, მაია მახარაძე",http://geocinema.ge/ka/movies/974,http://geocinema.ge/uploads/nophoto.png,ok
699,ნუ მოიწყენთ შემოდგომისას,1980,,კომპანია ”ქართული ტელეფილმი”,22,,ზურაბ ინაშვილი,"ზურაბ ინაშვილი, ჯემალ თოფურიძე",ალექსანდრე კარგინი,მალხაზ კუხაშვილი,"ბორის თბილელი, ნუგზარ ედილაშვილი",მერაბ გვანცელაძე,ეთერ ბურდული,"გიორგი ჟუჟუნაშვილი, მაკა ჯორჯაძე, რევაზ მირზაშვილი, ოლია ჯანიაშვილი, ვლადიმერ (ლადო) გვიშიანი, ნინო სუხიშვილი, ლავრენტი გოგატიშვილი, ლეილა შოთაძე",http://geocinema.ge/ka/movies/699,http://geocinema.ge/uploads/nophoto.png,ok
066,გაყრა,1930,მუნჯი / დრამა,"სს ""სახკინმრეწვი""",69,14.11.1931,"გიორგი მაკაროვი, ვ. როგოვსკი",პეტრე მორსკოი,ანტონ პოლიკევიჩი,"ვალერიან სიდამონ–ერისთავი, ლადო გუდიაშვილი",,,,"კირილე მაჭარაძე, ალექსანდრა თოიძე, ალექსანდრე ჯალიაშვილი",http://geocinema.ge/ka/movies/066,http://geocinema.ge/uploads/nophoto.png,ok
832,3-1,1983,,სასწავლო სტუდია,20,,მიხეილ ანთაძე,"მიხეილ ანთაძე, გივი (ბესო) ოდიშარია, კოტე ჯანდიერი, ლევან კიტია",მალხაზ ყველაშვილი,ლევან მელიქიშვილი,,მადონა თევზაძე,ოლიკო მეტრეველი,"ნინო ბურდული, ნოდარ (ნონო) ანთაძე",http://geocinema.ge/ka/movies/832,http://geocinema.ge/uploads/nophoto.png,ok
416,მატარებელი,1984,,"სს ""ქართული ფილმი""",,,ვახტანგ კოტეტიშვილი,ვახტანგ კოტეტიშვილი,ჯონი ყურაშვილი,ნიკოლოზ (ნიკუშა) შენგელაია,გიორგი ცინცაძე,,,"დიმიტრი (დიტო) ცინცაძე, ზურაბ ყიფშიძე, გრიგოლ ნაცვლიშვილი, გურამ გეგეჭკორი",http://geocinema.ge/ka/movies/416,http://geocinema.ge/uploads/nophoto.png,ok
322,კავკასიური ამბავი,1978,,"სს ""ქართული ფილმი""",134,,გიორგი კალატოზიშვილი,"არტურ მაკაროვი, გიორგი კალატოზიშვილი",ნუგზარ რუხაძე,რევაზ მირზაშვილი,გია ყანჩელი,გურამ შუბლაძე,ნელი ფარცვანია,"ვლადიმერ კონკინი, სვეტლანა დირინა, არჩილ გომიაშვილი, ალექსანდრე ბუკლეევი, ნიკოლოზ პოპკოვი, ალექსანდრე ტიმოფეევი, ვ. ფალეევი, იური ნაზაროვი, ვალენტინა პუგაჩოვა, იური საგიანუ, ლუბა მალინოვსკაია, ნადეჟდა ბუტირცევა, ვ. გურტავენკო, ნატალია ლებლე, ტ. ასლამურზაევა, თომა არჟანოვი, რაფიელ ბაღდასაროვი, ლ. ელეგინა, ი. ჯაფაკოვა, ზ. ჯაზიევა, გ. რაშოიანი, ვ. კოვალიოვი, ს. უსკოვი, ვაჟა ქობულაშვილი, ვიქტორ მიხაილოვი, ვ. იალოვეგა, გ. მორბედაძე, ნ. პოლიაკოვი, ი. იალოვეგა, ა. ტოლჩკოვი, ტ. ფალეევა, ურმაზ ხურუმოვი, ა. პალჩიკოვი, ვ. პოლიაკოვი, გივი ჩუგუაშვილი, ამირან ქადეიშვილი",http://geocinema.ge/ka/movies/322,http://geocinema.ge/uploads/nophoto.png,ok
025,ბელა,1927,მუნჯი / დრამა,"სს ""სახკინმრეწვი""",82,21.03.1927,ვლადიმერ ბარსკი,ვლადიმერ ბარსკი,"ანტონ პოლიკევიჩი, ფერდინანდ გეგელე","ვალერიან სიდამონ–ერისთავი, ფიოდორი პუში",,,,"ნიკოლოზ პროზოროვსკი, თინათინ მაჭავარიანი, ილიკო მერაბიშვილი, ალექსანდრე თაყაიშვილი, ვლადიმერ ობოლენსკი, მიხეილ ქორელი, ბელა ბელეცკაია, ვასილ (ვასო) არაბიძე, გრიგოლ სარჩიმელიძე, ტატიანა ვიშნევსკაია, ელენე ჩარსკაია",http://geocinema.ge/ka/movies/025,http://geocinema.ge/uploads/ზომაშეცვლილი/ბელა.jpg,ok
561,მზის საათი,1966,,"სს ""ქართული ფილმი""",,,ლერი სიხარულიძე,ლერი სიხარულიძე,გენო ჩირაძე,,,ვილჰელმ გოგიჩაიშვილი,ნუცა შოშიტაიშვილი,"ვახტანგ მეგრელიშვილი, ალექსანდრე (შურა) ქელბაქიანი, ილია ამირანაშვილი, ნინო ლორთქიფანიძე",http://geocinema.ge/ka/movies/561,http://geocinema.ge/uploads/nophoto.png,ok
3079,"პროფესია - მხატვარი, ეროვნება - თბილისელი",2002,,,57,,ქეთევან გუჯაბიძე,ქეთევან გუჯაბიძე,გიორგი ბერიძე,,,გიორგი ბერიძე,გიორგი იმედაშვილი,,http://geocinema.ge/ka/movies/3079,http://geocinema.ge/uploads/nophoto.png,ok
1030,ვინ არის მოჩვენება,2000,,"სახელმწიფოთაშორისო ტელერადიო კომპანია ""მირი""",13,,მალხაზ ასლამაზაშვილი,მალხაზ ასლამაზაშვილი,გიორგი ჭუმბურიძე,,ნინო ჯანჯღავა,,მალხაზ ასლამაზაშვილი,"ბაია (ბარბარე) დვალიშვილი, ზურა შარია, გია აბესალაშვილი, ნინო ბრეგვაძე",http://geocinema.ge/ka/movies/1030,http://geocinema.ge/uploads/nophoto.png,ok
3028,ელდარ შენგელაია,2008,,შპს კინოსტუდია ”დამოუკიდებელი კინოპროექტი ”,52,,დიმიტრი (დიტო) ცინცაძე,დიმიტრი (დიტო) ცინცაძე,გიორგი შველიძე,თეა თელია,,ირაკლი ივანიშვილი,ლევან კუხაშვილი,,http://geocinema.ge/ka/movies/3028,http://geocinema.ge/uploads/old/poster/p3028.jpg,ok
576,ფიესტა,1996,დრამა,"სს ""ქართული ფილმი""",20,,ოთარ შამათავა,ოთარ შამათავა,გიორგი ბერიძე,გოჩა მაისურაძე,ოთარ შამათავა,გურამ გოგუა,,"ვაჟა გელაშვილი, ნატო მურვანიძე",http://geocinema.ge/ka/movies/576,http://geocinema.ge/uploads/nophoto.png,ok
100,დილა მშვიდობისა,1941,კინონოველა,თბილისის კინოსტუდია,97,,კონსტანტინე (კოტე) გრძელიშვილი,"გრიგორ კოლტუნოვი, იაკობ ზისკინდი",ფელიქს ვისოცკი,ქრისტესია ლებანიძე,,დავით ლომიძე,,"ანატოლი სმირანინი, ნიკოლოზ გორლოვი, ნიკოლოზ ანჯაფარიძე, ლეონიდ რომანოვი",http://geocinema.ge/ka/movies/100,http://geocinema.ge/uploads/nophoto.png,ok
3020,"გემღერებოდეს, დედაო!",2008,,ეროვნული კინოცენტრი,75,,ზურაბ ინაშვილი,ზურაბ ინაშვილი,ზურაბ ინაშვილი,,,,გიორგი გაბუნია,,http://geocinema.ge/ka/movies/3020,http://geocinema.ge/uploads/old/poster/p3020.jpg,ok
525,რერო მასპინძლობს,1971,,კომპანია ”ქართული ტელეფილმი”,75,,გენო წულაია,გენო წულაია,იური კიკაბიძე,"ოლეგ ქოჩაკიძე, ალექსანდრე სლოვინსკი, იური ჩიკვაიძე",კონსტანტინე პევზნერი,დავით ლომიძე,ლუსია ვარტიკიანი,,http://geocinema.ge/ka/movies/525,http://geocinema.ge/uploads/nophoto.png,ok
597,გზა ჩალაურისაკენ,1994,,"სტუდია ""დრონი""",130,,აკაკი შანშიაშვილი,"აკაკი შანშიაშვილი, თამაზ ბიბილური",ლერი მაჩაიძე,ჯემალ მირზაშვილი,გიორგი (გოგი) ჩლაიძე,ზურაბ ნადარაია,ნელი ქრისტესაშვილი,"მერაბ ნინიძე, დავით ჯავახიშვილი, ვარო ჯიმშიტაშვილი, ხათუნა იოსელიანი, ანა შანშიაშვილი",http://geocinema.ge/ka/movies/597,http://geocinema.ge/uploads/nophoto.png,ok
028,გოგი რატიანი,1927,მუნჯი / საბავშვო,"სს ""სახკინმრეწვი""",44,12.12.1927,კოტე მარჯანიშვილი,არისტო ჭუმბაძე,"ვლადიმერ კერესელიძე, სერგეი ზაბოზლაევი",ვალერიან სიდამონ–ერისთავი,,,,"გოგი რატიანი, ირინე დონაური, ზაალ ტერიშვილი, ნუცა ჩხეიძე, ალექსანდრე (სანდრო) დადეშქელიანი, ბიძინა გიორგობიანი, ალექსანდრე თაყაიშვილი, ცეცილია წუწუნავა, ვალერიან გუნია, სერგო ამაღლობელი, ალექსანდრე (შურა) ჯაგარბეკოვი",http://geocinema.ge/ka/movies/028,http://geocinema.ge/uploads/ფოტო GNFC/3_4810_GOGI RATIANI.jpg,ok
531,რულონი,1975,,"სს ""ქართული ფილმი""",10,,მიხეილ (უმც) ჭიაურელი,მიხეილ (უმც) ჭიაურელი,რევაზ ოდიშელიძე,ვახტანგ რურუა,"მიხეილ (უმც) ჭიაურელი, გურამ შუბლაძე",გურამ შუბლაძე,,"ვ. კუხიანიძე, ნუგზარ ლორია, გია ლაზიშვილი, მ. მიქაძე",http://geocinema.ge/ka/movies/531,http://geocinema.ge/uploads/nophoto.png,ok
881,შუშის ნამსხვრევი,2003,,ტელეკომპანია ”იმედი”,13,,ქეთევან (ქეთი) მაჭავარიანი,ქეთევან (ქეთი) მაჭავარიანი,გიორგი შველიძე,სალომე სხირტლაძე,გიორგი ცინცაძე,,,"თინა ერაძე, კოტე გაბაშვილი, ნუგზარ შატაიძე",http://geocinema.ge/ka/movies/881,http://geocinema.ge/uploads/nophoto.png,ok
1008,სანგარი,2008,,სინეტექი,10,,ამირანი (II) დოლიძე,ამირანი (II) დოლიძე,მირიან თაბუკაშვილი,"თეონა ბარამიძე, ნიკა გურასპაშვილი, პაატა ლეკიაშვილი",,თამთა მანძულაშვილი,,"დავით კიკვაძე, დავით როსტომაშვილი",http://geocinema.ge/ka/movies/1008,http://geocinema.ge/uploads/nophoto.png,ok
7015,წმინდა მელა,2005,,"სს ""ქართული ფილმი""",52,,შადიმან ჭავჭავაძე,"შადიმან ჭავჭავაძე, მიხეილ კობახიძე, გულანდა მეგრელიშვილი",,"ბესარიონ ხიდაშელი, შადიმან ჭავჭავაძე",,არჩილ ცაგარელი,იოსებ გენებაშვილი,"ალეკო მახარობლიშვილი, ირაკლი კერვალიშვილი, ზაზა ხალია, კახა ახალციხელი, პაატა გულიაშვილი, ეკა მოლოდინაშვილი",http://geocinema.ge/ka/movies/7015,http://geocinema.ge/uploads/nophoto.png,ok
3001,ამერიკა ერთ ოთახში,2007,,ეროვნული კინოცენტრი,60,,დავით (II) კანდელაკი,"ლევან კოღუაშვილი, დავით (II) კანდელაკი",დავით (II) კანდელაკი,,,მადონა თევზაძე,"გიორგი მორბედაძე, გიორგი (გოგა) მჭედლიშვილი",,http://geocinema.ge/ka/movies/3001,http://geocinema.ge/uploads/nophoto.png,ok
071,ტანია ფრონტზე,1931,მუნჯი / აგიტფილმი,"სს ""სახკინმრეწვი""",69,,ზაქარია ბერიშვილი,ნიკოლაი ანოშჩენკო,ალექსანდრე დიღმელოვი,შალვა მამალაძე,,,,ლ. გლუშჩენკო,http://geocinema.ge/ka/movies/071,http://geocinema.ge/uploads/nophoto.png,ok
263,მშვიდობიანი დღეები,1974,ფსიქოლოგიური / დრამა,"სს ""ქართული ფილმი""",70,,ომარ გვასალია,"ალექსანდრე სტრახოვი, ომარ გვასალია",ნიკოლოზ სუხიშვილი,გიორგი (გოგი) მიქელაძე,ალექსანდრე რაქვიაშვილი,გარი კუნცევი,"მანანა ყარალაშვილი, ნელი ქრისტესაშვილი","გენოვაიტე ციპლინსკაიტე, გენადი (გენო) რეხვიაშვილი, გურამ ღოღობერიძე, ალბერტ ფილოზოვი, გოგა ფიფია, ნატალია ლებლე, ვიქტორ ნინიძე, ა. კურეპოვი, რადნერ მურატოვი, ტ. ვალეევი, ქეთევან ბოჭორიშვილი, თამარ თვალიაშვილი, ვ. ყანდარელი, ეთერ აბზიანიძე, ტ. გოგოლი, ა. გოგლიძე, რ. შიუკაშვილი, მ. არჯევანიშვილი, დ. დოლიძე, ნ. შარაშიძე",http://geocinema.ge/ka/movies/263,http://geocinema.ge/uploads/nophoto.png,ok
067,უგუბზიარა,1930,მუნჯი / დრამა,"სს ""სახკინმრეწვი""",77,08.03.1931,დავით რონდელი,"გიორგი მდივანი, დავით რონდელი","ალექსანდრე დიღმელოვი, ვლადიმერ კერესელიძე",შალვა მამალაძე,,,,"ვასილ (ვასო) არაბიძე, ნუცა ჩხეიძე, ვიქტორ გამყრელიძე, გიორგი გუნია, გ. ლაკობა, მიხეილ ჭავჭავაძე, მარგარიტა ქილარჯიშვილი, იოსებ ასლანიშვილი, ლ. ვირსალაძე, ტიტე ბუკია, ცაცა (ეკატერინე) ამირეჯიბი, ვლადიმერ (ლადო) გვიშიანი, დავით ქობულოვი (ქობულაშვილი), ალექსანდრე კევლიშვილი",http://geocinema.ge/ka/movies/067,http://geocinema.ge/uploads/NAG_FPA_P_3_3834_G360_NEG_2021_12_10.jpg,ok
192,გზაში,1964,,"სს ""ქართული ფილმი""",27,,ნანა მჭედლიძე,ანზორ სალუქვაძე,შოთა კილაძე,მიხეილ სეხნიაშვილი,ნოდარ მამისაშვილი,ეთერ ჯებაშვილი,,"კარლო საკანდელიძე, ბუხუტი ზაქარიაძე, იპოლიტე ხვიჩია, ელენე ყიფშიძე, თ. მანჯგალაძე, ეკატერინე ვერულეიშვილი, ირაკლი ქოქრაშვილი, მერაბ გეგეჭკორი",http://geocinema.ge/ka/movies/192,http://geocinema.ge/uploads/nophoto.png,ok
627,სახლი,1991,,"კინოკომპანია ""შვიდკაცა""",75,,დიმიტრი (დიტო) ცინცაძე,"დიმიტრი (დიტო) ცინცაძე, ბიძინა კალანდაძე, თამარ ბართაია","მიხეილ მაღალაშვილი, ავთანდილ გვენცაძე",გია რიგვავა,დავით ევგენიძე,იმერი მანჯგალაძე,,"ირინა ჭიჭინაძე, ბაია (ბარბარე) დვალიშვილი, მარიკა გიორგობიანი, დავით გუგუშვილი, თეიმურაზ (თემიკო) ჭიჭინაძე",http://geocinema.ge/ka/movies/627,http://geocinema.ge/uploads/nophoto.png,ok
432,ლალე,1985,,"სს ""ქართული ფილმი""",,,როსტომ ლორთქიფანიძე,როსტომ ლორთქიფანიძე,ჯონი ყურაშვილი,გიორგი დადიანი,,თამაზ მჭედლიძე,,"ბონდო გოგინავა, ირაკლი ხიზანიშვილი, გოვენ ჭეიშვილი, ლია კაპანაძე, ოთარ ზაუტაშვილი, ანზორ უკლება, მერაბ მაისურაძე, აკაკი მესაბლიშვილი",http://geocinema.ge/ka/movies/432,http://geocinema.ge/uploads/nophoto.png,ok
3099,შვიდი დღე ტიბეტში,2002,,სტუდია ”გიო მგელაძე 2000”,33,,გიო მგელაძე,გიო მგელაძე,გიორგი ბერიძე,,გოგი ძოძუაშვილი,,მალხაზ ახობაძე,,http://geocinema.ge/ka/movies/3099,http://geocinema.ge/uploads/nophoto.png,ok
3384,საქართველოს მორაგბეთა ეროვნული ნაკრები,2010,,ფორმულა კრეატივი,38,,გიორგი ლიფონავა,ნიკა (დრუპი) რამიშვილი,"დიმა ხანდამაშვილი, ავთო ბუხრაშვილი",ვახტანგ კაკულია,,"ნიკოლოზ ფანიაშვილი, გიორგი ხარებავა","გიორგი ლიფონავა, რატი რამიშვილი",,http://geocinema.ge/ka/movies/3384,http://geocinema.ge/uploads/nophoto.png,ok
800,მამა,1984,,,20,,ლევან ზაქარეიშვილი,ლევან ზაქარეიშვილი,ოლეგ ბაშნინი,ვახტანგ რურუა,ოთარ რამიშვილი,,,"გივი (გურამ) ფირცხალავა, დათო კვირიკაძე",http://geocinema.ge/ka/movies/800,http://geocinema.ge/uploads/nophoto.png,ok
774,ორი მსახიობი,1957,კინოკომედია,"სს ""ქართული ფილმი""",19,,რამაზ ჭიაურელი,რამაზ ჭიაურელი,იური რიშკოვი,მიხეილ სეხნიაშვილი,გიორგი ცაბაძე,,,"ალექსანდრე გომელაური, აკაკი (კაკო) კვანტალიანი, ალექსანდრე კვალიაშვილი, აბესალომ ლორია, ნანი ბრეგვაძე, გურამ ბაკურაძე, გურამ ბზვანელი, შოთა ხარაბაძე, თამაზ ცინცაძე",http://geocinema.ge/ka/movies/774,http://geocinema.ge/uploads/nophoto.png,ok
684,ქარაგმა,1998,,კომპანია ”ქართული ტელეფილმი”,25,,ალექსანდრე (სანდრო) ვახტანგოვი,ალექსანდრე (სანდრო) ვახტანგოვი,ილია ვაჩნაძე,თეონა ბექაური,,რუსუდან არაბიძე,გიორგი ბაბალაშვილი,ზურაბ ყიფშიძე,http://geocinema.ge/ka/movies/684,http://geocinema.ge/uploads/nophoto.png,ok
3179,მღერის მედეა ძიძიგური,1981,,კომპანია ”ქართული ტელეფილმი”,30,,ზაალ კაკაბაძე,ზაალ კაკაბაძე,"პავლე შნაიდერი, გივი მელქაძე",ელენე ფაილოძე,,ლევან ქიშმიშევი,ციური კობერიძე,,http://geocinema.ge/ka/movies/3179,http://geocinema.ge/uploads/old/poster/p3179.jpg,ok
623,სტუმრები,1991,,"კინოკომპანია ""შვიდკაცა""",17,,დიმიტრი (დიტო) ცინცაძე,დიმიტრი (დიტო) ცინცაძე,გიორგი (გია) ჯაგარბეკოვი,გენო ცაავა,დავით ევგენიძე,გიორგი შუბლაძე,ზიზო ქურხული,"დავით გუგუშვილი, მარიკა გიორგობიანი, ირინა ჭიჭინაძე, ქეთევან ფანცხავა, გოჩა კაპანაძე",http://geocinema.ge/ka/movies/623,http://geocinema.ge/uploads/nophoto.png,ok
074,უდაბნო,1932,მუნჯი / აგიტფილმი,"სს ""სახკინმრეწვი""",72,30.02.1933,ნიკოლოზ სანიშვილი,"სამსონ სულაკაური, ნიკოლოზ სანიშვილი",ვლადიმერ პოზნანი,მიხეილ გოცირიძე,,,,"არკადი ხინთიბიძე, კირა ანდრონიკაშვილი, შალვა ხოფერია, ნიკო გვარაძე, კოტე დაუშვილი, პავლე ჯალაღანია, ალექსანდრე სემიონოვი, თამარ თვალავაძე, კოხტა ყარალაშვილი, ალექსანდრე თაყაიშვილი, ვასილ (ვასო) არაბიძე",http://geocinema.ge/ka/movies/074,http://geocinema.ge/uploads/NAG_FPA_P_3_5340_G360_NEG_2021_12_10.jpg,ok
045,ახალგაზრდობა იმარჯვებს,1928,მუნჯი / დრამა,"სს ""სახკინმრეწვი""",75,11.06.1929,მიხეილ გელოვანი,გიორგი მდივანი,ალექსანდრე დიღმელოვი,ვალერიან სიდამონ–ერისთავი,,,,"არკადი ხინთიბიძე, თამარ თვალავაძე, ვიქტორ გამყრელიძე, ლევან ხოტივარი, სიკო ფალავანდიშვილი, სიკო ვაჩნაძე, კირილე მაჭარაძე, სიმონ (ბუტია) გამრეკელი",http://geocinema.ge/ka/movies/045,http://geocinema.ge/uploads/ზომაშეცვლილი/ახალგაზრდა იმარჯვებს.jpg,ok
935,საშიში ვეფხვი,2006,,კომპანია ”credofilm”,100,,სალომე მაჩაიძე,სალომე მაჩაიძე,იუტა ტრენკლე,სალომე მაჩაიძე,"ტუსია (ნატალია) ბერიძე, ნიკა მაჩაიძე",,"თამუნა ქარუმიძე, ლარსი იოჰანინგი, იენც ევანი","თორსტენ ლოები, შტეფან ბოიე, ჯაილსი ფორმანი",http://geocinema.ge/ka/movies/935,http://geocinema.ge/uploads/old/poster/p935.jpg,ok
373,აია კოლხეთი,1981,,"სს ""ქართული ფილმი""",27,,იური კვაჭაძე,"იური კვაჭაძე, გური (გურამ) შენგელაია",გური (გურამ) შენგელაია,"იური კვაჭაძე, დავით ხუხუნაიშვილი",იაკობ ბობოხიძე,ვილჰელმ გოგიჩაიშვილი,მარინა კოლხიდაშვილი,,http://geocinema.ge/ka/movies/373,http://geocinema.ge/uploads/nophoto.png,ok
652,მეტოქეები,1963,,კომპანია ”ქართული ტელეფილმი”,48,,ალექსანდრე (ალეკო) ნინუა,ედიშერ ყიფიანი,პავლე შნაიდერი,თეიმურაზ ფაფერაშვილი,,ლევან ქიშმიშევი,,"თამარ (თათული) დოლიძე, ნოდარ ხონელიძე, თენგიზ ბოჭოიძე, იაგო ენგიბერიძე",http://geocinema.ge/ka/movies/652,http://geocinema.ge/uploads/nophoto.png,ok
810,გამვლელი N,2006,,,22,,ნინო ლიპარტიანი,ნინო ლიპარტიანი,ნინო ჩიქოვანი,"ქეთი ნადირაძე, თამუნა გზირიშვილი, თიკო გზირიშვილი",,ირაკლი ზიბზიბაძე,მაია გვახარია,"კოტე თოლორდავა, მაია ლომიძე, ნიკოლოზ (ნიკა) კვანტალიანი, ონისე ონიანი",http://geocinema.ge/ka/movies/810,http://geocinema.ge/uploads/nophoto.png,ok
7025,ჩიტბატონა,2007,,მი-ფა-სი ფილმი,4,,ვლადიმერ (ლადო) სულაქველიძე,ვლადიმერ (ლადო) სულაქველიძე,,"ვასილ სახვაძე, ნანა სამანიშვილი",მამუკა მეგრელიშვილი,ლევან კიკვიძე,"ნიკოლოზ არუცევი, ნიკოლოზ მოლოდინაშვილი",,http://geocinema.ge/ka/movies/7025,http://geocinema.ge/uploads/old/poster/p7025.jpg,ok
229,მუსიკოსები,1969,,"სს ""ქართული ფილმი""",14,,მიხეილ კობახიძე,მიხეილ კობახიძე,"აბესალომ მაისურაძე, ალექსანდრე ანტიპენკო",,,თენგიზ ნანობაშვილი,,"მიხეილ კობახიძე, გია ავალიშვილი",http://geocinema.ge/ka/movies/229,http://geocinema.ge/uploads/nophoto.png,ok
723,შევარდენი,1990,,კომპანია ”ქართული ტელეფილმი”,60,,"კობა წაქაძე, გრეგ პალმერი","კობა წაქაძე, გრეგ პალმერი",არჩილ ახვლედიანი,ი. შენგელია,დავით ევგენიძე,,,"ლევან უჩანეიშვილი, ია ფარულავა, ი. რუხაძე",http://geocinema.ge/ka/movies/723,http://geocinema.ge/uploads/nophoto.png,ok
3100,საპოვნელა,1959,დოკუმენტური,საქართველოს სამეცნიერო–პოპულარული და დოკუმენტური ფილმების სტუდია,17,,ოთარ იოსელიანი,ი. ხუციშვილი,ვასილ (კოკი) შანიძე,,,,,,http://geocinema.ge/ka/movies/3100,http://geocinema.ge/uploads/nophoto.png,ok
371,ძველი სახლი,1981,,"სს ""ქართული ფილმი""",27,,რომან წურწუმია,"კონსტანტინე გერდოვი, რომან წურწუმია, იგორ შევცოვი","იური კლიმენკო, გური (გურამ) შენგელაია",ამირ კაკაბაძე,ვახტანგ კუხიანიძე,ვილჰელმ გოგიჩაიშვილი,,"მ. სოლოვიოვა-გერდოვა, რამაზ ჩხიკვაძე, ზურაბ ქაფიანიძე, ა. შერეცი, შ. ტერბალიანი, ვარლამ (ვალოდია) წულაძე",http://geocinema.ge/ka/movies/371,http://geocinema.ge/uploads/nophoto.png,ok
7040,ბაბილინა,1986,,"სს ""ქართული ფილმი""",20,,დავით თაყაიშვილი,მზია კეკელიძე,გიორგი (გია) ჯაგარბეკოვი,"ზაალ მეღვინეთუხუცესი, ფრიდონ გოცირიძე",თეიმურაზ ბაკურაძე,მადონა თევზაძე,ლალი ლაფანაშვილი,,http://geocinema.ge/ka/movies/7040,http://geocinema.ge/uploads/nophoto.png,ok
050,ბოშური სისხლი,1928,მუნჯი,"სს ""სახკინმრეწვი""",61,22.05.1928,ლევ პუში,"პეტრე მორსკოი, ალექსანდრე თაყაიშვილი, მიხეილ კალატოზიშვილი","ალექსანდრე გალპერინი, მიხეილ კალატოზიშვილი",მიხეილ შავიშვილი,,,,"კოტე მიქაბერიძე, მარია შირაი, ალექსანდრე თაყაიშვილი, ზაალ ტერიშვილი, იაკობ ზანდუკელი, შალვა ხუსკივაძე",http://geocinema.ge/ka/movies/050,http://geocinema.ge/uploads/ზომაშეცვლილი/ბოშური სისხლი.jpg,ok
3172,შორია გურჯისტანამდე,1970,,კომპანია ”ქართული ტელეფილმი”,,,გურამ პატარაია,"ლამარა ბოკერია, გურამ პატარაია",ირაკლი ონოფრიშვილი,ბ. მანაგაძე,,შოველ ჩიტიძე,,,http://geocinema.ge/ka/movies/3172,http://geocinema.ge/uploads/nophoto.png,ok
158,განთიადი,1960,კინონოველა,"სს ""ქართული ფილმი""",29,,ყარამან (გუგული) მგელაძე,ყარამან (გუგული) მგელაძე,ლევ სუხოვი,კახი ხუციშვილი,სულხან ცინცაძე,"რაფიელ კეზელი, თენგიზ ნანობაშვილი",,"გიული ჭოხონელიძე, ვიტოლდ იანპავლისი, ირინე მაღალაშვილი",http://geocinema.ge/ka/movies/158,http://geocinema.ge/uploads/nophoto.png,ok
096,შავ მთებში,1941,კინონოველა,თბილისის კინოსტუდია,30,,ნიკოლოზ შენგელაია,ბელა ბალაში,ანტონ პოლიკევიჩი,რომან სუტა,ანდრია ბალანჩივაძე,როსტისლავ ლაპინსკი,,"შალვა დადიანი, კირა ანდრონიკაშვილი, რემი სისორდია, ივანე გვინჩიძე, ელზა აფაქიძე, დუდუხანა წეროძე, ნიკოლოზ გორლოვი, დიმიტრი მჟავია, ოთარ კობერიძე, მიხეილ სულთანიშვილი, ნიკოლოზ ანჯაფარიძე",http://geocinema.ge/ka/movies/096,http://geocinema.ge/uploads/nophoto.png,ok
893,ორმო,2002,,,15,,მარიამ ქაცარავა,მარიამ ქაცარავა,ნუგზარ ნოზაძე,,,დავით ქაცარავა,"მამუკა ყარაულაშვილი, მარიამ ქაცარავა","გივი (გურამ) ფირცხალავა, ნანა ფაჩუაშვილი",http://geocinema.ge/ka/movies/893,http://geocinema.ge/uploads/nophoto.png,ok
7023,ნაძვის ხის ისტორია,2009,ანიმაციური,"ანიმაციური ფილმების სტუდია ""იგრიკა""",5,,გიორგი (გოგა) ცხვედიანი,გიორგი (გოგა) ცხვედიანი,,რომან კობაიძე,,არჩილ ცაგარელი,რომან კობაიძე,,http://geocinema.ge/ka/movies/7023,http://geocinema.ge/uploads/nophoto.png,ok
882,კედელი,2003,,ტელეკომპანია ”იმედი”,13,,ნინო ნავროზაშვილი,ნინო ნავროზაშვილი,ვარლამ (ვაკო) ქარჩხაძე,გიორგი ნავროზაშვილი,,მამუკა ენუქიძე,"ლალი კოლხიდაშვილი, ირაკლი ჭეიშვილი","მაკა შალიკაშვილი, ნიკოლოზ (ნიკა) წერედიანი, ზვიად (ზუკა) პაპუაშვილი",http://geocinema.ge/ka/movies/882,http://geocinema.ge/uploads/nophoto.png,ok
548,ბორანი,1975,,კომპანია ”ქართული ტელეფილმი”,18,,გენო ხოჯავა,გენო ხოჯავა,ნუგზარ რუხაძე,ვახტანგ რურუა,იაკობ ბობოხიძე,მიხეილ დარჩიევი,ლუდმილა (ლუსია) უნანიანი,"მიხეილ ვაშაძე, კახი კავსაძე",http://geocinema.ge/ka/movies/548,http://geocinema.ge/uploads/nophoto.png,ok
013,წარსულის საშინელებანი,1925,მუნჯი / დრამა,"სს ""სახკინმრეწვი""",70,17.03.1925,ვლადიმერ ბარსკი,გრიგოლ არუსტანოვი,სერგეი ზაბოზლაევი,პოლიკარპე კაზაკევიჩი,,,,"აკაკი ხორავა, ვერიკო ანჯაფარიძე, ნიკოლოზ მამულაშვილი, ასია ბარხუდაროვა, კლეოპატრა ჯაში, ზაქარია ბერიშვილი, ლევან ხოტივარი, ნიკოლოზ სანიშვილი, ვლადიმერ ჭიაურელი, ზაალ ტერიშვილი, დიმიტრი ყიფიანი",http://geocinema.ge/ka/movies/013,http://geocinema.ge/uploads/ფოტო GNFC/3_3321_TSARSULIS KOSHMAREBI.jpg,ok
7037,"პონტო - შავი, შავი ზღვა",2001,,"ასოციაცია სტუდია ""ტელევეზირი""",15,,ნოდარ ბეგიაშვილი,ნოდარ ბეგიაშვილი,,სოფო კვანტალიანი,ია საკანდელიძე,,,,http://geocinema.ge/ka/movies/7037,http://geocinema.ge/uploads/nophoto.png,ok
073,ჰასანი,1932,მუნჯი / დრამა,"სს ""სახკინმრეწვი""",68,13.11.1932,კოტე მიქაბერიძე,"გიორგი ცაგარელი, კოტე მიქაბერიძე","ვლადიმერ კერესელიძე, ბ. ბაში",ვალერიან სიდამონ–ერისთავი,,,,"ვასილ (ვასო) არაბიძე, ოლღა კეჟერაძე, ალექსანდრე თაყაიშვილი, ნინა სამუკაშვილი, მერი ერისთავი, აბო ზარდიაშვილი, კირილე მაჭარაძე, დიმიტრი სუხიტაშვილი-გლდანელი, ი. ასკურავა, თამარ ცაბაძე, გრიგოლ ჩიქოვანი, გოგი თაყაიშვილი, ვიქტორ გამყრელიძე",http://geocinema.ge/ka/movies/073,http://geocinema.ge/uploads/nophoto.png,ok
337,მედეა,1979,ფილმი-ბალეტი,"სს ""ქართული ფილმი""",69,,"გიორგი ალექსიძე, ელგუჯა ჟღენტი","გიორგი ალექსიძე, ელგუჯა ჟღენტი",ფელიქს ვისოცკი,იური გეგეშიძე,რევაზ გაბიჩვაძე,მიხეილ კილოსანიძე,ევგენია ბეჟანოვა,"მ. გედევანიშვილი, ვასილ ლაფერაშვილი, ვ. ჯმუხაძე, ნონა მაღალაშვილი, გ. მარგიანი, ვ. ტერეხინი, მედეა ნემსიწვერიძე, მაია ლოლაძე, თამარ (თათული) დოლიძე, ელენე ყიფშიძე, გ. მასოხოვი, მამუკა ლეკიაშვილი, ი. სანაძე, ვ. ბახტაძე, ფ. გერმესაშვილი",http://geocinema.ge/ka/movies/337,http://geocinema.ge/uploads/old/poster/p337.jpg,ok
755,კარუსელი,1979,,,20,,ზაქარია (შაქრო) ჯორჯაძე,ზაქარია (შაქრო) ჯორჯაძე,გურამ საძაგლიშვილი,იური კვაჭაძე,,,,"გიორგი (გია) ბარაბაძე, ავთანდილ (ავთო) სამადაშვილი, დავით კუპრავა, რამაზ კანაშვილი, სერგო ბერიძე, ტატა კონტრიძე, ალექსანდრე (ალეკო) ცაბაძე, ლევან თუთბერიძე, დიმიტრი (დიტო) ცინცაძე, ოთარ საბანიძე, ლევან ბზვანელი, ყაზბეგ ნაფტალოვი, ბორის ამირანაშვილი",http://geocinema.ge/ka/movies/755,http://geocinema.ge/uploads/nophoto.png,ok
900,ფანჯარა,2005,,"მწარმოებელი კომპანია ""კავკასიური ფილმოდრომი""",18,,რუსუდან პირველი,რუსუდან პირველი,მირიან შენგელაია,ვაჟა ჯალაღანია,გიორგი ცინცაძე,მადონა თევზაძე,რუსუდან პირველი,"ბაია (ბარბარე) დვალიშვილი, ბესარიონ (ბესო) სოლომანაშვილი",http://geocinema.ge/ka/movies/900,http://geocinema.ge/uploads/nophoto.png,ok
370,მომეხმარეთ იალბუზზე ასვლაში,1981,,კომპანია ”ქართული ტელეფილმი”,36,,ნანა ჯორჯაძე,ნანა ჯორჯაძე,ნიკოლოზ სუხიშვილი,"ალექსანდრე ჯანშიევი, ნანა ჯორჯაძე",ევსევი (კუკური) ჭოხონელიძე,გურამ შუბლაძე,,"გივი სარჩიმელიძე, ირაკლი სუთიძე, გიორგი დადიანი, მაკა მახარაძე, ჟანრი ლოლაშვილი, ნანა მჭედლიძე, ბერტა ბაუერი, გიორგი (გიო) ხუციშვილი, თამარ ურუშაძე",http://geocinema.ge/ka/movies/370,http://geocinema.ge/uploads/nophoto.png,ok
7002,ყურშა,1954,ნახატი,"სს ""ქართული ფილმი""",10,,"ვახტანგ ბახტაძე, შალვა გედევანიშვილი",პეტრე მორსკოი,ვასილ (კოკი) შანიძე,ილამაზ (ზურაბ) მეძმარიაშვილი,არჩილ ჩიმაკაძე,"დავით ლომიძე, ვასილ დოლენკო",,,http://geocinema.ge/ka/movies/7002,http://geocinema.ge/uploads/nophoto.png,ok
032,კრაზანას ბუდე,1927,მუნჯი / დრამა,"სს ""სახკინმრეწვი""",72,,ივანე პერესტიანი,ივანე პერესტიანი,ალექსანდრე დიღმელოვი,ვალერიან სიდამონ–ერისთავი,,,,"მარიუს იაკობინი, ივანე კრუჩინინი, მარია შირაი, გაიოზ მელიავა, პავლე ესიკოვსკი, მარო ჩმშკიანი, ნ. ქარუმიძე, ს. გუბინი, ალექსანდრე შირაი, არკადი ხინთიბიძე, კოტე ანდრონიკაშვილი",http://geocinema.ge/ka/movies/032,http://geocinema.ge/uploads/nophoto.png,ok
390,ვერსათრიელა,1982,,"სს ""ქართული ფილმი""",17,,დავით (დათო)  ჯანელიძე,"რეზო ჭეიშვილი, დავით (დათო)  ჯანელიძე",ლერი მაჩაიძე,"სვეტლანა კახიშვილი, გაგა კიკნაძე",,იმერი მანჯგალაძე,თამარ ნაფეტვარიძე,"როდერ ჩაჩანიძე, ამირან ტაკიძე, მიხეილ ვაშაძე, რევაზ იმნაიშვილი, აკაკი (კაკო) ბაქრაძე, ვაჟა ოყრეშიძე, შოთა ქრისტესაშვილი, იური ჯიჯეიშვილი, ოთარ ბაღათურია, ზაქარია სიხარულიძე, ბერდია ინწკირველი, ოთარ ქურციკიძე, გია (გივი) ქსოვრელი, ოთარ ჯანეზაშვილი, ზ. მერაბიშვილი, ვლადიმერ (ლადო) მექვაბიშვილი",http://geocinema.ge/ka/movies/390,http://geocinema.ge/uploads/nophoto.png,ok
017,მეცხრე ტალღა,1926,მუნჯი / დრამა,"სს ""სახკინმრეწვი""",61,02.08.1926,ვლადიმერ ბარსკი,"სერგეი გარინი, პეტრე მორსკოი",ანტონ პოლიკევიჩი,,,,,"გრიგოლ გომოროვი, მარია ტენაზი, ზ. ნევინსკაია, მიხეილ გელოვანი, პეტრე მორსკოი, ტატიანა ვიშნევსკაია, ელენე ჩარსკაია, იოსებ თარხნიშვილი, ივანე კრუჩინინი, იან ბურინსკი, ვლადიმერ ბარსკი, შალვა ხუსკივაძე",http://geocinema.ge/ka/movies/017,http://geocinema.ge/uploads/ზომაშეცვლილი/მეცხრე ტალღა.jpg,ok
438,სუვენირი,1986,,"სს ""ქართული ფილმი""",81,,ვიაჩესლავ აბლოთია,დაურ ზანთარია,ვიქტორ ანდრიევსკი,ვიტალი კაცუბა,ალექსანდრე ბასილაია,ვლადიმერ ნიკონოვი,"ეთერ თავაძე, მაია არეშიძე","ნურბეი კამკია, ბესლან ავიძბა, თეიმურაზ კამკამიძე, ირმა კუტალაძე, კასოუ ხაგბა, ვალერიან შაკაია, სერგეი საკანია, ჩინჩორ ჯენია, ადგურ ინალ-იფა, ვიაჩესლავ კაპბა, დიანა გულია, ალხაზ ამპარი, ა. ტონია, ნ. ზიხუბა, ზ. ჭანბა, ი. ხარატიშვილი, ვ. გაბუნია, ერლომ ახვლედიანი, რ. ზართარია, ნ. ცერგენია, ვ. კონჯარია, ა. კირტაია, რ. შარაშიძე, შ. ნემსაძე, ვ. გრაუდეცი, ა. მაანი, ნ. მაიდანნიკი",http://geocinema.ge/ka/movies/438,http://geocinema.ge/uploads/nophoto.png,ok
402,წითელი ხაზი,1983,დრამა,"სს ""ქართული ფილმი""",,,დავით სხირტლაძე,"რეზო ესაძე, დავით სხირტლაძე","ლერი მაჩაიძე, გაიოზ კიკნაძე",ნაზი სხირტლაძე,იაკობ ბობოხიძე,გურამ შუბლაძე,ნელი ფარცვანია,"ი. ქეთიშვილი, იმედა კახიანი, ნ. კახიანი, ლ. ძნელაძე, ც. მიქაია, ლ. არხიპოვა, ლ. ამბარცუმიანი, ლ. ბურჯანაძე, ავთანდილ მახარაძე, ლეილა მახარაძე, იური ვასაძე, როსტისლავ ვაშაძე, ანზორ ურდია, ჯიმშერ (ჯიმი) ლომიძე, ა. ჩიტაძე, ლ. ბარათაშვილი, მ. ხავთასი, გ. ქევხიშვილი, ს. სხირტლაძე, კ. დანელია",http://geocinema.ge/ka/movies/402,http://geocinema.ge/uploads/nophoto.png,ok
046,ღრუბელთა თავშესაფარი,1928,მუნჯი / დრამა,"სს ""სახკინმრეწვი""",78,21.05.1929,ზაქარია ბერიშვილი,სამსონ სულაკაური,ანტონ პოლიკევიჩი,ვალერიან სიდამონ–ერისთავი,,,ვასილ დოლენკო,"მარია ტენაზი, დუდე ძნელაძე, დავით ალავიძე, ნ. წერეთელი, ზაალ ტერიშვილი, ალისა ქიქოძე, ალექსანდრე თაყაიშვილი, ილია მამფორია",http://geocinema.ge/ka/movies/046,http://geocinema.ge/uploads/ზომაშეცვლილი/ღრუბელთა თავშესაფარი.jpg,ok
829,კატარაქტა,1994,ფსიქოლოგიური,"კინოკომპანია ""რადიუმი""",28,,დავით ნანობაშვილი,დავით ნანობაშვილი,,,"რევაზ ედგარიძე, ნიკოლოზ ედგარიძე",თენგიზ თოდაძე,,"დავით ჭანტურიძე, ზაზა ჭანტურიძე, კახა კაპანაძე, მანანა ბანძელაძე, ეკა ლომიძე",http://geocinema.ge/ka/movies/829,http://geocinema.ge/uploads/nophoto.png,ok
160,ლევანა,1960,კინონოველა,"სს ""ქართული ფილმი""",37,,ლეილა გორდელაძე,ოტია იოსელიანი,იგორ ამასიისკი,რომან მახარაძე,ბიძინა (ალექსანდრე) კვერნაძე,რაფიელ კეზელი,,"ნოდარ (ბიჭიკო) ჩხეიძე, ვახტანგ ნინუა, გიორგი ხუსკივაძე, თინათინ ჩარკვიანი, ნინო ჩხეიძე, გიორგი ვეფხვაძე, ნინო (ჩიტოლია) ჩხეიძე",http://geocinema.ge/ka/movies/160,http://geocinema.ge/uploads/nophoto.png,ok
105,ხიდი,1942,დრამა,თბილისის კინოსტუდია,48,15.08.1942,"კონსტანტინე პიპინაშვილი, შოთა მანაგაძე",გიორგი მდივანი,"ფელიქს ვისოცკი, ბორის ბურავლიოვი",კონსტანტინე (კოტე) კიკნაძე,ალექსი მაჭავარიანი,"ბესიკ იაკობაშვილი, რაფიელ კეზელი",,"გიორგი შავგულიძე, მედეა ჯაფარიძე, გიორგი ფრონისპირელი, პ. ერმილოვი, დავით ლორთქიფანიძე, პეტრე დოლჟანოვი, ლეონიდ რომანოვი, ი. ბოდროვი, ალექსანდრე (შურა) ჯაგარბეკოვი, პეტრე მორსკოი",http://geocinema.ge/ka/movies/105,http://geocinema.ge/uploads/nophoto.png,ok
486,დღესასწაული,1988,,"სს ""ქართული ფილმი""",20,,გივი (ბესო) ოდიშარია,გივი (ბესო) ოდიშარია,დავით მეფარიშვილი,გულნარა ქურდიანი,თეიმურაზ ბაკურაძე,მადონა თევზაძე,,"ლადო ჩაკვეტაძე, ხათუნა იოსელიანი, ნანა ჯანელიძე, დავით ჩუბინიშვილი, ზაქარია (შაქრო) ჯორჯაძე",http://geocinema.ge/ka/movies/486,http://geocinema.ge/uploads/nophoto.png,ok
734,ლახტი,1973,,კომპანია ”ქართული ტელეფილმი”,18,,ბიძინა რაჭველიშვილი,"ბიძინა რაჭველიშვილი, შ. ბესოშვილი",ლერი მაჩაიძე,მალხაზ კუხაშვილი,იაკობ ბობოხიძე,შოველ ჩიტიძე,ალექსანდრა შულცი,"ნუკრი პაპაშვილი, გია ირემაშვილი, ლევან შამილოვი",http://geocinema.ge/ka/movies/734,http://geocinema.ge/uploads/nophoto.png,ok
070,ნამდვილი კავკასიელი,1931,მუნჯი / კომედია,"სს ""სახკინმრეწვი""",60,08.07.1934,მიხეილ გელოვანი,აკაკი ბელიაშვილი,ანტონ პოლიკევიჩი,მიხეილ გოცირიძე,,,ელიზბარ გაბრიელი,"პ. ზნაჩკოვსკი, სოფია ჟოზეფი, ანა აშიმოვა, დიმიტრი ყიფიანი, ალექსანდრე ლორთქიფანიძე",http://geocinema.ge/ka/movies/070,http://geocinema.ge/uploads/Namdvili kavkasieli.jpg,ok
978,ელოდეთ მოკავშირეს,1979,დრამა,დოვჟენკოს სახელობის კინოსტუდია,73,,ოთარ კობერიძე,"იური ზბანადსკი, ოთარ კობერიძე, ევგენი ბრუნჩუგინი",ვილენ კალუტა,ალექსანდრე ვდოვიჩენკო,ჯანსუღ კახიძე,იური ლავრინენკო,ე. რიბაკი,"იოსებ (სოსო) ჯაჭვლიანი, სვეტლანა ტომა, ალექსანდრე დენისოვი, ოთარ კობერიძე, ვლადიმერ ტალაშკო, მეხეილ გოლუბოვიჩი, იანის მელდერისი, ვლადიმერ ჩუბარევი, გოგი ჩხეიძე",http://geocinema.ge/ka/movies/978,http://geocinema.ge/uploads/old/poster/p978.jpg,ok
968,მხიარული ნიღბები,1994,კომედია,"სტუდია ""მარიხი""",88,,ნიკოლოზ წულაძე,ნიკოლოზ წულაძე,ბადრი სიფრაშვილი,კობა ხოფერია,იოსებ (სოსო) ბარდანაშვილი,,,"ინგა ფაღავა, სერგო ბაზიაშვილი, ენვერ ბაღათურია",http://geocinema.ge/ka/movies/968,http://geocinema.ge/uploads/nophoto.png,ok
063,მზაღო და გელა,1933,დრამა,"სს ""სახკინმრეწვი""",65,01.10.1934,"შალვა ხუსკივაძე, ლევ პუში","შალვა ხუსკივაძე, ლევ პუში","ვლადიმერ პოლიკარპოვი, ვლადიმერ პოზნანი",ვალერიან სიდამონ–ერისთავი,,,,"რ. მხეიძე, ლევან ხოტივარი, ალექსანდრე წითლიძე, სიკო ვაჩნაძე, ოლღა კეჟერაძე, ზაალ ტერიშვილი",http://geocinema.ge/ka/movies/063,http://geocinema.ge/uploads/nophoto.png,ok
7001,ურჩი თიკანი,1953,ნახატი,"სს ""ქართული ფილმი""",10,,"შალვა გედევანიშვილი, თეიმურაზ მიქაძე","კირილე მაჭარაძე, ნინო ნაკაშიძე","ლუბა კვალიაშვილი, სარა სპარსიაშვილი",იოსებ სუმბათაშვილი,რევაზ ლაღიძე,რაფიელ კეზელი,,,http://geocinema.ge/ka/movies/7001,http://geocinema.ge/uploads/old/poster/p7001.jpg,ok
324,იტალიამდე არც ისე შორსაა,1978,,"სს ""ქართული ფილმი""",25,,არმაზ ბურნაძე,"არმაზ ბურნაძე, შოთა ასანიშვილი",დუდარ მარგიევი,ნოდარ სულემანაშვილი,იაკობ ბობოხიძე,იმერი მანჯგალაძე,როზა ჯიკაევა,"ზაირა (ზაზა) ლებანიძე, ამირან ქადეიშვილი, იური ჯიჯეიშვილი, დ. მემარნიშვილი, ზ. ამბოკაძე",http://geocinema.ge/ka/movies/324,http://geocinema.ge/uploads/nophoto.png,ok
662,მღერის ბორჯომის ნაძვი,1961,,კომპანია ”ქართული ტელეფილმი”,11,,მერაბ ჯალიაშვილი,"თენგიზ შატბერაშვილი, მერაბ ჯალიაშვილი",თენგიზ ლომიძე,თენგიზ სამსონაძე,"ბიძინა (ალექსანდრე) კვერნაძე, მერაბ ფარცხალაძე",ლევან ქიშმიშევი,ალექსანდრა შულცი,რამაზ ჩხიკვაძე,http://geocinema.ge/ka/movies/662,http://geocinema.ge/uploads/nophoto.png,ok
334,მთის ნოველა,1979,,კომპანია ”ქართული ტელეფილმი”,26,,მერაბ თავაძე,ვლადიმერ სიხარულიძე,იური კიკაბიძე,ოთარ ვეფხვაძე,იოსებ კეჭაყმაძე,დიმიტრი გედევანიშვილი,ნაზი (ლეილა) მუხიგულაშვილი,"ლეო (ლევან) ფილფანი, იზა გიგოშვილი, გივი (გურამ) ფირცხალავა, მარია პატარქალიშვილი, თ. ესართია",http://geocinema.ge/ka/movies/334,http://geocinema.ge/uploads/nophoto.png,ok
913,ხუთი ვარიაცია,2006,,სტუდია ”კვალი XXI”,31,,ილო (II) ღლონტი,ილო (II) ღლონტი,ილო (II) ღლონტი,,თეიმურაზ ბაკურაძე,მადონა თევზაძე,ელენე მურჯიკნელი,"მარინა ყუბანეიშვილი, ნანა მესხორაძე, კარლო ღლონტი, ილო ღლონტი, მამუკა ჩხარტიშვილი",http://geocinema.ge/ka/movies/913,http://geocinema.ge/uploads/nophoto.png,ok
510,ნოე,1991,,"სს ""ქართული ფილმი""",110,,ნოდარ მანაგაძე,"დავით ჯავახიშვილი, ნოდარ მანაგაძე, ერლომ ახვლედიანი",დავით შუშანია,ვაჟა ჯალაღანია,ზურაბ ნადარაია,ზურაბ ნადარაია,ჯულიეტა ბეზუაშვილი,"მურმან ურუშაძე, მარიამ (მარიკა) ჭიჭინაძე, კახა არღუთაშვილი, ნიკა ყაველაშვილი, მიხეილ გაბისონია, თემურ ჩიკვაიძე, არტემ გასპაროვი, ვოვა ივანოვი, აბესალომ ასათიანი",http://geocinema.ge/ka/movies/510,http://geocinema.ge/uploads/nophoto.png,ok
708,ბედის უკუღმართობა,1968,,კომპანია ”ქართული ტელეფილმი”,23,,რევაზ ჭარხალაშვილი,"რევაზ ჭარხალაშვილი, ლალი როსება",იგორ ამასიისკი,რომან მახარაძე,ნუგზარ ვაწაძე,ლევან ქიშმიშევი,ციური კობერიძე,"ალექსანდრე (სანდრო) თედიაშვილი, გრიგოლ (გიგოლა) თალაკვაძე, ალექსანდრე (სესიკა) კუპრაშვილი",http://geocinema.ge/ka/movies/708,http://geocinema.ge/uploads/nophoto.png,ok
3108,მარკოზის სახარება,2004,,"სტუდია ""მემატიანე""",52,,რამაზ (ბუბა) ხოტივარი,"რამაზ (ბუბა) ხოტივარი, ირაკლი პაპავა",ზურაბ ადუაშვილი,ირაკლი ფარჯიანი,გიორგი (გოგი) ჩლაიძე,თეიმურაზ კუხიანიძე,ზურაბ ლაშხი,,http://geocinema.ge/ka/movies/3108,http://geocinema.ge/uploads/nophoto.png,ok
789,შუაღამის პეპელა,1984,მუსიკალური კომედია,"სს ""ქართული ფილმი""",28,,გიორგი (გოგიტა) ჭყონია,"გიორგი (გოგიტა) ჭყონია, ანრი ყურაშვილი",იური კიკაბიძე,,ენრი ლოლაშვილი,,,"კოტე ანთაძე, გიორგი (გოგიტა) ჭყონია, ანატოლი მუკასეი, გია მურადაშვილი, თენგიზ სეფერთელაძე, მალხაზ ტაბატაძე, მერი ცხვედიანი",http://geocinema.ge/ka/movies/789,http://geocinema.ge/uploads/nophoto.png,ok
1020,რეზუს უარყოფითი,2010,,თეატრისა და კინოს უნივერსიტეტი,19,,ვალერიან (ვაკო) კირკიტაძე,,გური (გუკა) გოლიაძე,,,სანდრო ნაკაშიძე,ნოდარ ნოზაძე,,http://geocinema.ge/ka/movies/1020,http://geocinema.ge/uploads/nophoto.png,ok
867,კავშირი,2005,,"შპს ""ტაია გრუპი""",6,,გიორგი ოვაშვილი,გიორგი ოვაშვილი,გიორგი ბერიძე,სალომე სხირტლაძე,ნიკოლო პაგანინი,მადონა თევზაძე,ქეთევან გალდავაძე,"მარიამ ასათიანი, დავით გაბრიაძე",http://geocinema.ge/ka/movies/867,http://geocinema.ge/uploads/nophoto.png,ok
3176,ქართველი ლეგიონერები,2009,,სტუდია ”მარაო”,58,,"ირაკლი ტრიპოლსკი, იეჟი ლიუბახი","დავით ყოლბაია, გიორგი გორგოძე, იეჟი ლიუბახი",ლერი მიხანაშვილი,,გიორგი ცინცაძე,,,,http://geocinema.ge/ka/movies/3176,http://geocinema.ge/uploads/nophoto.png,ok
955,სადღაც თბილისში,2006,,,20,,ზვიად მეზვრიშვილი,ზვიად მეზვრიშვილი,ირაკლი ზიბზიბაძე,ლიკა მარტიაშვილი,,,ბექა კანდელაკი,"მამუკა მუმლაძე, ნათია ნიკოლაიშვილი, დიმა თარდაია, ვერიკო მჭედლიძე, ელენე გოგოლაძე",http://geocinema.ge/ka/movies/955,http://geocinema.ge/uploads/nophoto.png,ok
871,ბალადა ჩვეულებრივ ადამიანზე,2000,,,10,,ვანო თვაური,ვანო თვაური,ნუგზარ ნოზაძე,ქეთი თვაური,,მადონა თევზაძე,მარიამ კობახიძე,"ანანო კოპლატაძე, დემეტრე (დუტა) სხირტლაძე",http://geocinema.ge/ka/movies/871,http://geocinema.ge/uploads/nophoto.png,ok
7028,რატომ არის ზღვა მარილიანი,2007,,მი-ფა-სი ფილმი,4,,ვლადიმერ (ლადო) სულაქველიძე,ვლადიმერ (ლადო) სულაქველიძე,,,მამუკა მეგრელიშვილი,ლევან კიკვიძე,ნიკოლოზ არუცევი,,http://geocinema.ge/ka/movies/7028,http://geocinema.ge/uploads/old/poster/p7028.jpg,ok
295,ფლეიტა,1976,კომედია,"სს ""ქართული ფილმი""",15,,გიორგი დადიანი,გიორგი დადიანი,ედუარდ გრიგორიანი,ლადო ტატიშვილი,შოთა მილორავა,გურამ შუბლაძე,,"უჩა კორძაია, ნატაშა შენგელაია, სიმონ დაშტუ, რუსლან მიქაბერიძე, გიორგი გოცირიძე",http://geocinema.ge/ka/movies/295,http://geocinema.ge/uploads/nophoto.png,ok
570,პირველი კონცერტი,1978,,კომპანია ”ქართული ტელეფილმი”,28,,შერგილ შონია,"ლერი მიხანაშვილი, ზურაბ შანიძე, შერგილ შონია",თამაზ ბიჭიკაევი,ვაჟა ჯალაღანია,ვახტანგ კუხიანიძე,მერაბ გვანცელაძე,,"ჯემალ ღაღანიძე, ვასილ ჩხაიძე, გია ნიკოლაძე",http://geocinema.ge/ka/movies/570,http://geocinema.ge/uploads/nophoto.png,ok
033,მთის კანონი,1927,მუნჯი / დრამა,"სს ""სახკინმრეწვი""",72,14.02.1928,ბორის მიხინი,"იზმაილ ბეი აბაი, ბორის მიხინი",ანტონ პოლიკევიჩი,ვალერიან სიდამონ–ერისთავი,,,,"ვლადიმერ ბესტაევი, ნიკოლოზ სანიშვილი, ალექსანდრე სემიონოვი, სიმონ (ბუტია) გამრეკელი, ნინა განტარინა, ოლღა კეჟერაძე, ვალერიან გუნია, ქეთევან ანდრონიკაშვილი",http://geocinema.ge/ka/movies/033,http://geocinema.ge/uploads/ზომაშეცვლილი/მთების კანონი.jpg,ok
052,თეთრი მხედარი (ომის ღმერთი),1929,მუნჯი / დრამა,"სს ""სახკინმრეწვი""",69,05.11.1929,ეფიმ ძიგანი,"ლ. გოლდენვეიზერი, ეფიმ ძიგანი","სერგეი ზაბოზლაევი, ალექსანდრე გალპერინი",რობერტ ფედორი,,,,"ა. სკალდოვი, რაისა ესიპოვა, მ. კოჟევნიკოვი, ალექსანდრე გუგუშვილი, ვლადიმერ ურალსკი, ვლადიმერ (ლადო) გვიშიანი",http://geocinema.ge/ka/movies/052,http://geocinema.ge/uploads/old/poster/p052.jpg,ok
053,უკანასკნელ საათს,1929,მუნჯი / ისტორიულ-რევოლუციური,"სს ""სახკინმრეწვი""",47,,მიხეილ ჭიაურელი,ბორის ლეონიდოვი,ვიქტორ ენგელსი,რობერტ ფედორი,,,ნ. იუდინი,"ალექსანდრა თოიძე, ალექსანდრე ყალაბეგიშვილი, ალექსანდრე თაყაიშვილი, მ. სტაცენკო, ანდრო მურუსიძე, ნიკოლოზ სანიშვილი, ალექსანდრე ჯალიაშვილი, მ. ზაბელინი",http://geocinema.ge/ka/movies/053,http://geocinema.ge/uploads/ზომაშეცვლილი/უკანასკნელი საათი.jpg,ok
7033,მოგზაურობა ისტორიაში,2005,,ეროვნული კინოცენტრი,106,,ირაკლი მახარაძე,"გიორგი (გია) ლაფაური, ირაკლი მახარაძე",რამაზ ბატატუნაშვილი,გიორგი (გია) ლაფაური,"გიორგი ცინცაძე, ია საკანდელიძე",,კოკა კაპანაძე,,http://geocinema.ge/ka/movies/7033,http://geocinema.ge/uploads/old/poster/p7033.jpg,ok
879,ეტიუდი N 6,2003,,ეროვნული კინოცენტრი,13,,გიორგი ბერიძე,თამუნა მელიქიშვილი,გიორგი ბერიძე,თამუნა მელიქიშვილი,გიორგი ცინცაძე,,,"ქეთა შათირიშვილი, თამრიკო კვესიტაძე, გია (გიო) ცინცაძე, მურატი ფარჯიანი",http://geocinema.ge/ka/movies/879,http://geocinema.ge/uploads/nophoto.png,ok
965,სტიგმა,2003,მელოდრამა,,38,,ირინა გაჩეჩილაძე,ირინა გაჩეჩილაძე,"გიორგი ბერიძე, გიორგი შველიძე",ირინა გაჩეჩილაძე,გოგი ძოძუაშვილი,ირაკლი ივანიშვილი,,"თეა ჭანტურია, ონისე ონიანი",http://geocinema.ge/ka/movies/965,http://geocinema.ge/uploads/nophoto.png,ok
039,იბრაჰიმი და გოდერძი,1927,მუნჯი / მელოდრამა,"სს ""სახკინმრეწვი""",65,13.12.1927,ზაქარია ბერიშვილი,სამსონ სულაკაური,ანტონ პოლიკევიჩი,ვალერიან სიდამონ–ერისთავი,,,,"დუდე ძნელაძე, ბადრი სვანი, ელენე ჩარსკაია, ლილი ყიფიანი, ნიკოლოზ კახიძე, ისია ნაზარიშვილი, ნიკო გვარაძე, ვლადიმერ (ლადო) კავსაძე, რ. ქარუხნიშვილი, კ. ღვამიჩავა",http://geocinema.ge/ka/movies/039,http://geocinema.ge/uploads/ზომაშეცვლილი/იბრაჰიმი და გოდერძი.jpg,ok
462,რივარესი,1987,ფილმი-ბალეტი,"სს ""ქართული ფილმი""",129,,ბიძინა ჩხეიძე,"ამირან ჭიჭინაძე, ბიძინა ჩხეიძე",გიორგი გერსამია,"მარინა სოკოლოვა, ედუარდ ლაპკოვსკი",სულხან ცინცაძე,მიხეილ კილოსანიძე,,"ვადიმ თედეევი, ნუგზარ (ნუკრი) მაღალაშვილი, ლუდმილა რიჟოვა, მაია ზურაშვილი, თამაზ ვაშაკიძე, ქეთინო ბაქრაძე, გენადი ვასაძე, ს. ტერეშჩენკო, რ. ნოვაკი, ლ. ბახტაძე",http://geocinema.ge/ka/movies/462,http://geocinema.ge/uploads/nophoto.png,ok
667,ბიჭი და ჩიტი,1968,,კომპანია ”ქართული ტელეფილმი”,20,,კონსტანტინე (კოტე) სურმავა,"კონსტანტინე (კოტე) სურმავა, გიორგი სანადირაძე",პავლე შნაიდერი,,,,,"ბუხუტი ზაქარიაძე, მანანა სურმავა, გიორგი გეგეჭკორი, გია კიტია",http://geocinema.ge/ka/movies/667,http://geocinema.ge/uploads/nophoto.png,ok
596,გრანტუსი,1994,,"სტუდია ""სამება""",70,,ბიძინა ჩხეიძე,ბიძინა ჩხეიძე,გიორგი გერსამია,,მიხეილ (მიკა) ოძელი,ნუცა შოშიტაიშვილი,მარინა კოლხიდაშვილი,"შოთა ქრისტესაშვილი, გრიგოლ წიტაიშვილი, დავით დვალიშვილი, ბერტა ხაფავა, ნინო (II) კაკაბაძე",http://geocinema.ge/ka/movies/596,http://geocinema.ge/uploads/nophoto.png,ok
102,ფორპოსტი,1941,კინონოველა,თბილისის კინოსტუდია,18,,კოტე მიქაბერიძე,"ივანე პერესტიანი, პეტრე მორსკოი",ანტონ პოლიკევიჩი,ქრისტესია ლებანიძე,ივანე გოკიელი,ბესიკ იაკობაშვილი,,"ალექსეი ზაგორსკი, დ. ნეგინა, ანატოლი სმირანინი, ვ. ვიაზემსკი",http://geocinema.ge/ka/movies/102,http://geocinema.ge/uploads/nophoto.png,ok
875,მინუს 37 – ჩემი მხედველობა /დუმილი/ივლისი,2003,,,11,,თამარ შავგულიძე,ნესტან (ნენე) კვინიკაძე,გიორგი შველიძე,სალომე სხირტლაძე,გიორგი ცინცაძე,ირაკლი ივანიშვილი,დავით ბორჩხაძე,"გიორგი შველიძე, ნინა ჟვანია, თამთა (I) ხალვაში, ლევან თაქთაქიშვილი, ნესტან (ნენე) კვინიკაძე",http://geocinema.ge/ka/movies/875,http://geocinema.ge/uploads/nophoto.png,ok
355,მოგზაურობა სოპოტში,1980,,"სს ""ქართული ფილმი""",28,,ნანა ჯორჯაძე,ნანა ჯორჯაძე,ნიკოლოზ სუხიშვილი,"ნანა ჯორჯაძე, ვაჟა ჯალაღანია",თეიმურაზ ბაკურაძე,იმერი მანჯგალაძე,,"გიორგი დადიანი, ომარ გვასალია",http://geocinema.ge/ka/movies/355,http://geocinema.ge/uploads/nophoto.png,ok
707,ერთი მოთხრობის ფინალი,1963,,კომპანია ”ქართული ტელეფილმი”,18,,კონსტანტინე ციციშვილი,გურამ პატარაია,ირაკლი ონოფრიშვილი,,,ლევან ქიშმიშევი,,"დინარა ჟორჟოლიანი, თენგიზ არჩვაძე, მედეა ბიბილეიშვილი, გ. გურგენიძე",http://geocinema.ge/ka/movies/707,http://geocinema.ge/uploads/nophoto.png,ok
587,ატრაქციონი,1995,დრამა,"სტუდია ""ლილეო ართსი""",100,,ოთარ შამათავა,"ბიძინა კალანდაძე, ოთარ შამათავა",გიორგი ბერიძე,გოჩა მაისურაძე,ოთარ შამათავა,გურამ გოგუა,,"ვლადიმერ (ლადო) მექვაბიშვილი, გიორგი ჭიჭინაძე, პაატა მოისწრაფიშვილი, ხათუნა იოსელიანი, ვაჟა გელაშვილი, ნანული სარაჯიშვილი",http://geocinema.ge/ka/movies/587,http://geocinema.ge/uploads/nophoto.png,ok
888,აღსარება,2004,,,15,,ზურაბ ქათამაძე,დავით ქათამაძე,დავით ქათამაძე,ნინუკა ცინცაძე,ლევან ჩხარტიშვილი,ლევან ჩხატრიშვილი,ზურაბ ქათამაძე,"ია სუხიტაშვილი, ლაშა-გიორგი პაპუაშვილი",http://geocinema.ge/ka/movies/888,http://geocinema.ge/uploads/nophoto.png,ok
731,ქოჩორა,1967,,კომპანია ”ქართული ტელეფილმი”,20,,გიული ჭოხონელიძე,გიული ჭოხონელიძე,"არჩილ ფილიპაშვილი, დუდარ მარგიევი",,ოთარ გორდელი,,,"აკაკი (კაკო) კვანტალიანი, გიული ჭოხონელიძე",http://geocinema.ge/ka/movies/731,http://geocinema.ge/uploads/nophoto.png,ok
3383,ძველი ქართული საგალობლები,1970,,კომპანია ”ქართული ტელეფილმი”,27,,იოსებ (სოსო) ჩხაიძე,იოსებ (სოსო) ჩხაიძე,"ირაკლი ონოფრიშვილი, ე. სარქისოვი",,,მერაბ გვანცელაძე,ნუცა შოშიტაიშვილი,,http://geocinema.ge/ka/movies/3383,http://geocinema.ge/uploads/nophoto.png,ok
865,სტალინის მამიდა პორტუგალიაში,2002,,თეატრისა და კინოს უნივერსიტეტი,5,,კონსტანტინე (მინდია) ესაძე,კონსტანტინე (მინდია) ესაძე,კონსტანტინე (მინდია) ესაძე,,,,გიგა ჩხეიძე,"ლაშა მინდიაშვილი, გოგა ლოლაძე, დავით უჯმაჯურიძე, ლევან ნასიძე, ბიძინა ყანჩაველი",http://geocinema.ge/ka/movies/865,http://geocinema.ge/uploads/nophoto.png,ok
040,ჰოლტზე,1928,მუნჯი / დრამა,"სს ""სახკინმრეწვი""",67,,ლეო ესაკია,ლეო ესაკია,ვლადიმერ პოზნანი,ვალერიან სიდამონ–ერისთავი,,,ვასილ დოლენკო,"პავლე მხეიძე, დ. გიგაშვილი, დავით გაჩეჩილაძე, შალვა ხომერიკი, ალექსანდრე ჯალიაშვილი",http://geocinema.ge/ka/movies/040,http://geocinema.ge/uploads/nophoto.png,ok
877,გატაცება,2002,,,12,,გიორგი ხარებავა,გიორგი ხარებავა,გიორგი ხარებავა,გიორგი ბაღათურია,,გიორგი ხარებავა,გიორგი ხარებავა,"ნიკოლოზ (ნიკა) წერედიანი, სოფიკო ავალიშვილი, გურამ გუჯეჯიანი, კახა ჭოლაძე, კახაბერ ყაფლანიშვილი, ედიშერ მიქაბერიძე",http://geocinema.ge/ka/movies/877,http://geocinema.ge/uploads/nophoto.png,ok
3066,კოდექსები და ლექსები,2006,,კავშირი “სტუდიომობილი - აქცენტი მოძრაობაზე”,31,,ლიანა ჯაყელი,თამარ ლეჟავა,მიხეილ შესტოვსკი,ლულუ კალანდაძე,ვარინკა წერეთელი,თამარ ლეჟავა,"მიხეილ შესტოვსკი, ლიანა ჯაყელი",,http://geocinema.ge/ka/movies/3066,http://geocinema.ge/uploads/nophoto.png,ok
026,გაფლანგვა,1927,მუნჯი / დრამა,"სს ""სახკინმრეწვი""",69,24.07.1928,ივანე პერესტიანი,"ნიკოლოზ შენგელაია, სერგო კლდიაშვილი",ალექსანდრე დიღმელოვი,"ვალერიან სიდამონ–ერისთავი, ფიოდორი პუში",,,,"პავლე ესიკოვსკი, პეტრე მორსკოი, მარია ტენაზი, ივანე კრუჩინინი, ლ. პრივალოვი, მარიუს იაკობინი, კონსტანტინე ლავრეცკი, სოფია ჟოზეფი",http://geocinema.ge/ka/movies/026,http://geocinema.ge/uploads/ზომაშეცვლილი/გაფლანგვა.jpg,ok
536,გამინაწილე სითბო,1975,,"სს ""ქართული ფილმი""",25,,ირაკლი ასათიანი,ირაკლი ასათიანი,ლომერ ახვლედიანი,"ნაუმ ფურმანი, ჯემალ კუხალაშვილი",გომარ სიხარულიძე,ლია სურმავა,სოფიო მაჩაიძე,"ზურაბ (კუკური) ლაფერაძე, ლეილა შოთაძე, მანუჩარ შერვაშიძე, აბესალომ ლორია, თენგიზ მაისურაძე",http://geocinema.ge/ka/movies/536,http://geocinema.ge/uploads/nophoto.png,ok
3185,"""ქეთო და კოტეს"" ძიებაში",2009,,შპს კინოსტუდია ”დამოუკიდებელი კინოპროექტი ”,66,,დავით გუჯაბიძე,დავით გუჯაბიძე,დავით გუჯაბიძე,,,"დავით სიხარულიძე, პაატა გოძიაშვილი",დავით გუჯაბიძე,,http://geocinema.ge/ka/movies/3185,http://geocinema.ge/uploads/nophoto.png,ok
799,პანოპტიკუმი,1997,დრამა,კომპანია ”ქართული ტელეფილმი”,28,,გიორგი ებრალიძე,გიორგი ებრალიძე,ილია ვაჩნაძე,ნუგზარ მეტრეველი,ვახტანგ ბერიკაშვილი,ნუცა შოშიტაიშვილი,"ვერა შიშმაკოვა–ნიკოლაძე, ალექსანდრა აფციაური","დათო ბადრიძე, ავთანდილ (ავთო) სამადაშვილი, ბექა გელაშვილი, ნინო ოჩიაური, მამუკა ჩიტიძე, თენგიზ სურმავა, იოსებ (სოსო) ტუხაშვილი, ირაკლი ბერიშვილი, ალეკო ფერაძე",http://geocinema.ge/ka/movies/799,http://geocinema.ge/uploads/nophoto.png,ok
527,თეთრი სახლები,1975,დრამა,კომპანია ”ქართული ტელეფილმი”,22,,ყარამან (გუგული) მგელაძე,ყარამან (გუგული) მგელაძე,"გივი რაჭველიშვილი, გური (გურამ) შენგელაია",ქრისტესია ლებანიძე,ყარამან (გუგული) მგელაძე,თენგიზ ნანობაშვილი,,"გია ავალიშვილი, გია იაშვილი, ზოზო (იასონ) ბაქრაძე, მანანა ცხოვრებოვა, თამარ ჩხარტიშვილი, გია ლეჟავა",http://geocinema.ge/ka/movies/527,http://geocinema.ge/uploads/nophoto.png,ok
3015,მეიდანი - სამყაროს ჭიპი,2004,,PS Pictures,52,,დავით (დათო)  ჯანელიძე,"დავით (დათო)  ჯანელიძე, პიტერ იან სმიტი",გიორგი გერსამია,,გიორგი ცინცაძე,მაარტენ ვან ხენტი,სტელა ვან ვოორსტ ვან ბეესტი,,http://geocinema.ge/ka/movies/3015,http://geocinema.ge/uploads/nophoto.png,ok
3317,რაც მტრობას დაუნგრევია...,1973,დოკუმენტური,საქართველოს სამეცნიერო–პოპულარული და დოკუმენტური ფილმების სტუდია,10,,"ჟუჟუნა ლომიძე, იზოლდა შველიძე",აკაკი ბაქრაძე,ტარიელ ელიაშვილი,,,ნათელა გურგენიძე,,,http://geocinema.ge/ka/movies/3317,http://geocinema.ge/uploads/nophoto.png,ok
733,"ლია, პაპა და პატარა მედოლე",1973,,კომპანია ”ქართული ტელეფილმი”,,,პავლე ჩარკვიანი,პავლე ჩარკვიანი,ომარ ბრეგვაძე,ვახტანგ რურუა,იაკობ ბობოხიძე,შოველ ჩიტიძე,ალექსანდრა შულცი,"ალექსანდრე (სესიკა) კუპრაშვილი, ლია კაპანაძე, ჭაბუკა აბდუშელიშვილი",http://geocinema.ge/ka/movies/733,http://geocinema.ge/uploads/nophoto.png,ok
7046,ტყის კვარტეტი,1984,,"სს ""ქართული ფილმი""",10,,მერაბ სარალიძე,მერაბ სარალიძე,ცირა კენჭიაშვილი,ბესარიონ ხიდაშელი,ალექსანდრე ბასილაია,გურამ შუბლაძე,მარიამ კობახიძე,"რევაზ თავართქილაძე, შოთა ქრისტესაშვილი",http://geocinema.ge/ka/movies/7046,http://geocinema.ge/uploads/old/poster/p7046.jpg,ok
3082,ადამი და ევა,2005,,,8,,თამარ დიასამიძე,,თამარ დიასამიძე,,,,თამარ დიასამიძე,,http://geocinema.ge/ka/movies/3082,http://geocinema.ge/uploads/nophoto.png,ok
3035,უცნობი ჯარისკაცები,2008,,Vito,71,,შალვა შენგელი,შალვა შენგელი,"გიორგი სიგუა, ლევან კანტიძე",,ნიაზ დიასამიძე,ბექა გერსამია,"შალვა შენგელი, თინათინ ყაჯრიშვილი",,http://geocinema.ge/ka/movies/3035,http://geocinema.ge/uploads/nophoto.png,ok
3012,დედა ღვთისმშობელი,2005,,"სტუდია ""აბკ""",38,,მერაბ გაგუა,მერაბ გაგუა,"დავით ასათიანი, გურიელ (გურამ) როგავა",ალექსანდრე ჭელიძე,ალექსი მაჭავარიანი,თენგიზ (II) მაისურაძე,მერაბ ახვლედიანი,,http://geocinema.ge/ka/movies/3012,http://geocinema.ge/uploads/nophoto.png,ok
3175,როცა საათები ჩერდება,2009,,არტეფაქტ პროდაქშენი,10,,თიკო ნაჭყებია,,კახა ბუხრაშვილი,,,გიორგი (გოგლიკო) გოგოლაძე,სოსო ჯავახიშვილი,,http://geocinema.ge/ka/movies/3175,http://geocinema.ge/uploads/nophoto.png,ok
1029,მეხუთე მოქმედება,1992,,"სს ""ქართული ფილმი""",28,,დავით ნაცვლიშვილი,დავით ნაცვლიშვილი,ოლეგ ბაშნინი,რევაზ ებრალიძე,რომან რცხილაძე,გურამ შუბლაძე,ლალი კოლხიდაშვილი,"პაატა ციქურიშვილი, ნანა კიკნაძე, რეზო ესაძე, ინგა სარალიძე, შოთა ქრისტესაშვილი, დარეჯან ხარშილაძე, ბონდო გოგინავა, ნოდარ სოხაძე, ნუკა კაციტაძე, თეა (ნათელა) გაბუნია, მამუკა ლორია, გოგი ოსეფაიშვილი, დალი ჩიტალაძე, გ. შალიკაშვილი",http://geocinema.ge/ka/movies/1029,http://geocinema.ge/uploads/nophoto.png,ok
700,გრიბოედოვის საჩუქარი,1965,,კომპანია ”ქართული ტელეფილმი”,18,,მიხეილ გიჟიმყრელი,მიხეილ გიჟიმყრელი,რევაზ კეზელი,დინარა ნოდია,,კლავა ჩუკოვა,ალექსანდრა შულცი,"თამარ ჭავჭავაძე, დოდო შანშიაშვილი, მიხეილ ქვლივიძე, ვახტანგ გოგეშვილი",http://geocinema.ge/ka/movies/700,http://geocinema.ge/uploads/nophoto.png,ok
894,ლიბერტანგო,2000,,,15,,დავით ქემხაძე,თემურ ბაჯელიძე,მიხეილ მაღალაშვილი,"თეა მიქაძე, თემურ შანიძე",ირაკლი ბარამიძე,გია ჯავახიშვილი,ნანა ბახტაძე,"ტიტე კომახიძე, ზაალ გოგუაძე, რუსკა კანდელაკი, მარიკა ბარამიძე, მარიკა ხომერიკი, დათო შერშელია",http://geocinema.ge/ka/movies/894,http://geocinema.ge/uploads/nophoto.png,ok
022,სასჯელი,1926,მუნჯი / სათავგადასავლო,"სს ""სახკინმრეწვი""",71,03.12.1926,ივანე პერესტიანი,,ალექსანდრე დიღმელოვი,სემიონ გუბინ-გუნი,,,,"მარია შირაი, ალექსანდრე შირაი, პავლე ესიკოვსკი, სოფია ჟოზეფი, კადორ ბენ-საიბ, მარიუს იაკობინი",http://geocinema.ge/ka/movies/022,http://geocinema.ge/uploads/nophoto.png,ok
3073,ბორჯომ-ხარაგაულის ეროვნული პარკი,2003,,სტუდია ”პილიგრიმი”,23,,დავით გოგუაძე,დავით გოგუაძე,ლევან პატარაია,დავით გოგუაძე,,ირაკლი ჩხიკვიშვილი,ვასილ გაბუნია,,http://geocinema.ge/ka/movies/3073,http://geocinema.ge/uploads/nophoto.png,ok
665,ექიმი მიდის ფეხბურთზე,1962,,კომპანია ”ქართული ტელეფილმი”,18,,სერგო ევლახიშვილი,შოთა არჩვაძე,რევაზ კეზელი,თენგიზ სამსონაძე,,ლევან ქიშმიშევი,ლუდმილა (ლუსია) უნანიანი,"გიორგი გეგეჭკორი, მარინე თბილელი",http://geocinema.ge/ka/movies/665,http://geocinema.ge/uploads/nophoto.png,ok
834,ჩვეულებრივი ამბავი,1984,,სასწავლო სტუდია,10,,მიხეილ ანთაძე,მიხეილ ანთაძე,კახა ჭელიძე,ლევან მელიქიშვილი,კაკო ვაშალომიძე,მადონა თევზაძე,ოლიკო მეტრეველი,"ბელა კურცხალია, ბესარიონ (ბესო) გიორგობიანი",http://geocinema.ge/ka/movies/834,http://geocinema.ge/uploads/nophoto.png,ok
677,ნოკტიურნი,1995,,კომპანია ”ქართული ტელეფილმი”,,,რუსუდან გლურჯიძე,რუსუდან გლურჯიძე,გია ფაილოძე,შოთა გლურჯიძე,რუსუდან გლურჯიძე,გურამ გოგუა,,"ელენე (ბაკა) კვირცხალია, ნიკოლოზ მაჩაიძე",http://geocinema.ge/ka/movies/677,http://geocinema.ge/uploads/nophoto.png,ok
874,შური,2000,,"შპს ""კიაზო 1999""",11,,ზაზა მერაბიშვილი,მაია წულაია,ქეთევან ნოზაძე,უშანგი იმერლიშვილი,,,არჩილ ლაზარიაშვილი,"დოდო ჭიჭინაძე, რენზო მარტენსი, ვერა მგელაძე",http://geocinema.ge/ka/movies/874,http://geocinema.ge/uploads/nophoto.png,ok
634,ფანჯარა,1965,,კომპანია ”ქართული ტელეფილმი”,18,,დიმიტრი ბათიაშვილი,ალექსანდრე ჟღენტი,თეიმურაზ (თემო) დოლიძე,გიორგი (გიგა) ბათიაშვილი,ზაურ ჭითავა,მიხეილ დარჩიევი,,ლეილა ყიფიანი,http://geocinema.ge/ka/movies/634,http://geocinema.ge/uploads/nophoto.png,ok
892,დათქმულ დღეს,2004,,ტელეკომპანია ”TMS”,15,,გიორგი (II) ჭუმბურიძე,"სოსო ჩახნაშვილი, გიორგი (II) ჭუმბურიძე",ლევან ლაგაზაძე,,უჩა ჩაჩხიანი,თემო დიდბერაშვილი,"გოგა მამასახლისი, ვატო ვარაზი","გიორგი (გოგა) პიპინაშვილი, ზაზა მიქაშავიძე",http://geocinema.ge/ka/movies/892,http://geocinema.ge/uploads/nophoto.png,ok
081,მდინარის გაღმა,1935,დრამა,"სს ""სახკინმრეწვი""",61,,ზაქარია ბერიშვილი,ილო მოსაშვილი,ვლადიმერ კერესელიძე,მიხეილ გოცირიძე,,,,"ალექსანდრე იმედაშვილი, გიორგი (გიგა) ბრეგვაძე, ლილი ყიფიანი, კოტე დაუშვილი, გიორგი ჯავაშვილი, დიმიტრი სუხიტაშვილი-გლდანელი, ივანე გვინჩიძე, მიხეილ გოცირიძე, ელენე ჩოხელი, ნიკოლოზ ანჯაფარიძე",http://geocinema.ge/ka/movies/081,http://geocinema.ge/uploads/nophoto.png,ok
106,უჩინარი იანი,1943,სათავგადასავლო,თბილისის კინოსტუდია,59,08.03.1943,"ვლადიმერ პეტროვი, ისიდორე ანენსკი","ოლგა ზივი, ალექსანდრე სტოლპერი","ანატოლი გოლოვნია, თამარ ლობოვა",რომან სუტა,ანდრია ბალანჩივაძე,როსტისლავ ლაპინსკი,,"ევგენი სამოილოვი, ევგენია გორკუშა-შირშოვა, იური ალექსი-მესხიშვილი, გიორგი დავითაშვილი, კონსტანტინე დობჟინსკი, ანატოლი სმირანინი, სერგო ევლახიშვილი, კოტე დაუშვილი",http://geocinema.ge/ka/movies/106,http://geocinema.ge/uploads/old/poster/p106.jpg,ok
448,პროლოგი (წინათქმა),1986,დრამა,"სს ""ქართული ფილმი""",29,,ზაზა (როინ) ილურიძე,"ზაზა (როინ) ილურიძე, მიკა ალექსიძე","პაატა ჟღენტი, გიორგი ჭელიძე",გია ლაფერაძე,ლევან ჩხარტიშვილი,ვილჰელმ გოგიჩაიშვილი,როზა ჯიკაევა,"ქეთევან ფანცხავა, ირაკლი ხიზანიშვილი, იაგო მაისურაძე, ზურაბ (კუკური) ლაფერაძე",http://geocinema.ge/ka/movies/448,http://geocinema.ge/uploads/nophoto.png,ok
101,ცანის ხეობის საუნჯე,1941,სათავგადასავლო,თბილისის კინოსტუდია,60,23.06.1941,ზაქარია ბერიშვილი,აკაკი ბელიაშვილი,ბორის ბურავლიოვი,ქრისტესია ლებანიძე,რევაზ გაბიჩვაძე,ოთარ გეგეჭკორი,ელიზბარ გაბრიელი,"ალექსანდრა თოიძე, კირილე მაჭარაძე, კარლო გეგენავა, გიორგი (გიგა) ბრეგვაძე, დავით ალავიძე, დავით ბრეგვაძე, ტიტე ბარამიძე, კოხტა ყარალაშვილი, ალექსანდრე წითლიძე, ნიკოლოზ ანჯაფარიძე",http://geocinema.ge/ka/movies/101,http://geocinema.ge/uploads/nophoto.png,ok
3112,ვანო მელიაშვილი,2000,,"კინოკომპანია ""შვიდკაცა""",26,,დავით (დათო)  ჯანელიძე,"დავით (დათო)  ჯანელიძე, თენგიზ (ჩუბჩიკა) მირზაშვილი",მიხეილ მაღალაშვილი,თენგიზ (ჩუბჩიკა) მირზაშვილი,,,,,http://geocinema.ge/ka/movies/3112,http://geocinema.ge/uploads/nophoto.png,ok
825,კარები,1971,კომედია,"სს ""ქართული ფილმი""",9,,მიხეილ მედნიკოვი,მიხეილ მედნიკოვი,მიხეილ მედნიკოვი,,,,,"ვ. ფულაძე, ზურაბ ქაფიანიძე, ვლადიმერ ნამგალაშვილი",http://geocinema.ge/ka/movies/825,http://geocinema.ge/uploads/nophoto.png,ok
3135,მირონმდინარე ხატები,2001,,"სტუდია ""გრაალი""",25,,დავით ნანობაშვილი,დავით ნანობაშვილი,,,,ზაზა ლომთაძე,,,http://geocinema.ge/ka/movies/3135,http://geocinema.ge/uploads/old/poster/p3135.jpg,ok
3379,კვალი ნათელი,1978,დოკუმენტური,საქართველოს სამეცნიერო–პოპულარული და დოკუმენტური ფილმების სტუდია,55,,რევაზ (რეზო) თაბუკაშვილი,რევაზ (რეზო) თაბუკაშვილი,იური ბარამიძე,თენგიზ (ჩუბჩიკა) მირზაშვილი,იაკობ ბობოხიძე,ვასილ არველაძე,"ლარისა ოტრადინსკაია, კოზეტა კოტრიკაძე",,http://geocinema.ge/ka/movies/3379,http://geocinema.ge/uploads/nophoto.png,ok
175,ერთხელ,1962,კინონოველა,"სს ""ქართული ფილმი""",31,,რეზო ესაძე,გივი ალექსანდრია,ვიქტორ პიშჩალნიკოვი,რეზო ესაძე,იაკობ ბობოხიძე,მიხეილ ათანელოვი,,"რუსუდან კიკნაძე, კახა ქორიძე, ფ. მეგრელაძე, დ. ესაძე",http://geocinema.ge/ka/movies/175,http://geocinema.ge/uploads/nophoto.png,ok
372,სერაფიტა,1981,,"სს ""ქართული ფილმი""",30,,მარინე ხონელიძე,"მერაბ აბაშიძე, მარინე ხონელიძე",ედუარდ გრიგორიანი,ნიკოლოზ ზანდუკელი,,თენგიზ ნანობაშვილი,,"ნინო კალანდაძე, რომან ჩიჩუა, მერაბ აბრამიშვილი, გიორგი ჯეჯელავა, ანი გოგორიშვილი",http://geocinema.ge/ka/movies/372,http://geocinema.ge/uploads/nophoto.png,ok
3552,ექვსიდან ათამდე,1986,,კომპანია ”ქართული ტელეფილმი”,30,,როლანდ (მიხო) ბორაშვილი,"შოთა პარკაული, როლანდ (მიხო) ბორაშვილი",ტრისტან კანდელაკი,,,მერაბ გვანცელაძე,,,http://geocinema.ge/ka/movies/3552,http://geocinema.ge/uploads/nophoto.png,ok
3336,ქართული მართმადიდებელი ეკლესია,1985,დოკუმენტური,საქართველოს სამეცნიერო–პოპულარული და დოკუმენტური ფილმების სტუდია,30,,"ნუგზარ ყიფიანი, ირაკლი ტრიპოლსკი",ნანა ხატისკაცი,გიორგი (გოგა) ხაინდრავა,,,ბადრი გოგიბერიძე,,,http://geocinema.ge/ka/movies/3336,http://geocinema.ge/uploads/nophoto.png,ok
043,ქალი ბაზრობიდან,1928,მუნჯი,"სს ""სახკინმრეწვი""",62,16.04.1928,გიორგი მაკაროვი,"პეტრე მორსკოი, გიორგი მაკაროვი, ვიქტორ ენგელსი",ვიქტორ ენგელსი,რობერტ ფედორი,,,ვასილ დოლენკო,"ანდრო მურუსიძე, ბელა ბელეცკაია, შალვა ღამბაშიძე, აკაკი ვასაძე, მარია შირაი, გ. ინაშვილი",http://geocinema.ge/ka/movies/043,http://geocinema.ge/uploads/ზომაშეცვლილი/ქალი ბაზრობიდან.jpg,ok
3029,"იგორ სანოვიჩი, ესკიზი პორტრეტისთვის",2008,,შპს კინოსტუდია ”დამოუკიდებელი კინოპროექტი ”,60,,ალექსანდრე (საშა) რეხვიაშვილი,ალექსანდრე (საშა) რეხვიაშვილი,პაატა კერესელიძე,,,,,,http://geocinema.ge/ka/movies/3029,http://geocinema.ge/uploads/old/poster/p3029.jpg,ok
644,ღამე,1987,,კომპანია ”ქართული ტელეფილმი”,22,,ალექსანდრე (სანდრო) ვახტანგოვი,ალექსანდრე (სანდრო) ვახტანგოვი,ალექსანდრე (სანდრო) ვახტანგოვი,გიორგი (გია) ეძგვერაძე,დავით ევგენიძე,,,"გიორგი (გია) ეძგვერაძე, დალი ჩიტალაძე",http://geocinema.ge/ka/movies/644,http://geocinema.ge/uploads/nophoto.png,ok
565,მონადირე,1970,,კომპანია ”ქართული ტელეფილმი”,18,,ალექსანდრე ჟღენტი,ალექსანდრე ჟღენტი,ოთარ ჭუმბურიძე,თენგიზ (ჩუბჩიკა) მირზაშვილი,,მიხეილ დარჩიევი,,"დუდუხანა წეროძე, ლუკა წულაძე, აკაკი ხიდაშელი",http://geocinema.ge/ka/movies/565,http://geocinema.ge/uploads/nophoto.png,ok
728,სატელევიზიო ოთხთავი,1996,,კომპანია ”ქართული ტელეფილმი”,285,,"თეიმურაზ სუმბათაშვილი, გიორგი (გოგი) ხარაბაძე",,დავით მაჩაიძე,თეიმურაზ სუმბათაშვილი,,დავით თოთლაძე,,გიორგი (გოგი) ხარაბაძე,http://geocinema.ge/ka/movies/728,http://geocinema.ge/uploads/nophoto.png,ok
446,შავი მერცხალი,1986,,"სს ""ქართული ფილმი""",28,,თამარ დულარიძე,"როლანდ ჯალაღონია, თამარ დულარიძე",ჯიმშერ ქრისტესაშვილი,ალექსანდრე ჯანშიევი,ნანა ავალიშვილი,გურამ შუბლაძე,,"თამარ ციციშვილი, იმედა კახიანი, დავით (II) ერისთავი",http://geocinema.ge/ka/movies/446,http://geocinema.ge/uploads/nophoto.png,ok
692,მსაჯი,1981,,კომპანია ”ქართული ტელეფილმი”,27,,გენო ჩირაძე,"რევაზ მიშველაძე, გენო ჩირაძე",ჯონი ყურაშვილი,გულნარა ქურდიანი,,მერაბ გვანცელაძე,,"კარლო საკანდელიძე, ივანე საყვარელიძე, რევაზ თავართქილაძე, შოთა ხაჟალია, იოსებ ურუშაძე",http://geocinema.ge/ka/movies/692,http://geocinema.ge/uploads/nophoto.png,ok
833,მიტოვებული,1984,,სასწავლო სტუდია,10,,მიხეილ ანთაძე,მიხეილ ანთაძე,დავით შუშანია,ლევან მელიქიშვილი,,მადონა თევზაძე,ოლიკო მეტრეველი,"ირინა გუდაძე, კახა ბარამიძე",http://geocinema.ge/ka/movies/833,http://geocinema.ge/uploads/nophoto.png,ok
3057,ელდარ შენგელაია - არაჩვეულებრივი გამოფენა,2006,,"სტუდია ""აბკ""",39,,ნინო ახვლედიანი,დავით ჭავჭავაძე,გელა ჩინჩალაძე,,,ავთანდილ ხარაშვილი,მერაბ ახვლედიანი,,http://geocinema.ge/ka/movies/3057,http://geocinema.ge/uploads/nophoto.png,ok
7017,რატომ აქვს კურდღელს დიდი ყურები?,2009,,მი-ფა-სი ფილმი,5,,გიორგი (გია) ლაფაური,გიორგი (გია) ლაფაური,,გიორგი (გია) ლაფაური,,თორნიკე გველესიანი,ნიკოლოზ გელაშვილი,,http://geocinema.ge/ka/movies/7017,http://geocinema.ge/uploads/old/poster/p7017.jpg,ok
018,ილან დილი,1926,მუნჯი / სათავგადასავლო,"სს ""სახკინმრეწვი""",72,31.12.1926,ივანე პერესტიანი,,ალექსანდრე დიღმელოვი,ფიოდორი პუში,,,,"სოფია ჟოზეფი, პავლე ესიკოვსკი, სვეტლანა ლიუქსი, კადორ ბენ-საიბ, მარიუს იაკობინი",http://geocinema.ge/ka/movies/018,http://geocinema.ge/uploads/ზომაშეცვლილი/ილან დილი.jpg,ok
558,სტუმარი (სირცხვილი),1990,,კომპანია ”ქართული ტელეფილმი”,29,,თეიმურაზ ბუტიკაშვილი,გრიგოლ ხოსროშვილი,გიორგი (გოგი) თორაძე,მალხაზ კუხაშვილი,თეიმურაზ ბაკურაძე,მერაბ გვანცელაძე,ინა კრეპსი,"გიორგი ბასიშვილი, ლელა ხარტიშვილი, თამარ გაგაძე",http://geocinema.ge/ka/movies/558,http://geocinema.ge/uploads/nophoto.png,ok
739,ყველაწმინდა (ალავერდი),1977,,კომპანია ”ქართული ტელეფილმი”,37,,იური კვაჭაძე,"იური კვაჭაძე, თამაზ ბიბილური",ომარ ბრეგვაძე,"ნაუმ ფურმანი, ლალი ლომთაძე",იოსებ (სოსო) ბარდანაშვილი,შოველ ჩიტიძე,,"ლერი ზარდიაშვილი, ნუგზარ გოგოძე, დარო გულიაშვილი, მერი ბალღიაშვილი, არჩილ ჭიჭიკოშვილი, ბაბუნა ასაბაშვილი, დათო ჯიქურიშვილი, თამარ გიგაური, ნანა ჩიხლაძე",http://geocinema.ge/ka/movies/739,http://geocinema.ge/uploads/nophoto.png,ok
3006,რობიკო სტურუა,2007,,ეროვნული კინოცენტრი,39,,"მანანა ანასაშვილი, მიხეილ ბასინოვი","მიხეილ ბასინოვი, მანანა ანასაშვილი","ლევან პატარაია, ნოდარ ნამგალაძე",,,,დავით ქაცარავა,რობერტ სტურუა,http://geocinema.ge/ka/movies/3006,http://geocinema.ge/uploads/nophoto.png,ok
3271,მიხეილ ხერგიანი,1972,,კომპანია ”ქართული ტელეფილმი”,34,,თენგიზ ნოზაძე,თენგიზ ნოზაძე,"ბორის კრეპსი, თენგიზ ლომიძე, გივი ქანთარია, იური ბარამიძე",,,მიხეილ დარჩიევი,ციური კობერიძე,,http://geocinema.ge/ka/movies/3271,http://geocinema.ge/uploads/nophoto.png,ok
199,აღმაფრენა,1964,კინონოველა,"სს ""ქართული ფილმი""",17,,ნანა მჭედლიძე,ანზორ სალუქვაძე,გია ჭუბაბრია,დინარა ნოდია,ნოდარ მამისაშვილი,ნ. ბორონინი,,"ზაქარია (შაქრო) ჯორჯაძე, თენგიზ არჩვაძე, ნელი კილოსანიძე, ირაკლი ქოქრაშვილი",http://geocinema.ge/ka/movies/199,http://geocinema.ge/uploads/nophoto.png,ok
7020,როგორ გაჩნდა ბუ,2009,,მი-ფა-სი ფილმი,4,,ვასილ სახვაძე,ვასილ სახვაძე,,ვასილ სახვაძე,,თორნიკე გველესიანი,"თეა ქებაძე, ნიკოლოზ გელაშვილი, გელა ბერიანიძე",,http://geocinema.ge/ka/movies/7020,http://geocinema.ge/uploads/old/poster/p7020.jpg,ok
3154,ქართველები ნიდერლანდებში,1976,დოკუმენტური,საქართველოს სამეცნიერო–პოპულარული და დოკუმენტური ფილმების სტუდია,40,,გია ჭუბაბრია,რევაზ (რეზო) თაბუკაშვილი,"გია ჭუბაბრია, ნოდარ ფალიაშვილი",,იაკობ ბობოხიძე,,,,http://geocinema.ge/ka/movies/3154,http://geocinema.ge/uploads/nophoto.png,ok
036,მაქსიმ მაქსიმიჩი,1927,მუნჯი,"სს ""სახკინმრეწვი""",65,14.06.1927,ვლადიმერ ბარსკი,ვლადიმერ ბარსკი,ფერდინანდ გეგელე,პოლიკარპე კაზაკევიჩი,,,,"ნიკოლოზ პროზოროვსკი, ბელა ბელეცკაია, ვლადიმერ ობოლენსკი, ტატიანა ვიშნევსკაია, მიხეილ მერაბიშვილი, ვლადიმერ ჭიაურელი, ტ. გორინა, ა. სალტიკოვა, ნ. პაჩუევი, იოსებ თარხნიშვილი, შალვა ხუსკივაძე, ზაალ ტერიშვილი, ალექსანდრე თაყაიშვილი",http://geocinema.ge/ka/movies/036,http://geocinema.ge/uploads/ზომაშეცვლილი/მაქსიმ მაქსიმიჩი.jpg,ok
999,ნადირობა,1983,,"სს ""ქართული ფილმი""",20,,აკაკი შანშიაშვილი,"აკაკი შანშიაშვილი, გიორგი არგანაშვილი",კახა ჭელიძე,დავით საჯაია,,გურამ შუბლაძე,აკაკი შანშიაშვილი,ივანე ნათელაშვილი,http://geocinema.ge/ka/movies/999,http://geocinema.ge/uploads/nophoto.png,ok
021,შირვანსკაიას დანაშაული,1926,მუნჯი / სათავგადასავლო,"სს ""სახკინმრეწვი""",65,29.09.1926,ივანე პერესტიანი,,ალექსანდრე დიღმელოვი,"სემიონ გუბინ-გუნი, ფიოდორი პუში",,,ლევ პუში,"მარია შირაი, პავლე ესიკოვსკი, სოფია ჟოზეფი, კადორ ბენ-საიბ, ალექსანდრე შირაი, მარიუს იაკობინი, სვეტლანა ლიუქსი, ნ. ლასმოზი, რუსუდან ჯაფარიძე, თამარ ბაქრაძე, რ. ჯაიანი, ნ. ვენდელინი",http://geocinema.ge/ka/movies/021,http://geocinema.ge/uploads/ფოტო GNFC/3_5235_SHIRVANSKAIAS DANASHAULI.jpg,ok
7018,რატომ აქვს კუს დაბზარული ბაკანი?,2009,,მი-ფა-სი ფილმი,5,,მალხაზ კუხიანიძე,მალხაზ კუხიანიძე,,არჩილ კუხიანიძე,,თორნიკე გველესიანი,ნიკოლოზ გელაშვილი,,http://geocinema.ge/ka/movies/7018,http://geocinema.ge/uploads/old/poster/p7018.jpg,ok
3055,"თუ დაგივიწყო, იერუშალაიმ!",2006,,"კომპანია ""ახალი  სტუდია""",40,,მერაბ კოკოჩაშვილი,,დავით გუჯაბიძე,,იოსებ (სოსო) ბარდანაშვილი,,,,http://geocinema.ge/ka/movies/3055,http://geocinema.ge/uploads/nophoto.png,ok
7061,ლურჯი მელია,1971,,"სს ""ქართული ფილმი""",10,,გაბრიელ ლავრელაშვილი,ნათია ამირეჯიბი,ლუბა კვალიაშვილი,დ. ზარაფიშვილი,ოთარ თევდორაძე,დავით ლომიძე,გივი სვანიძე,,http://geocinema.ge/ka/movies/7061,http://geocinema.ge/uploads/old/poster/p7061.jpg,ok
765,უსინათლო,1930,დრამა,"სს ""სახკინმრეწვი""",60,,მიხეილ კალატოზიშვილი,სერგეი ტრეტიაკოვი,ფერდინანდ გეგელე,დავით კაკაბაძე,,,,"ალექსანდრე ჯალიაშვილი, არკადი ხინთიბიძე, სიკო ფალავანდიშვილი, ელენე სენიჩევა-ესაკია",http://geocinema.ge/ka/movies/765,http://geocinema.ge/uploads/nophoto.png,ok
1045,შანტრაპა,2010,დრამა,PIERRE GRISE PRODUCTIONS,122,,ოთარ იოსელიანი,ოთარ იოსელიანი,"ლაიონელ კუზინი, ჟული გრუნებაუმი",,ჯარჯი ბალანჩივაძე,,"ემანუელე ლეჯენდრე, ოთარ იოსელიანი","ფანი გონინი, თამუნა ქარუმიძე, დათო ტარიელაშვილი, გივი სარჩიმელიძე, პიერ ეტაქსი, ბულე ოგიე, ბოგდან სტუპკა, ლაშა შევარდნაძე, ნიკა ენდელაძე, ნიკა ბუტიკაშვილი, გელა  ქათამაძე, ანა  ტარიელაშვილი, აჩიკო  იმერლიშვილი, ნინო ჩხეიძე, ამირან ამირანაშვილი, გიორგი (გოგი) ხარაბაძე, ვლადიმერ (ლადო) მექვაბიშვილი, ქეთა შათირიშვილი, გიორგი ყიფშიძე",http://geocinema.ge/ka/movies/1045,http://geocinema.ge/uploads/1.jpg,ok
721,პატარა მეგობრები,1977,,კომპანია ”ქართული ტელეფილმი”,10,,მარინე ხონელიძე,მარინე ხონელიძე,ოლეგ ბაშნინი,იური გეგეშიძე,,შოველ ჩიტიძე,,"ვასილ ჩხაიძე, ოლია ჯანიაშვილი, ნათია კორკოტაშვილი, კახა მესტვირიშვილი",http://geocinema.ge/ka/movies/721,http://geocinema.ge/uploads/nophoto.png,ok
741,ანარეკლი,1997,,კომპანია ”ქართული ტელეფილმი”,10,,მიხეილ ბასინოვი,მიხეილ ბასინოვი,ნოდარ ნამგალაძე,შოთა გოგოლაშვილი,,,,"ივანე საყვარელიძე, დიმიტრი ჯაიანი",http://geocinema.ge/ka/movies/741,http://geocinema.ge/uploads/nophoto.png,ok
659,მინდვრის ყვავილი,1974,,კომპანია ”ქართული ტელეფილმი”,26,,კარლო ღლონტი,"გივი დვალიშვილი, კარლო ღლონტი",რევაზ კეზელი,მალხაზ კუხაშვილი,,ლევან ქიშმიშევი,ვერა შიშმაკოვა–ნიკოლაძე,"რუსუდან კიკნაძე, გივი ჭიჭინაძე, აბესალომ ლორია, ვახტანგ ჯაფარიძე",http://geocinema.ge/ka/movies/659,http://geocinema.ge/uploads/nophoto.png,ok
3347,უკვდავი სული,1987,დოკუმენტური,საქართველოს სამეცნიერო–პოპულარული და დოკუმენტური ფილმების სტუდია,51,,"შერგილ შონია, ზურაბ შანიძე","ბორის კანდელაკი, შერგილ შონია","ელდარ ვაწაძე, თეიმურაზ ჭოხონელიძე","ალექსანდრე სლოვინსკი, ოლეგ ქოჩაკიძე, იური ჩიკვაიძე",ვახტანგ კუხიანიძე,გიორგი ლომიძე,,"ლევან უჩანეიშვილი, ერეკლე კუხიანიძე",http://geocinema.ge/ka/movies/3347,http://geocinema.ge/uploads/nophoto.png,ok
977,"როდესაც ჩაგიქროლებს, რაც ვერ ჩაგივლის",1988,,"შემოქმედებითი გაერთიანება ""დებიუტი""",180,,კახა მელითაური,კახა მელითაური,იგორ ამასიისკი,"მამუკა ცეცხლაძე, ოლეგ ტიმჩენკო",,თამაზ მჭედლიძე,,"შოთა ქრისტესაშვილი, ქართლოს მარადიშვილი, თამაზ მელითაური, ლეო (ლევან) ფილფანი, თამარ სხირტლაძე, მურმან ჯინორია, ანზორ ურდია, ვაჟა ქოქრაშვილი",http://geocinema.ge/ka/movies/977,http://geocinema.ge/uploads/nophoto.png,ok
041,ნორჩი მფრინავი,1928,მუნჯი / საბავშვო,"სს ""სახკინმრეწვი""",31,02.03.1929,ნიკოლოზ კახიძე,ივანე საბუროვი,ვლადიმერ პოზნანი,ვალერიან სიდამონ–ერისთავი,,,"გ. ნამორაძე, ნ. იუდინი","გოგი რატიანი, კ. მაჭავარიანი, ლ. არეშიძე, ა. ჩიჩუა, ალექსანდრე (სანდრო) დადეშქელიანი",http://geocinema.ge/ka/movies/041,http://geocinema.ge/uploads/nophoto.png,ok
898,მონეტა,2005,,ეროვნული კინოცენტრი,13,,ირაკლი შავლიაშვილი,"გივი (ბესო) ოდიშარია, ირაკლი შავლიაშვილი",გიორგი გერსამია,ნუგზარ ტარიელაშვილი,თეიმურაზ ბაკურაძე,მადონა თევზაძე,ბექა გერსამია,"ნიკოლოზ (ნიკა) თავაძე, ეკა ქუთათელაძე",http://geocinema.ge/ka/movies/898,http://geocinema.ge/uploads/nophoto.png,ok
754,ნაბიჯი ცისკენ,1978,,,20,,ზაქარია (შაქრო) ჯორჯაძე,ზაქარია (შაქრო) ჯორჯაძე,ვიქტორ ანდრიევსკი,იური კვაჭაძე,,,,"მერაბ შავდია, დათო ბეჟაშვილი, გივი სარჩიმელიძე, დავით ნაცვლიშვილი, ხათუნა კერესელიძე, მაკა ლაფერაძე, ნიკო ქურდიანი, რამაზ ერისთავი, ირაკლი (I) შენგელია, გელა ბეჟაშვილი, ალიკო ლორთქიფანიძე, მანანა ჭირაქაძე",http://geocinema.ge/ka/movies/754,http://geocinema.ge/uploads/nophoto.png,ok
069,დამკვრელი,1931,მუნჯი / დრამა,"სს ""სახკინმრეწვი""",63,,მიხეილ გელოვანი,გიორგი მდივანი,ფერდინანდ გეგელე,მიხეილ გოცირიძე,,,,"სიკო ფალავანდიშვილი, ე. მარტინიანი, არკადი ხინთიბიძე, გ. ბერძენიშვილი",http://geocinema.ge/ka/movies/069,http://geocinema.ge/uploads/nophoto.png,ok
3297,სინას მთა,1990,,კომპანია ”ქართული ტელეფილმი”,45,,კარლო ღლონტი,"კარლო ღლონტი, ავთანდილ მიქაბერიძე",ილია ვაჩნაძე,,თეიმურაზ ბაკურაძე,მერაბ გვანცელაძე,ვერა შიშმაკოვა–ნიკოლაძე,,http://geocinema.ge/ka/movies/3297,http://geocinema.ge/uploads/nophoto.png,ok
556,კერპი,1992,,კომპანია ”ქართული ტელეფილმი”,46,,თეიმურაზ ბუტიკაშვილი,გრიგოლ ხოსროშვილი,თეიმურაზ ბეთანელი,გიორგი გელაშვილი,,შოველ ჩიტიძე,,"ლეო (ლევან) ფილფანი, სულიკო კაციაშვილი, შოთა ჩოთალიშვილი, მარინე ჯინჭველაძე, გელა ბერიაშვილი, ავთანდილ გულიაშვილი",http://geocinema.ge/ka/movies/556,http://geocinema.ge/uploads/nophoto.png,ok
015,შუქურას საიდუმლოება,1925,მუნჯი / დრამა,"სს ""სახკინმრეწვი""",70,03.11.1925,ვლადიმერ ბარსკი,ვლადიმერ ბარსკი,ანტონ პოლიკევიჩი,პოლიკარპე კაზაკევიჩი,ვიქტორ ორანსკი,,,"აკაკი ხორავა, კლეოპატრა ჯაში, ზაალ ტერიშვილი, მარია ტენაზი, ნიკოლოზ სანიშვილი, ალექსანდრე შაფი, შალვა ხუსკივაძე, იან ბურინსკი, ზ. ნევინსკაია, მარია არნაზი, ალექსანდრე თაყაიშვილი",http://geocinema.ge/ka/movies/015,http://geocinema.ge/uploads/nophoto.png,ok
464,ბილიკი,1987,,"სს ""ქართული ფილმი""",26,,მამუკა მინდიაშვილი,მამუკა მინდიაშვილი,ნუგზარ ნოზაძე,ლევან გვეტაძე,გიორგი ცინცაძე,გია ჯავახიშვილი,,"კახა თავართქილაძე, რევაზ თავართქილაძე, დოდო ჭიჭინაძე, ხათუნა აბაშიძე, ბაია (ბარბარე) დვალიშვილი",http://geocinema.ge/ka/movies/464,http://geocinema.ge/uploads/nophoto.png,ok
738,მხოლოდ 17 კილომეტრი,1964,,კომპანია ”ქართული ტელეფილმი”,20,,კონსტანტინე (კოტე) კერესელიძე,კონსტანტინე (კოტე) კერესელიძე,თენგიზ ლომიძე,ფარნაოზ კიკნაძე,,მიხეილ დარჩიევი,ლუდმილა (ლუსია) უნანიანი,"ივანე გვინჩიძე, ლია ელიავა, თენგიზ არჩვაძე, გია მუხარაძე, თენგიზ მაისურაძე",http://geocinema.ge/ka/movies/738,http://geocinema.ge/uploads/nophoto.png,ok
950,მოძრავი ფოტოები,2006,,,40,,დავით (დათო)  ჯანელიძე,,,,გიორგი ცინცაძე,,,,http://geocinema.ge/ka/movies/950,http://geocinema.ge/uploads/nophoto.png,ok
3010,ბზარი,1996,,კომპანია ”ქართული ტელეფილმი”,22,,მიხეილ (უმც) ჭიაურელი,მიხეილ (უმც) ჭიაურელი,"ვასილ (ნოდარ) გიგინეიშვილი, გ. ზაქარაია",,,რუსუდან არაბიძე,,,http://geocinema.ge/ka/movies/3010,http://geocinema.ge/uploads/nophoto.png,ok
059,შეხვედრა,1930,მუნჯი / დრამა,"სს ""სახკინმრეწვი""",65,,გარსევან გომართელი,სამსონ სულაკაური,ვლადიმერ პოზნანი,ვალერიან სიდამონ–ერისთავი,,,ვასილ დოლენკო,"ტატიანა მახმუროვა, დიმიტრი ყიფიანი, ა. ალუღიშვილი, აგარზა ყულიევი, ელისაბედ ჩერქეზიშვილი, ო. მიხაილოვა, თამარ თვალავაძე",http://geocinema.ge/ka/movies/059,http://geocinema.ge/uploads/Shekhvedra.jpg,ok
737,არღანი,1967,,კომპანია ”ქართული ტელეფილმი”,18,,გიორგი კალატოზიშვილი,გია ბადრიძე,"იური კიკაბიძე, გიორგი კალატოზიშვილი",თენგიზ (ჩუბჩიკა) მირზაშვილი,ნუნუ დუღაშვილი,,"ნელი სარადოვა, მანანა ყარალაშვილი","ლუკა წულაძე, ილია ბაკაკური",http://geocinema.ge/ka/movies/737,http://geocinema.ge/uploads/nophoto.png,ok
3286,4 ვიდეონოველა,1992,,კომპანია ”ქართული ტელეფილმი”,44,,გიორგი ებრალიძე,გიორგი ებრალიძე,ვლადიმერ ერმაკოვი,გია ლომსაძე,,,,"ქიშვარდ გლუნჩაძე, დადა დადიანი, ირაკლი ჩარკვიანი, სერგი გვარჯალაძე, არჩილ ნოზაძე, ბიჭიკო ოსიპოვი, ალეკო გეგეშიძე, მიხეილ (მიშა) კაჭკაჭიშვილი, ოთარ ყუფუნია, გიორგი ერმაკოვი",http://geocinema.ge/ka/movies/3286,http://geocinema.ge/uploads/nophoto.png,ok
3097,ქართული ზარები,2002,,ტელეკომპანია ”IX არხი”,9,,ვლადიმერ (ლადო) სულაქველიძე,ვლადიმერ (ლადო) სულაქველიძე,ივერი ბერიტაშვილი,,,თეიმურაზ კუხიანიძე,ზურაბ ლაშხი,,http://geocinema.ge/ka/movies/3097,http://geocinema.ge/uploads/nophoto.png,ok
465,სალომე,1987,,"სს ""ქართული ფილმი""",40,,ირაკლი შავლიაშვილი,ირაკლი შავლიაშვილი,ოლეგ ბაშნინი,გიორგი (გოგი) მიქელაძე,გიორგი ცინცაძე,მადონა თევზაძე,,"ირინე ჟორდანია, რეზო ესაძე",http://geocinema.ge/ka/movies/465,http://geocinema.ge/uploads/nophoto.png,ok
068,ზვავთა მხარეში,1931,მუნჯი / დრამა,"სს ""სახკინმრეწვი""",70,06.01.1932,სიკო დოლიძე,სიკო დოლიძე,"ი. ავდეევი, ვლადიმერ პოზნანი",სერაფიონ ვაწაძე,,,,"გიორგი ბეზირგანიშვილი, ა. მაისურაძე, ოლღა კეჟერაძე, ზაალ ტერიშვილი, ილია მამფორია, ფილიმონ ყაჭეიშვილი, ვლადიმერ (ვალერიან) ჭიჭინაძე",http://geocinema.ge/ka/movies/068,http://geocinema.ge/uploads/nophoto.png,ok
191,სალამური,1964,,"სს ""ქართული ფილმი""",38,,ოთარ აბესაძე,"ანზორ სალუქვაძე, ოთარ აბესაძე",ალექსანდრე დუბინსკი,"დიმიტრი ერისთავი, ბუდუ სირბილაძე",ნუგზარ ვაწაძე,"რაფიელ კეზელი, თენგიზ ნანობაშვილი",,"ქ. ობგაიძე, ვასილ ლაფერაშვილი, რ. გორგაძე, ჯ. კასრაძე, ალექსანდრე (სესიკა) კუპრაშვილი",http://geocinema.ge/ka/movies/191,http://geocinema.ge/uploads/nophoto.png,ok
3037,სოფიკო,2008,,სოფიკო ჭიაურელის სახელობის ფონდი,20,,"ნიკოლოზ (ნიკუშა) შენგელაია, მიხეილ (უმც) ჭიაურელი, ანდრო ჭიაურელი","ნიკოლოზ (ნიკუშა) შენგელაია, მიხეილ (უმც) ჭიაურელი, ანდრო ჭიაურელი",ლერი მიხანაშვილი,,,,,,http://geocinema.ge/ka/movies/3037,http://geocinema.ge/uploads/old/poster/p3037.jpg,ok
3250,საჯვარეობა,1994,,კომპანია ”ქართული ტელეფილმი”,,,"ირაკლი მახარაძე, ლერი სიხარულიძე","ლერი სიხარულიძე, ლევან ფრუიძე","ტრისტან კანდელაკი, რამაზ ბატატუნაშვილი, ალექსანდრე ზენაიშვილი",,,მიხეილ დარჩიევი,ინგა ძნელაძე,,http://geocinema.ge/ka/movies/3250,http://geocinema.ge/uploads/nophoto.png,ok
883,კლასობანა,2003,,ეროვნული კინოცენტრი,13,,თამარ შავგულიძე,ნესტან (ნენე) კვინიკაძე,გიკა ჭელიძე,სალომე სხირტლაძე,გიორგი ცინცაძე,ირაკლი ივანიშვილი,,"ნესტან (ნენე) კვინიკაძე, ჯაბა ბალიაშვილი",http://geocinema.ge/ka/movies/883,http://geocinema.ge/uploads/nophoto.png,ok
7047,ბალადა მომღერალზე,1987,,"სს ""ქართული ფილმი""",18,,მერაბ სარალიძე,გურამ დოჩანაშვილი,ვიოლეტა ქაროსანიძე,"ოლეგ ქოჩაკიძე, ალექსანდრე სლოვინსკი, იური ჩიკვაიძე",ალექსანდრე ბასილაია,მადონა თევზაძე,მარიამ კობახიძე,"ლამზირა ჩხეიძე, ირაკლი უჩანეიშვილი, რუსლან მიქაბერიძე",http://geocinema.ge/ka/movies/7047,http://geocinema.ge/uploads/nophoto.png,ok
3207,საქართველოს სანაოსნო – ცისფერი გზებით,1995,,კომპანია ”ქართული ტელეფილმი”,30,,"პაატა ტაბაღუა, მერაბ ჩაგუნავა","პაატა ტაბაღუა, მერაბ ჩაგუნავა",რაჟდენ ნასრაშვილი,,,,ინგა ძნელაძე,,http://geocinema.ge/ka/movies/3207,http://geocinema.ge/uploads/nophoto.png,ok
062,ბანაკი მთაში,1930,მუნჯი / საბავშვო,"სს ""სახკინმრეწვი""",73,,ალექსანდრე თაყაიშვილი,აკაკი ბელიაშვილი,ფერდინანდ გეგელე,მიხეილ გოცირიძე,,,,"ი. კუხალეიშვილი, ვ. გამრეკელი, ი. დემეტრაშვილი, მ. ჩიქოვანი, ო. ერშოვა, დ. დიდებულიძე",http://geocinema.ge/ka/movies/062,http://geocinema.ge/uploads/nophoto.png,ok
604,მწირი,1976,კინობალეტი,კომპანია ”ქართული ტელეფილმი”,26,,ზაალ კაკაბაძე,მიხეილ ლავროვსკი,"პავლე შნაიდერი, გივი მელქაძე",თეიმურაზ მურვანიძე,დავით თორაძე,ლევან ქიშმიშევი,ციური კობერიძე,"მიხეილ ლავროვსკი, ალა ხანიაშვილი",http://geocinema.ge/ka/movies/604,http://geocinema.ge/uploads/nophoto.png,ok
7006,როგორ ააშენეს სახლი,1965,ნახატი,"სს ""ქართული ფილმი""",,,შალვა გედევანიშვილი,ნოდარ დუმბაძე,სარა სპარსიაშვილი,"ლადო გუდიაშვილი, იოსებ სამსონაძე",მარიამ (მერი) დავითაშვილი,ვლადიმერ დოლიძე,,,http://geocinema.ge/ka/movies/7006,http://geocinema.ge/uploads/nophoto.png,ok
095,სადარაჯო ჯიხური,1941,კინონოველა,თბილისის კინოსტუდია,22,,"დიომიდე ანთაძე, ალექსანდრე ჯალიაშვილი","კონსტანტინე ლორთქიფანიძე, ილო მოსაშვილი",დავით კანდელაკი,შალვა მამალაძე,შალვა მშველიძე,,,"გალინა კრავჩენკო, ნიკოლოზ გორლოვი, ი. შაპოვალენკო, ვასილ ბალანჩივაძე",http://geocinema.ge/ka/movies/095,http://geocinema.ge/uploads/nophoto.png,ok
3247,საქართველოს მატიანე,1986,,,60,,"ჯუმბერ ებრალიძე, პაატა ტაბაღუა",ივლიტა მესხიშვილი,"ალბერტ (ალეკო) ბაქრაძე, რევაზ ოდიშელიძე, ილია ვაჩნაძე",,,,,,http://geocinema.ge/ka/movies/3247,http://geocinema.ge/uploads/nophoto.png,ok
592,მანდალა,1994,,"სტუდია ""სამება""",23,,"ვახტანგ ბერიკაშვილი, მარინე კულუმბეგაშვილი","ვახტანგ ბერიკაშვილი, მარინე კულუმბეგაშვილი",ალექსანდრე ძაგანია,ვახტანგ ბერიკაშვილი,ვახტანგ ბერიკაშვილი,ზურაბ ნადარაია,მ. ბახტაძე,დავით გოგიბედაშვილი,http://geocinema.ge/ka/movies/592,http://geocinema.ge/uploads/nophoto.png,ok
3110,დიმიტრი შევარდნაძე,2000,,კომპანია ”ქართული ტელეფილმი”,20,,ირაკლი მახარაძე,"მანანა შევარდნაძე, ირაკლი მახარაძე",ალექსანდრე ზენაიშვილი,შადიმან ჭავჭავაძე,,რუსუდან არაბიძე,ირაკლი მახარაძე,,http://geocinema.ge/ka/movies/3110,http://geocinema.ge/uploads/nophoto.png,ok
3169,ვაჩუქოთ ერთმანეთს ტიტები,1989,,კომპანია ”ქართული ტელეფილმი”,,,ირაკლი ონოფრიშვილი,ირაკლი ონოფრიშვილი,ირაკლი ონოფრიშვილი,,,,,,http://geocinema.ge/ka/movies/3169,http://geocinema.ge/uploads/nophoto.png,ok
3127,ვაჟკაცს კარგ უნდა ჰყვანდის ცხენიო,2006,,სტუდია ”ნაზუქები”,28,,ირაკლი მახარაძე,ირაკლი მახარაძე,"რამაზ ბატატუნაშვილი, ილია ვაჩნაძე, ზურა ჯავარაშვილი",,,,კოკა კაპანაძე,,http://geocinema.ge/ka/movies/3127,http://geocinema.ge/uploads/nophoto.png,ok
7058,ერთხელ ტყეში,1991,,"სს ""ქართული ფილმი""",7,,ზაურ შენგელია,ზურაბ მამულაშვილი,ცირა კენჭიაშვილი,,ბორის შხიანი,ანგი ხმალაძე,მარიამ კობახიძე,"მანანა თოდაძე, მამუკა კიკალეიშვილი",http://geocinema.ge/ka/movies/7058,http://geocinema.ge/uploads/nophoto.png,ok
3387,კატასტროფა,1989,,კომპანია ”ქართული ტელეფილმი”,19,,"ნიკოლოზ (ნიკა) კვიჟინაძე, გიორგი ლევაშოვ-თუმანიშვილი","ნიკოლოზ (ნიკა) კვიჟინაძე, გიორგი ლევაშოვ-თუმანიშვილი",ლევან პაატაშვილი,"გიორგი (გოგი) მიქელაძე, მედეა ბაქრაძე",,ლევან ქიშმიშევი,მადონა ლომიძე,,http://geocinema.ge/ka/movies/3387,http://geocinema.ge/uploads/nophoto.png,ok
7005,გმირი,1963,ნახატი,"სს ""ქართული ფილმი""",,,შალვა გედევანიშვილი,შალვა გედევანიშვილი,ლუბა კვალიაშვილი,მამია მალაზონია,მარიამ (მერი) დავითაშვილი,მიხეილ ნიჟარაძე,,,http://geocinema.ge/ka/movies/7005,http://geocinema.ge/uploads/nophoto.png,ok
110,ქორწინება,1944,კომედია,თბილისის კინოსტუდია,63,14.02.1942,ისიდორე ანენსკი,ისიდორე ანენსკი,იური ეკელჩიკი,სიმონ მანდელი,ვალერი ჟელობინსკი,ვლადიმერ კოტოვი,მ. უსოლცევა,"ალექსეი გრიბოვი, ფაინა რანევსკაია, ზოია ფიოდოროვა, ერასტი გარინი, ნიკოლოზ კონოვალოვი, მიხეილ იანშინი, სერგეი მარტინსონი, ვერა მარეცკაია, ოსიპ აბდულოვი, ნიკოლოზ პლოტნიკოვი, სერგეი ბლინიკოვი, ვლადიმერ ვლადისლავსკი, ლევ სვერდლინი",http://geocinema.ge/ka/movies/110,http://geocinema.ge/uploads/old/poster/p110.jpg,ok
064,განწირულნი,1930,მუნჯი / დრამა,"სს ""სახკინმრეწვი""",67,05.05.1930,ლევ პუში,"ლევ პუში, ალექსანდრე გიდონი",ვლადიმერ კერესელიძე,ლადო გუდიაშვილი,,,,"ნიკოლაი კოლომენსკი, გალინა ეგოროვა-დოლენკო, ა. მარტინოვი, შალვა ხუსკივაძე, ი. მაროტი, ნ. ბონდარენკო",http://geocinema.ge/ka/movies/064,http://geocinema.ge/uploads/Ganwirulni.jpg,ok
648,პრომეთეოსი,1984,ფილმი-ბალეტი,კომპანია ”ქართული ტელეფილმი”,26,,ზაალ კაკაბაძე,მიხეილ ლავროვსკი,პავლე შნაიდერი,გიორგი გუნია,ალექსანდრე სკრიაბინი,ლევან ქიშმიშევი,ციური კობერიძე,"მიხეილ ლავროვსკი, ირინე ჯანდიერი",http://geocinema.ge/ka/movies/648,http://geocinema.ge/uploads/nophoto.png,ok
594,კედელი მზერის არეში,1994,,"სს ""ქართული ფილმი""",110,,მარინე ხონელიძე,მარინე ხონელიძე,ელდარ ვაწაძე,ვასილ არაბიძე,,თამარ ბურდული,მარგალიტა მარგველაშვილი,"ზაზა (ბაჩო) ჩხეიძე, მარინა ჩიკვაიძე, დოდო ქარდიკაშვილი",http://geocinema.ge/ka/movies/594,http://geocinema.ge/uploads/nophoto.png,ok
706,სამი ღამე,1964,,კომპანია ”ქართული ტელეფილმი”,,,მარლენ სოსელია,მარლენ სოსელია,მარლენ სოსელია,,,,ალექსანდრა შულცი,"ლეო ანთაძე, გივი სიხარულიძე",http://geocinema.ge/ka/movies/706,http://geocinema.ge/uploads/nophoto.png,ok
3126,საქართველო ჩემს გულში,2004,,,90,,ზაქარია (ზაზა) კოლელიშვილი,ნათია გოგოჭური,"რამაზ ბატატუნაშვილი, ლევან პატარაია, ნუგზარ ნოზაძე",,,,ლალი კოლხიდაშვილი,,http://geocinema.ge/ka/movies/3126,http://geocinema.ge/uploads/nophoto.png,ok
686,THE FLASH ART,1994,,კომპანია ”ქართული ტელეფილმი”,50,,ალექსანდრე (სანდრო) ვახტანგოვი,ალექსანდრე (სანდრო) ვახტანგოვი,არჩილ სალარიძე,,,რუსუდან არაბიძე,,ზურაბ ყიფშიძე,http://geocinema.ge/ka/movies/686,http://geocinema.ge/uploads/nophoto.png,ok
862,მეზობლები,2001,,,3,,"რუსუდან პირველი, ვანო თვაური","რუსუდან პირველი, ვანო თვაური","რუსუდან პირველი, ვანო თვაური","რუსუდან პირველი, ვანო თვაური",,მადონა თევზაძე,,"გია გოგიშვილი, სანდრო ბერიაშვილი, ლევან ჯანელიძე",http://geocinema.ge/ka/movies/862,http://geocinema.ge/uploads/nophoto.png,ok
3031,მას საქართველო ჰქვია,2008,,,48,,ლევან ანჯაფარიძე,ლევან ანჯაფარიძე,დავით ჩიხლაძე,,,გელა იმნაძე,ვასილ გაბუნია,,http://geocinema.ge/ka/movies/3031,http://geocinema.ge/uploads/nophoto.png,ok
7016,წყლის პირველი შროშანი,2009,,მი-ფა-სი ფილმი,4,,ამირან ისიანი,ამირან ისიანი,,ამირან ისიანი,ბორის შხიანი,თორნიკე გველესიანი,ნიკოლოზ გელაშვილი,,http://geocinema.ge/ka/movies/7016,http://geocinema.ge/uploads/old/poster/p7016.jpg,ok
3349,ფურცლები ფრანგული დღიურიდან,1983,დოკუმენტური,საქართველოს სამეცნიერო–პოპულარული და დოკუმენტური ფილმების სტუდია,56,,რევაზ (რეზო) თაბუკაშვილი,რევაზ (რეზო) თაბუკაშვილი,"იური ბარამიძე, გენადი (გენო) რეხვიაშვილი",თენგიზ (ჩუბჩიკა) მირზაშვილი,თეიმურაზ ბაკურაძე,ვასილ არველაძე,კოზეტა კოტრიკაძე,,http://geocinema.ge/ka/movies/3349,http://geocinema.ge/uploads/nophoto.png,ok
552,შემთხვევა გზაზე,1963,,კომპანია ”ქართული ტელეფილმი”,30,,თეიმურაზ მიქაძე,"თეიმურაზ მიქაძე, შადიმან ჭავჭავაძე",იგორ ამასიისკი,,,,,"ზურაბ (კუკური) ლაფერაძე, ნოდარ (ბიჭიკო) ჩხეიძე",http://geocinema.ge/ka/movies/552,http://geocinema.ge/uploads/nophoto.png,ok
3262,ჩვენ პირველი ევროპელები ვართ (ანუ ამბავი ზეზვასი და მზიასი),2001,,კომპანია ”ქართული ტელეფილმი”,44,,ჯუმბერ ებრალიძე,მიხეილ ბასინოვი,ირაკლი ონოფრიშვილი,,,,გიორგი ბაბალაშვილი,,http://geocinema.ge/ka/movies/3262,http://geocinema.ge/uploads/nophoto.png,ok
899,პროლოგი გრძელი პიესისათვის,2003,,ტელეკომპანია ”იმედი”,17,,ქეთევან გუჯაბიძე,ქეთევან გუჯაბიძე,დავით შუშანია,სოფო ჩერქეზიშვილი,გოგი ძოძუაშვილი,დავით გვასალია,გიორგი წირქვაძე,"ია სუხიტაშვილი, ლუკა ზაუტაშვილი, თეიმურაზ (თემიკო) ჭიჭინაძე",http://geocinema.ge/ka/movies/899,http://geocinema.ge/uploads/nophoto.png,ok
792,ასლანი და ელზა,1992,დრამა,თეატრისა და კინოს უნივერსიტეტი,10,,გია (გიო) ცინცაძე,გია (გიო) ცინცაძე,"სულიკო მელაშვილი, ალექსანდრე (საშა) სვეტლოვი",,,გიორგი (გია) აბაშიძე,,"მანანა ხადური, ბესარიონ (ბესო) სოლომანაშვილი, გიორგი გაჩეჩილაძე",http://geocinema.ge/ka/movies/792,http://geocinema.ge/uploads/nophoto.png,ok
466,ორშაბათი,1987,,"სს ""ქართული ფილმი""",15,,ნარგიზა გარდაფხაძე,მიხეილ კობახიძე,გიორგი (გოგა) ხაინდრავა,თამარ ფოცხიშვილი,ენრი ლოლაშვილი,მადონა თევზაძე,,"ნუგზარ (ნუკრი) მაღალაშვილი, მედეა ნემსიწვერიძე",http://geocinema.ge/ka/movies/466,http://geocinema.ge/uploads/nophoto.png,ok
635,გია და ზურა,1965,,კომპანია ”ქართული ტელეფილმი”,18,,დიმიტრი ბათიაშვილი,დიმიტრი ბათიაშვილი,თეიმურაზ (თემო) დოლიძე,გიორგი (გიგა) ბათიაშვილი,ზაურ ჭითავა,მიხეილ დარჩიევი,,"გურამ შამანიდი, გიორგი ჯანბერიძე",http://geocinema.ge/ka/movies/635,http://geocinema.ge/uploads/nophoto.png,ok
3204,მღერის გიული ჩოხელი,1980,,კომპანია ”ქართული ტელეფილმი”,65,,ზაალ კაკაბაძე,ზაალ კაკაბაძე,პავლე შნაიდერი,ელენე ფაილოძე,,ლევან ქიშმიშევი,ციური კობერიძე,გიული ჩოხელი,http://geocinema.ge/ka/movies/3204,http://geocinema.ge/uploads/nophoto.png,ok
3386,ქართული ქორწილი,1970,დოკუმენტური,საქართველოს სამეცნიერო–პოპულარული და დოკუმენტური ფილმების სტუდია,15,,შერგილ შონია,"მიხეილ სალუქვაძე, შერგილ შონია",ნოდარ ფალიაშვილი,გიორგი ლევაშოვ-თუმანიშვილი,,გიორგი ლომიძე,,,http://geocinema.ge/ka/movies/3386,http://geocinema.ge/uploads/nophoto.png,ok
389,ირის იბერიკა (ქართული ზამბახი),1982,,"სს ""ქართული ფილმი""",37,,გიორგი (გოგიტა) ჭყონია,გიორგი (გოგიტა) ჭყონია,გურამ ტუღუში,,,,,,http://geocinema.ge/ka/movies/389,http://geocinema.ge/uploads/nophoto.png,ok
3033,ნაცნობი მგზავრის დღიური,2008,,,100,,ბესიკ გაფრინდაშვილი,ბესიკ გაფრინდაშვილი,ბესიკ გაფრინდაშვილი,გიორგი ხუციშვილი,,ლევან მიქელაძე,"სანდრო მაზიაშვილი, ოთარ გელაშვილი, ნაირა დილანიანი",,http://geocinema.ge/ka/movies/3033,http://geocinema.ge/uploads/nophoto.png,ok
580,ბოთე,1995,,"სტუდია ""45/45""",20,,ოთარ ბაღათურია,"ოთარ ბაღათურია, ი. ხაბაზი",ბადრი სიფრაშვილი,,დავით საყვარელიძე,,,"ენვერ ბაღათურია, ინგა ფაღავა, ბერდია ინწკირველი",http://geocinema.ge/ka/movies/580,http://geocinema.ge/uploads/nophoto.png,ok
951,"მშვიდობით, ქალბატონო",2006,,,23,,მიხეილ ქრისტესაშვილი,მიხეილ ქრისტესაშვილი,თამაზ გოგინაშვილი,დავით საჯაია,მამუკა მეგრელიშვილი,,,"მარი (მარინა) ჯანაშია, ქეთევან (ქეთი) ასათიანი, თამარ (თამუნა) გეგეჭკორი",http://geocinema.ge/ka/movies/951,http://geocinema.ge/uploads/nophoto.png,ok
3391,დამოუკიდებლობის 1005 დღე,2009,,ტელეკომპანია ”I არხი”,61,,ლევან ახობაძე,მიხეილ ბასილაძე,კახა ბუხრაშვილი,ნინო კალანდაძე,მამუკა (პეკე) ბეგაშვილი,,ალექსანდრე ერმაკოვი,,http://geocinema.ge/ka/movies/3391,http://geocinema.ge/uploads/nophoto.png,ok
947,ის არის,2006,,ეროვნული კინოცენტრი,11,,დავით აფხაიძე,"ბაო ამაღლობელი, დავით აფხაიძე",მირიან შენგელაია,გურამ ნავროზაშვილი,,,დავით აფხაიძე,"ირაკლი ჯაფარიძე, მურთაზ ჟვანია, ნადია ჩიკვილაძე, თეა გარდაფხაძე, თემურ კალადაძე, ვასო ჭონიშვილი, ავთანდილ ჭონიშვილი, თემურ ბაღაშვილი, მამია კომახიძე, დავით (II) ჩხეიძე, ბიძინა ნიშნიანიძე",http://geocinema.ge/ka/movies/947,http://geocinema.ge/uploads/nophoto.png,ok
971,მაწანწალა,1989,მუსიკალური,კომპანია ”ქართული ტელეფილმი”,,,მიხეილ მრევლიშვილი,მიხეილ მრევლიშვილი,ალექსანდრე ზენაიშვილი,,დადა დადიანი,მერაბ გვანცელაძე,,ირინა ჭიჭინაძე,http://geocinema.ge/ka/movies/971,http://geocinema.ge/uploads/nophoto.png,ok
966,ბინძური ხელები,2003,,"კომპანია ""ახალი  სტუდია""",20,,ლაშა დარდაგანი,ლაშა დარდაგანი,,,,,ნიკოლოზ ადუაშვილი,"ლაშა დარდაგანი, ლევან პაპიაშვილი, მაია გურაბანიძე, ირაკლი დარდაგანი, თამუნა ჯანაშია, დავით მახათაძე, დავით ნიკოლეიშვილი, ნათია გურაბანიძე",http://geocinema.ge/ka/movies/966,http://geocinema.ge/uploads/nophoto.png,ok
3249,გზა,1981,,კომპანია ”ქართული ტელეფილმი”,,,"მერაბ კოკოჩაშვილი, ჯემალ გაბუნია, დიმიტრი გუგუნავა",ბორის ანდრონიკაშვილი,"რამაზ ბატატუნაშვილი, გურამ სარაჯიშვილი, გივი მელქაძე",მალხაზ კუხაშვილი,ნოდარ მამისაშვილი,მიხეილ დარჩიევი,"ლილი დაროვსკაია, ციური კობერიძე, ევგენია ბეჟანოვა, ჯულიეტა წოწონავა",,http://geocinema.ge/ka/movies/3249,http://geocinema.ge/uploads/nophoto.png,ok
3133,კადრს მიღმა,1979,,კომპანია ”ქართული ტელეფილმი”,15,,გიორგი (გია) მატარაძე,გიორგი (გია) მატარაძე,ალექსანდრე გვასალია,,,დიმიტრი გედევანიშვილი,ლილი დაროვსკაია,,http://geocinema.ge/ka/movies/3133,http://geocinema.ge/uploads/nophoto.png,ok
430,ექო,1985,,"სს ""ქართული ფილმი""",,,ზაზა ხალვაში,"ამირან (I) დოლიძე, ზაზა ხალვაში",სოსო შენგელია,ლევან გვეტაძე,,ვილჰელმ გოგიჩაიშვილი,,"ენვერ ჩაიძე, გოგა გველესიანი, ნუნუ ხინიკაძე, კ. კახიძე",http://geocinema.ge/ka/movies/430,http://geocinema.ge/uploads/nophoto.png,ok
3553,საქართველოს კურორტების კვალდაკვალ,1959,დოკუმენტური,საქართველოს სამეცნიერო–პოპულარული და დოკუმენტური ფილმების სტუდია,20,,შალვა ჩაგუნავა,ია მესხი,ლეონ არზუმანოვი,,,ალექსანდრე ძაგანია,,,http://geocinema.ge/ka/movies/3553,http://geocinema.ge/uploads/nophoto.png,ok
144,მზიურ მხარეში,1957,ფილმი-კონცერტი,"სს ""ქართული ფილმი""",38,,ირაკლი კანდელაკი,ა. კოზაკი,ოჰანეს მაგაკიანი,ქრისტესია ლებანიძე,რევაზ ლაღიძე,მიხეილ ათანელოვი,,,http://geocinema.ge/ka/movies/144,http://geocinema.ge/uploads/nophoto.png,ok
3266,გაუმარჯოს ქართულ ფეხბურთს!,1987,დოკუმენტური,საქართველოს სამეცნიერო–პოპულარული და დოკუმენტური ფილმების სტუდია,56,,ალექსანდრე ჟღენტი,"ალექსანდრე ჟღენტი, მზეჭაბუკ (ჭაბუა) ამირეჯიბი",გურიელ (გურამ) როგავა,,ვაჟა აზარაშვილი,გიორგი (გია) აბაშიძე,სალამბო მარგიანი,,http://geocinema.ge/ka/movies/3266,http://geocinema.ge/uploads/nophoto.png,ok
3220,საქართველო არის ესე...,1967,დოკუმენტური,საქართველოს სამეცნიერო–პოპულარული და დოკუმენტური ფილმების სტუდია,60,,"ზაალ კაკაბაძე, გიორგი ასათიანი",მიხეილ სალუქვაძე,"შალვა შიოშვილი, ალექსანდრე სემიონოვი",,გურამ ბზვანელი,მერაბ გვანცელაძე,ლარისა ოტრადინსკაია,,http://geocinema.ge/ka/movies/3220,http://geocinema.ge/uploads/nophoto.png,ok
804,ექვსნახევარი წუთი,2006,,,7,,ნინო ბასილია,ნინო ბასილია,ლუბა კნიაზევა,,,,ნინო ბასილია,"მარია ელ, ალექსანდრე კორპენკო, ნატალია ჟიგარევა",http://geocinema.ge/ka/movies/804,http://geocinema.ge/uploads/nophoto.png,ok
873,საქველმოქმედო წარმოდგენა,2002,,,10,,ოთარ (II) ლითანიშვილი,ოთარ (II) ლითანიშვილი,გიორგი გელაშვილი,ოთარ (III) ლითანიშვილი,მაიკლ ოსალოვანი,ზეზვა ფოჩხიძე,გიორგი (გოგა) მჭედლიშვილი,"ზურაბ გეწაძე, სალომე გეწაძე, ნანა (ნანუკა) ლითანიშვილი, თამარ დაუშვილი, ნინო გელეყვა",http://geocinema.ge/ka/movies/873,http://geocinema.ge/uploads/nophoto.png,ok
768,პირველი დღე,1936,,"სს ""სახკინმრეწვი""",72,,ალექსანდრე თაყაიშვილი,"ა. სამსონია, ალექსანდრე თაყაიშვილი",ბორის პუმპიანსკი,რევაზ მირზაშვილი,,,,"ბელა ჩერნოვა, ალექსანდრე ჯალიაშვილი, ა. კიასაშვილი, ალექსანდრა თოიძე, ო. ცანავა, ნიკოლოზ მიქაშავიძე, ვლადიმერ (ლადო) გვიშიანი",http://geocinema.ge/ka/movies/768,http://geocinema.ge/uploads/NAG_FPA_P_3_5466_G360_NEG_2021_12_10.jpg,ok
3053,რამდენიმე სურათი თეატრის ცხოვრებიდან ანუ ინტერვიუ ჭოლასთან,2005,,,78,,დავით გუჯაბიძე,დავით გუჯაბიძე,დავით გუჯაბიძე,,ვახტანგ კახიძე,დავით გუჯაბიძე,ნიკოლოზ ადუაშვილი,,http://geocinema.ge/ka/movies/3053,http://geocinema.ge/uploads/nophoto.png,ok
589,ხედვის ანბანი,1994,,"სტუდია ""არმაზი""",70,,გიორგი (გოგიტა) ჭყონია,გიორგი (გოგიტა) ჭყონია,ნუგზარ ერქომაიშვილი,ნუგზარ ტარიელაშვილი,"გიორგი ცინცაძე, დავით ევგენიძე",იმერი მანჯგალაძე,,გიორგი (გოგიტა) ჭყონია,http://geocinema.ge/ka/movies/589,http://geocinema.ge/uploads/nophoto.png,ok
3143,სვანეთის საგანძური,1989,,,60,,ნიკოლოზ წულაძე,ნიკოლოზ წულაძე,"არჩილ ფილიპაშვილი, გურამ საძაგლიშვილი",,ვაჟა ადამაშვილი,ედიშერ გიორგაძე,ნანა ჩემია,,http://geocinema.ge/ka/movies/3143,http://geocinema.ge/uploads/nophoto.png,ok
956,ცრემლები ჰაერში,2005,,,9,,ზაზა ტაბატაძე,ზაზა ტაბატაძე,"ირაკლი ბეროშვილი, ბაჩო ჯაველიძე",გელა ჯანგირაშვილი,ალეკო ნაცვლიშვილი,,ანდრო ჩხაიძე,"ირაკლი ფრანგიშვილი, თემურ კალანდაძე, მიხეილ ძნელაძე, ალბერტ ბაგრატიონი, ზაზა ტაბატაძე, ლიზი ჩიტაძე, მასია მესხიშვილი, ნათია როსტიაშვილი",http://geocinema.ge/ka/movies/956,http://geocinema.ge/uploads/nophoto.png,ok
3167,გზა თავისუფლებისკენ ?..,1992,,"კინოსტუდია ""რაკურსი""",22,,გია ჭუბაბრია,ლევან (ბუთური) ცინცაძე,"გურიელ (გურამ) როგავა, გია ჭუბაბრია",,იაკობ ბობოხიძე,ლუდმილა რუხაძე,სალამბო მარგიანი,,http://geocinema.ge/ka/movies/3167,http://geocinema.ge/uploads/nophoto.png,ok
3321,გახსენება – იოსებ ნონეშვილი,1983,დოკუმენტური,საქართველოს სამეცნიერო–პოპულარული და დოკუმენტური ფილმების სტუდია,18,,"ჟუჟუნა ლომიძე, იზოლდა შველიძე",მედეა ნონეშვილი,ტარიელ ელიაშვილი,,,გიორგი (გია) აბაშიძე,,,http://geocinema.ge/ka/movies/3321,http://geocinema.ge/uploads/nophoto.png,ok
725,ევრიკა,1979,,კომპანია ”ქართული ტელეფილმი”,10,,ლევან ერისთავი,ლევან ერისთავი,გივი ყურელი,თეიმურაზ დიასამიძე,,დიმიტრი გედევანიშვილი,,გიორგი (გია) ბარაბაძე,http://geocinema.ge/ka/movies/725,http://geocinema.ge/uploads/nophoto.png,ok
7010,"ანი, ბანი და სხვანი",1989,,"სს ""ქართული ფილმი""",,,ილია დოიაშვილი,"ილია დოიაშვილი, ფაინა (ინა ) ჭელიძე",ვიოლეტა ქაროსანიძე,ფაინა (ინა ) ჭელიძე,ალექსანდრე რაქვიაშვილი,მადონა თევზაძე,,,http://geocinema.ge/ka/movies/7010,http://geocinema.ge/uploads/nophoto.png,ok
3213,კოლხური სუიტა,1970,,კომპანია ”ქართული ტელეფილმი”,50,,ზაალ კაკაბაძე,ზაალ კაკაბაძე,გიორგი ბარნოვი (ბარნაველი),,,მერაბ გვანცელაძე,ციური კობერიძე,,http://geocinema.ge/ka/movies/3213,http://geocinema.ge/uploads/nophoto.png,ok
3168,ათონის ქართველთა სავანე,2000,,კომპანია ”ქართული ტელეფილმი”,32,,ირაკლი ონოფრიშვილი,თამაზ მამულაშვილი,"ირაკლი ონოფრიშვილი, ტრისტან კანდელაკი",,ია საკანდელიძე,ლია ნანობაშვილი,"დავით ბირბიჩაძე, ზურაბ ლაშხი",,http://geocinema.ge/ka/movies/3168,http://geocinema.ge/uploads/nophoto.png,ok
3283,მოქცევაი ქართლისაი,1991,,კომპანია ”ქართული ტელეფილმი”,44,,ჯუმბერ ებრალიძე,"თამაზ მამულაშვილი, ჯუმბერ ებრალიძე","ილია ვაჩნაძე, ტრისტან კანდელაკი",,,მერაბ გვანცელაძე,ეთერ ბურდული,,http://geocinema.ge/ka/movies/3283,http://geocinema.ge/uploads/nophoto.png,ok
3298,უფლის ძახილი,2010,,"სტუდია ""კოტსი""",45,,კობა ცხაკაია,კობა ცხაკაია,"ნიკა აჯიბეგაშვილი, თორნიკე მრევლიშვილი, პეტრე დემეტრაშვილი",,,,კობა ცხაკაია,,http://geocinema.ge/ka/movies/3298,http://geocinema.ge/uploads/nophoto.png,ok
967,ბანაკი,1982,,,30,,ნიკოლოზ წულაძე,ნიკოლოზ წულაძე,გენო შენგელია,,,გურამ შუბლაძე,ოლიკო მეტრეველი,"რუსუდან ბოლქვაძე, მალხაზ ვაჩეიშვილი, სერგო ბარლიანი, ვახტანგ აბაიშვილი, რეზო ბოკუჩავა, ფრიდონ თოხაძე",http://geocinema.ge/ka/movies/967,http://geocinema.ge/uploads/nophoto.png,ok
401,ექსპედიცია,1983,,"სს ""ქართული ფილმი""",,,ზურაბ მექვაბიშვილი,ზურაბ მექვაბიშვილი,ჯიმშერ ქრისტესაშვილი,ზაალ მეღვინეთუხუცესი,თეიმურაზ ბაკურაძე,გურამ შუბლაძე,,"ირაკლი ხიზანიშვილი, როსტომ ლორთქიფანიძე, ვახტანგ ქართველიშვილი, რევაზ იმნაიშვილი, ნ. ზაზაძე, ზ. ქუქჩიშვილი, ო. ნათენაძე",http://geocinema.ge/ka/movies/401,http://geocinema.ge/uploads/nophoto.png,ok
757,გასეირნება,1979,,კომპანია ”ქართული ტელეფილმი”,,,თამაზ გოცირიძე,თამაზ გოცირიძე,იგორ კრეპსი,ლალი ლომთაძე,,შოველ ჩიტიძე,,ირაკლი გოცირიძე,http://geocinema.ge/ka/movies/757,http://geocinema.ge/uploads/nophoto.png,ok
7003,ნებიერი,1950,ნახატი,თბილისის კინოსტუდია,,,შალვა გედევანიშვილი,შალვა გედევანიშვილი,"ლუბა კვალიაშვილი, სარა სპარსიაშვილი","იოსებ სუმბათაშვილი, თეიმურაზ მიქაძე",არჩილ კერესელიძე,"როსტისლავ ლაპინსკი, ვასილ დოლენკო",,,http://geocinema.ge/ka/movies/7003,http://geocinema.ge/uploads/nophoto.png,ok
1027,"ანი, ამბავი ფერში",1991,,"სტუდია ""მარიხი""",25,,კახა ბარამიძე,კახა ბარამიძე,დავით ნემსაძე,ია კოჩინაშვილი,,ჯიმშერ (ჯიმი) დევნოზაშვილი,გულნარა (გულიკო) ომიაძე,გელა ბუგეჩაშვილი,http://geocinema.ge/ka/movies/1027,http://geocinema.ge/uploads/nophoto.png,ok
816,სამყაროს 6 სურათი,2007,,,32,,ბიძინა ყანჩაველი,ბიძინა ყანჩაველი,იგორ კრეპსი,,,ანდრეას ვატერი,,"თეიმურაზ ნაცვლიშვილი, ნინო ყრუაშვილი, თამილა ლასხიშვილი, ვლადიმერ (ლადო) მექვაბიშვილი",http://geocinema.ge/ka/movies/816,http://geocinema.ge/uploads/nophoto.png,ok
3120,მარბენალი,2003,,"სტუდია ""ქუცნა ამირეჯიბი""",75,,ქუცნა ამირეჯიბი,ქუცნა ამირეჯიბი,"კახა ბუხრაშვილი, გიკა ჭელიძე, ქუცნა ამირეჯიბი",,ზურაბ ნადარაია,"გია ქარჩხაძე, ვახო ბაბუნაშვილი, ქუცნა ამირეჯიბი",ქუცნა ამირეჯიბი,,http://geocinema.ge/ka/movies/3120,http://geocinema.ge/uploads/nophoto.png,ok
3009,ფრაგმენტები ტაო-კლარჯეთის ისტორიიდან,2006,,ეროვნული კინოცენტრი,38,,"კარლო ღლონტი, ლევან ღლონტი",კარლო ღლონტი,ირაკლი ონოფრიშვილი,,რეზო კიკნაძე,,"ნოდარ ბეგიაშვილი, ლევან ღლონტი",,http://geocinema.ge/ka/movies/3009,http://geocinema.ge/uploads/nophoto.png,ok
3119,დოლი,2003,,"სტუდია ""აბკ""",60,,დავით უჯმაჯურიძე,"დავით უჯმაჯურიძე, გიგი გულედანი",გოგა დევდარიანი,,,ნიკა კოჩაროვი,დავით უჯმაჯურიძე,,http://geocinema.ge/ka/movies/3119,http://geocinema.ge/uploads/nophoto.png,ok
3178,"დიდი რეპეტიცია ""სოფიკო""",2009,,,35,,მაია ბურდული,"ინეზა აბესაძე, მაია ბურდული",ალე მიქაძე,რევაზ (რეზო) გოგოლაშვილი,გიორგი (გოგი) ჩლაიძე,ირაკლი გოგუაძე,მარინა კოლხიდაშვილი,"აკაკი მაქაცარია, აკუნა ენუქიძე, ანი ლოლაძე, ანა ჭოხონელიძე, ანა რუხაძე, ევა ბოლქვაძე",http://geocinema.ge/ka/movies/3178,http://geocinema.ge/uploads/nophoto.png,ok
651,თოჯინების სამყაროში,1965,,კომპანია ”ქართული ტელეფილმი”,18,,ალექსანდრე (ალეკო) ნინუა,თინათინ სულიაშვილი,პავლე შნაიდერი,ნიკოლოზ იგნატოვი,,ლევან ქიშმიშევი,ალექსანდრა შულცი,ქეთევან ლეჟავა,http://geocinema.ge/ka/movies/651,http://geocinema.ge/uploads/nophoto.png,ok
1033,Radio City,1991,,კომპანია ”ქართული ტელეფილმი”,30,,ალექსანდრე (სანდრო) ვახტანგოვი,ალექსანდრე (სანდრო) ვახტანგოვი,არჩილ სალარიძე,გია (უმც) გუგუშვილი,ირაკლი კიკვაძე,,გია ვარდიაშვილი,"ეკატერინე (ეკა) ტოგონიძე, მარია (მაშა) ოვანოვა, ლელა მაქაცარია, გიორგი ნიშნიანიძე, გოგი ოსეფაიშვილი, მერი ალიმბარაშვილი, ნაირა მეფარიშვილი, დავით სომხიშვილი, ლაურა სომხიშვილი",http://geocinema.ge/ka/movies/1033,http://geocinema.ge/uploads/nophoto.png,ok
990,თუთიყუში,2009,,,30,,ქეთი ორჯონიკიძე,ქეთი ორჯონიკიძე,"კენი დსნი, შონ პაი, ისააკ დევისი",,ზურაბ ნადარეიშვილი,ზურაბ ნადარაია,"შონ ადაირი, შონ პაი","ქეთი ორჯონიკიძე, ინგა გაჩეჩილაძე, ლიზა მინგოია, ჯონ ბროსოუ, გიორგი პაპაშვილი, ალექსანდრა ივანოვა",http://geocinema.ge/ka/movies/990,http://geocinema.ge/uploads/nophoto.png,ok
1023,მე,2010,,თეატრისა და კინოს უნივერსიტეტი,6,,ვახტანგ ჯაჯანიძე,ვახტანგ ჯაჯანიძე,"ტატო სულაქველიძე, ლუკა ჯიბლაძე","ნანუ ამირანაშვილი, ანუკა კალანდარიშვილი",მაკო ღვინიაშვილი,ნიკოლოზ გელაშვილი,ნიკოლოზ გელაშვილი,"ნიკოლოზ ლუარსაბიშვილი, კატო გელაშვილი, საბა ჩხეიძე, მაკო მჟავანაძე, ხატია ბრაჭული, გიორგი ხარებავა, ნანა გველესიანი",http://geocinema.ge/ka/movies/1023,http://geocinema.ge/uploads/nophoto.png,ok
503,მწირი,1989,,"სს ""ქართული ფილმი""",29,,დავით ქაჯაია,"ნინო მამასახლისი, დავით ქაჯაია",ჯონი ყურაშვილი,მარინე ცომაია,გიორგი ცინცაძე,,,"გიორგი გურგულია, ა. პატოცკაია",http://geocinema.ge/ka/movies/503,http://geocinema.ge/uploads/nophoto.png,ok
056,ჩქარი N 2,1929,მუნჯი / დრამა,"სს ""სახკინმრეწვი""",72,25.11.1929,გიორგი მაკაროვი,"პეტრე მორსკოი, შალვა ხუსკივაძე",ვიქტორ ენგელსი,რობერტ ფედორი,,,,"პ. ბარმატოვი, მ. სამოდუროვა, ტ. შკლიარი, მ. სტაცენკო, პ. პეჩკო, შალვა ხუსკივაძე, მ. ზაგლობა, ზაალ ტერიშვილი",http://geocinema.ge/ka/movies/056,http://geocinema.ge/uploads/ზომაშეცვლილი/ჩქარი #2.jpg,ok
812,მე არა ვარ მარტო,2005,,,17,,გიორგი (გოგა) ცხვედიანი,გიორგი (გოგა) ცხვედიანი,ლევან პატარაია,გიორგი ვართაგავა,გიორგი ფხალაძე,თორნიკე გელაშვილი,თორნიკე გელაშვილი,"ლევან ნასიძე, დავით უჯმაჯურიძე, ხათუნა ჭაღაშვილი, ტარიელ ტაბატაძე",http://geocinema.ge/ka/movies/812,http://geocinema.ge/uploads/nophoto.png,ok
3174,დადუმებულები,2009,,საპროდუქციო კომპანია ”საქდოკ ფილმი”,10,,სალომე ჯაში,,ტატო კოტეტიშვილი,,,ნიკოლოზ ფანიაშვილი,სალომე ჯაში,,http://geocinema.ge/ka/movies/3174,http://geocinema.ge/uploads/nophoto.png,ok
743,"მზე, ჰაერი და ... ""ნა–ნა""",1992,მუსიკალური,"სტუდია ""სინემა""",70,,ზაალ კაკაბაძე,ზაალ კაკაბაძე,ვიქტორ ატამანენკო,,,ლევან ქიშმიშევი,ციური კობერიძე,"ვლადიმერ პოლიტოვი, ვალერი იურინი, ვლადიმერ ლიოვკინი, მარინა ხლებნიკოვა, ბარი ალიბასოვი",http://geocinema.ge/ka/movies/743,http://geocinema.ge/uploads/nophoto.png,ok
581,მონატრება,1995,,"სტუდია ""აჭარა""",40,,თინათინ ცისკარიძე,თინათინ ცისკარიძე,ნუგზარ ნოზაძე,გია ყაჭეიშვილი,ლევან ჩხარტიშვილი,გარი კუნცევი,,"კ. კობალაძე, ლ. ხახვა",http://geocinema.ge/ka/movies/581,http://geocinema.ge/uploads/nophoto.png,ok
535,სოლო სალამურისათვის,1975,,"სს ""ქართული ფილმი""",30,,დარია ხოჯავა,"დარია ხოჯავა, ამირან ჭიჭინაძე",იგორ კრეპსი,ვახტანგ რურუა,იაკობ ბობოხიძე,ნუცა შოშიტაიშვილი,,"ირაკლი ბერიაშვილი, ზოზო (იასონ) ბაქრაძე, რამაზ ჩხიკვაძე, რუსუდან კიკნაძე, მეა მეგრელიშვილი",http://geocinema.ge/ka/movies/535,http://geocinema.ge/uploads/nophoto.png,ok
3296,რწმენის აღორძინება,1997,,"სტუდია ""მემატიანე""",48,,გია ჭუბაბრია,გია ჭუბაბრია,"გერდ შულცი, სოსო გულბანი, ილია ვაჩნაძე, გესეტჯავ მაში",,იაკობ ბობოხიძე,გიორგი (გია) აბაშიძე,,,http://geocinema.ge/ka/movies/3296,http://geocinema.ge/uploads/nophoto.png,ok
352,ძახილი პელაგონში,1980,,"სს ""ქართული ფილმი""",78,,ბიძინა ჩხეიძე,ბიძინა ჩხეიძე,აბესალომ მაისურაძე,"ნოდარ სულემანაშვილი, ნიკოლოზ ზანდუკელი",ოლეგ კარავაიჩუკი,ნუცა შოშიტაიშვილი,ზიზო ქურხული,"თამარ ბააკაშვილი, ნინო ქორელი, დავით მლოცველიშვილი, ელგუჯა ბურდული, ბიძინა ჩხეიძე",http://geocinema.ge/ka/movies/352,http://geocinema.ge/uploads/nophoto.png,ok
767,მზიანი ბილიკი,1932,დრამა,"სს ""სახკინმრეწვი""",60,,ალექსანდრე თაყაიშვილი,"სამსონ სულაკაური, ალექსანდრე თაყაიშვილი",ფერდინანდ გეგელე,შალვა მამალაძე,,,,ვასო გოძიაშვილი,http://geocinema.ge/ka/movies/767,http://geocinema.ge/uploads/nophoto.png,ok
7032,მგლის აღსარება,2005,,სტუდია ”კვალი”,7,,რატი ნანეიშვილი,რატი ნანეიშვილი,მიხეილ სტურუა,"ვიქტორ წიკლაური, მამუკა ტყეშელაშვილი, მამუკა გეგელაშვილი",თეიმურაზ ბაკურაძე,მადონა თევზაძე,გულნარა (გულიკო) ომიაძე,,http://geocinema.ge/ka/movies/7032,http://geocinema.ge/uploads/nophoto.png,ok
790,მხოლოდ ერთი წუთი,1998,დრამა,"სტუდია ""აპერკოტი""",10,,ხათუნა გიორგობიანი,ხათუნა გიორგობიანი,ზურაბ მიქაძე,,,,ხათუნა გიორგობიანი,"სერგი ანდრე, ტატა ჯალაღანია, დავით პაპავა, მაკა ურიგაშვილი",http://geocinema.ge/ka/movies/790,http://geocinema.ge/uploads/nophoto.png,ok
972,რეისებს შორის,2004,,ტელეკომპანია ”იმედი”,,,მიხეილ მრევლიშვილი,,გიკა ჭელიძე,"ნინო მალაზონია, რატი ერაძე",,,,"ნატო მურვანიძე, ირაკლი კონტრიძე",http://geocinema.ge/ka/movies/972,http://geocinema.ge/uploads/nophoto.png,ok
640,ანკესი და სეინერი,1962,,კომპანია ”ქართული ტელეფილმი”,20,,სერგო ევლახიშვილი,რევაზ ურუშაძე,იგორ ნაგორნი,თენგიზ სამსონაძე,,ლევან ქიშმიშევი,ლუდმილა (ლუსია) უნანიანი,გიორგი გეგეჭკორი,http://geocinema.ge/ka/movies/640,http://geocinema.ge/uploads/nophoto.png,ok
3318,თავადი გრუზინსკი,1987,დოკუმენტური,საქართველოს სამეცნიერო–პოპულარული და დოკუმენტური ფილმების სტუდია,10,,"ჟუჟუნა ლომიძე, იზოლდა შველიძე",ბორის ანდრონიკაშვილი,ტარიელ ელიაშვილი,,,თენგიზ (II) მაისურაძე,,,http://geocinema.ge/ka/movies/3318,http://geocinema.ge/uploads/nophoto.png,ok
381,თეთრი ცხენი უკეთესია ?,1982,,"სს ""ქართული ფილმი""",44,,ვიაჩესლავ აბლოთია,ვიაჩესლავ აბლოთია,გური (გურამ) შენგელაია,იური კვაჭაძე,,"გურამ შუბლაძე, იგორ გავრილენკო",ლალი კოლხიდაშვილი,"რომან საბუა, ნატალია კოლტუნოვა, სირბეტი სანგულია, მუსა დუდაევი, ვიოლეტა მაანი, ელენე შეპელი, ლ. ალავიძე, რ. აგრბა, ლ. გიცბა, ხ. ჯონუა, ტ. ჩაშაგუა, ვ. არძინბა, ვ. კოვალიოვი, ა. გუგუჩია",http://geocinema.ge/ka/movies/381,http://geocinema.ge/uploads/nophoto.png,ok
3350,გალობანი სინანულისანი,1991,დოკუმენტური,საქართველოს სამეცნიერო–პოპულარული და დოკუმენტური ფილმების სტუდია,18,,შერგილ შონია,შერგილ შონია,ალექსანდრე ყველაშვილი,,,თეიმურაზ კუხიანიძე,,,http://geocinema.ge/ka/movies/3350,http://geocinema.ge/uploads/nophoto.png,ok
3258,ხევსურები,1996,,კომპანია ”ქართული ტელეფილმი”,55,,"ვაჟა ზუბაშვილი, კახა მელითაური","ვაჟა ზუბაშვილი, კახა მელითაური",რამაზ ბატატუნაშვილი,,ლელა თათარაიძე,,იოსებ (სოსო) გუგუშვილი,,http://geocinema.ge/ka/movies/3258,http://geocinema.ge/uploads/nophoto.png,ok
3385,სამხრეთ ოსეთი,1951,,თბილისის კინოსტუდია,27,,"ირაკლი კანდელაკი, შალვა მარტაშვილი, ვლადიმერ ვალიშვილი","გიორგი მდივანი, ილია კავკაზაგი","არჩილ ფილიპაშვილი, ბორის კრეპსი",,"ბორის გალაევი, ლ. ყულიევი",რაფიელ კეზელი,,,http://geocinema.ge/ka/movies/3385,http://geocinema.ge/uploads/nophoto.png,ok
645,სეტყვა,1979,,კომპანია ”ქართული ტელეფილმი”,10,,ზურაბ თუთბერიძე,"ვაჟა გიგაშვილი, ზურაბ თუთბერიძე",იგორ კრეპსი,შოთა გოგოლაშვილი,ზურაბ ნადარაია,მიხეილ დარჩიევი,,გიორგი (გია) მაჩაიძე,http://geocinema.ge/ka/movies/645,http://geocinema.ge/uploads/nophoto.png,ok
775,წყარო,1973,დრამა,"სს ""ქართული ფილმი""",22,,ზურაბ თუთბერიძე,"რევაზ ინანიშვილი, ზურაბ თუთბერიძე",ჯიმშერ ქრისტესაშვილი,ნიკოლოზ ზანდუკელი,ზურაბ ნადარაია,ვაჟა მაჩაიძე,ნელი დევნოზაშვილი,"ბუხუტი ზაქარიაძე, თამარ თვალიაშვილი, გიორგი (გოგლიკო) გამილაღდიშვილი, ია კიკნაძე",http://geocinema.ge/ka/movies/775,http://geocinema.ge/uploads/nophoto.png,ok
3027,ერთ-ერთი მინისტრი,2008,,VPRO,16,,"სალომე ჯაში, გიორგი წიქარიშვილი",,გიორგი მამასახლისი,,,დავით სიხარულიძე,სალომე ჯაში,,http://geocinema.ge/ka/movies/3027,http://geocinema.ge/uploads/nophoto.png,ok
048,პირველი კორნეტი სტრეშნიოვი,1928,მუნჯი / დრამა,"სს ""სახკინმრეწვი""",63,02.10.1928,"ეფიმ ძიგანი, მიხეილ ჭიაურელი",არსენ არავსკი,ვიქტორ ენგელსი,რობერტ ფედორი,,,,"ევსტათი თარხნიშვილი, ა. გორშენინი, ა. მარტინოვი, მ. კულაკოვი, ნ. ხარიტონოვა",http://geocinema.ge/ka/movies/048,http://geocinema.ge/uploads/ზომაშეცვლილი/პირველი კორნეტი.jpg,ok
766,მეღორეს ბედნიერება,1930,,"სს ""სახკინმრეწვი""",53,,ვალერიან სიდამონ–ერისთავი,სამსონ სულაკაური,შალვა აფაქიძე,რევაზ მირზაშვილი,,,,"კოხტა ყარალაშვილი, შოთა გურამიშვილი, ალექსანდრე ჯალიაშვილი",http://geocinema.ge/ka/movies/766,http://geocinema.ge/uploads/nophoto.png,ok
869,კავშირი,2005,,"შპს ""ტაია გრუპი""",7,,დავით (დათო)  ჯანელიძე,დავით (დათო)  ჯანელიძე,გიორგი ბერიძე,,გიორგი ცინცაძე,ბორის კვეტენაძე,ქეთევან გალდავაძე,გურამ წიბახაშვილი,http://geocinema.ge/ka/movies/869,http://geocinema.ge/uploads/nophoto.png,ok
3279,გაფრთხილება კოსმოსიდან,2003,,კომპანია ”ქართული ტელეფილმი”,25,,ჯუმბერ ებრალიძე,ჯუმბერ ებრალიძე,გიორგი (გოგი) თორაძე,,ია საკანდელიძე,,"ნინო ვაშალომიძე, მაია კეკელია",,http://geocinema.ge/ka/movies/3279,http://geocinema.ge/uploads/nophoto.png,ok
7012,რატომ ამოდის მზე მამლის ყივილზე?,2009,,მი-ფა-სი ფილმი,4,,გელა ბერიანიძე,,,ზაალ სულაკაური,მამუკა მეგრელიშვილი,თორნიკე გველესიანი,"აქსანა სერგადოვა, გელა ბერიანიძე",,http://geocinema.ge/ka/movies/7012,http://geocinema.ge/uploads/old/poster/p7012.jpg,ok
3274,დავით სარაჯიშვილი,2003,,"სტუდია ""მემატიანე""",44,,თენგიზ ნოზაძე,"თენგიზ ნოზაძე, ნონა ღამბაშიძე","დავით ასათიანი, გურიელ (გურამ) როგავა, ომარ ბრეგვაძე",,,გიორგი (გია) აბაშიძე,ლილი სარაჯიშვილი,,http://geocinema.ge/ka/movies/3274,http://geocinema.ge/uploads/nophoto.png,ok
3378,ნაძარცვის კვალდაკვალ,1987,დოკუმენტური,საქართველოს სამეცნიერო–პოპულარული და დოკუმენტური ფილმების სტუდია,65,,რევაზ (რეზო) თაბუკაშვილი,რევაზ (რეზო) თაბუკაშვილი,"იური ბარამიძე, გენადი (გენო) რეხვიაშვილი",გოგიტა მაჭარაშვილი,თეიმურაზ ბაკურაძე,თენგიზ (II) მაისურაძე,კოზეტა კოტრიკაძე,,http://geocinema.ge/ka/movies/3378,http://geocinema.ge/uploads/nophoto.png,ok
895,წკიპურტები,2001,კინონოველა,,15,,"ზურა ქავთარაძე, როინ დვალი","ზურა ქავთარაძე, როინ დვალი",თემურ ფოფხაძე,,,,ზურა ქავთარაძე,,http://geocinema.ge/ka/movies/895,http://geocinema.ge/uploads/nophoto.png,ok
3351,იყალთოური ორნამენტები,1988,დოკუმენტური,საქართველოს სამეცნიერო–პოპულარული და დოკუმენტური ფილმების სტუდია,10,,"ჟუჟუნა ლომიძე, იზოლდა შველიძე",გიორგი შათირიშვილი,ელდარ ვაწაძე,,,თენგიზ (II) მაისურაძე,,,http://geocinema.ge/ka/movies/3351,http://geocinema.ge/uploads/nophoto.png,ok
1017,უსახელო მცენარე,2010,,თეატრისა და კინოს უნივერსიტეტი,19,,გიორგი ქობალია,გიორგი ქობალია,გური (გუკა) გოლიაძე,,,"ირაკლი ფუტკარაძე, ნათია მიქაძე",გიორგი ქობალია,"ნატო ებანოიძე, ირაკლი ხოშტარია, ზაალ კუპრაშვილი",http://geocinema.ge/ka/movies/1017,http://geocinema.ge/uploads/old/poster/p1017.jpg,ok
724,მარადიული სიცოცხლე,1996,,კომპანია ”ქართული ტელეფილმი”,10,,პაატა რატიანი,პაატა რატიანი,ალექსანდრე ვოდოლაჟსკი,,,გიორგი (გია) აბაშიძე,,რუსუდან კვარაცხელია,http://geocinema.ge/ka/movies/724,http://geocinema.ge/uploads/nophoto.png,ok
787,დილის რომანსი,1996,,თეატრისა და კინოს უნივერსიტეტი,15,,ვახტანგ კუნცევ–გაბაშვილი,ვახტანგ კუნცევ–გაბაშვილი,ვახტანგ კუნცევ–გაბაშვილი,,გიორგი (გოგი) ჩლაიძე,,,"მამუკა ტყეშელაშვილი, გია ნარიმანიძე, სანდრო ყურაშვილი",http://geocinema.ge/ka/movies/787,http://geocinema.ge/uploads/nophoto.png,ok
065,მამობილი,1930,მუნჯი / დრამა,"სს ""სახკინმრეწვი""",71,08.03.1931,გრიგოლ ლომიძე,"გიორგი მდივანი, ვიქტორ შკლოვსკი",ა. კაზანსკი,ვალერიან სიდამონ–ერისთავი,,,,"დიმიტრი ბაქრაძე, მ. ძონატი, დ. ვარძიელი, პ. დაგუნო, ალექსანდრე ლორთქიფანიძე",http://geocinema.ge/ka/movies/065,http://geocinema.ge/uploads/Mamobili.jpg,ok
773,მზე ჭიქაში,1963,,კომპანია ”ქართული ტელეფილმი”,23,,მერაბ ჯალიაშვილი,"შოთა არჩვაძე, მერაბ ჯალიაშვილი",გ. ბალახაძე,,,ლევან ქიშმიშევი,,"ჯულიეტა ვაშაყმაძე, ალექსანდრე ომიაძე",http://geocinema.ge/ka/movies/773,http://geocinema.ge/uploads/nophoto.png,ok
3196,თუჯი,1964,,,16,,ოთარ იოსელიანი,ოთარ იოსელიანი,შალვა შიოშვილი,,,,,,http://geocinema.ge/ka/movies/3196,http://geocinema.ge/uploads/nophoto.png,ok
870,პეპელა ცხოვრობს ერთი დღით,2005,,,8,,ვანო თვაური,ვანო თვაური,"ტატო ხიდაშელი, გიორგი თვაური","ზურა მიქელაძე, გიორგი გელაშვილი",,მადონა თევზაძე,ლევან ჯუღელი,"ჟორა კირაკოსიანი, ცირა ვეფხვაძე, ლაშა კირაკოსიანი, მაია ლომიძე",http://geocinema.ge/ka/movies/870,http://geocinema.ge/uploads/nophoto.png,ok
996,ორი,2009,,კინოსკოპიკი (ესპანეთი),85,,მიგელ ანხელ ხიმენეს კოლმენარი,ლუის მოია რედრადო,გორკა გომეს ანდრეუ,,მიგელ ანხელ ხიმენეს არნაისი,,იმანოლ გომეს დე სეგურა,"ხათუნა შურღაია, ბექა ქავთარაძე, გიგა გოგუაძე, ლილი ბურბუთაშვილი, იოანე გეგეჭკორი",http://geocinema.ge/ka/movies/996,http://geocinema.ge/uploads/nophoto.png,ok
027,კალოში N 18,1927,მუნჯი / კომედია,"სს ""სახკინმრეწვი""",43,,"მ. ალიბეგოვა, ელენე ოსინსკაია, ნიკოლაი ანოშჩენკო","მ. ალიბეგოვა, ელენე ოსინსკაია, ნიკოლაი ანოშჩენკო","ნიკოლაი ანოშჩენკო, ა. ზილბერნიკი",,,,,"ა. ბეკარევიჩი, ნ. ლაში, ნ. მირზოიანი, ანა სმირნოვა, ნინა ნიკიტინა, ტ. ვასილევი, ნ. ზერნოვი",http://geocinema.ge/ka/movies/027,http://geocinema.ge/uploads/nophoto.png,ok
753,გარდატეხა,1977,,,20,,ზაქარია (შაქრო) ჯორჯაძე,ზაქარია (შაქრო) ჯორჯაძე,ვიქტორ ანდრიევსკი,იური კვაჭაძე,,,,"მერაბ შავდია, მანანა გამცემლიძე",http://geocinema.ge/ka/movies/753,http://geocinema.ge/uploads/nophoto.png,ok
3269,ოვალური ბურთი,2010,,ტელეკომპანია ”I არხი”,31,,გიორგი (გოგი) თორაძე,"მიხეილ ბასინოვი, აკაკი გვიმრაძე",თემურ სულაბერიძე,,,,გიო ივანიშვილი,,http://geocinema.ge/ka/movies/3269,http://geocinema.ge/uploads/nophoto.png,ok
3038,"ჯონ სტაინბეკი და ""რუსული დღიური"" 60 წლის შემდეგ",2008,,,80,,ოლიკო ჟღენტი,ოლიკო ჟღენტი,დავით ასათიანი,,,,სალომე საღარაძე,,http://geocinema.ge/ka/movies/3038,http://geocinema.ge/uploads/nophoto.png,ok
554,რევანში,1979,,კომპანია ”ქართული ტელეფილმი”,10,,ოთარ შამათავა,ოთარ შამათავა,ომარ ბრეგვაძე,გარსევან ბიჭიაშვილი,ოთარ შამათავა,დიმიტრი გედევანიშვილი,,ბახვა ბარბაქაძე,http://geocinema.ge/ka/movies/554,http://geocinema.ge/uploads/nophoto.png,ok
3060,განზომილება,2005,,,26,,დავით ჩუბინიშვილი,დავით ჩუბინიშვილი,ლევან კოღუაშვილი,ზაალ მეღვინეთუხუცესი,თეიმურაზ ბაკურაძე,ლევან კუხაშვილი,ლევან კუხაშვილი,,http://geocinema.ge/ka/movies/3060,http://geocinema.ge/uploads/nophoto.png,ok
912,ილუსტრაციებში დაკარგულები,2005,,,30,,მაია კიკაბიძე,მაია კიკაბიძე,მაია კიკაბიძე,მაია კიკაბიძე,,თემო ქოთოლაშვილი,გიგა ჯაფარიძე,"თიკო დიდავა, რუსა ბურჯანაძე, სოფიკო კიკაბიძე, ანუ ალექსიძე, ბაკო ჩივაძე",http://geocinema.ge/ka/movies/912,http://geocinema.ge/uploads/nophoto.png,ok
3182,ინსაითი,2010,,მი-ფა-სი ფილმი,55,,გია დიასამიძე,,"გია დიასამიძე, ლაშა კანდელაკი","ნიაზ დიასამიძე, ვიტალი ბურკინი",,"გია ჭელიძე, სანდრო მაზიაშვილი",გია დიასამიძე,,http://geocinema.ge/ka/movies/3182,http://geocinema.ge/uploads/nophoto.png,ok
3003,პატრიარქი სვანეთში,1992,,"სტუდია ""მარიხი""",18,,ნიკოლოზ წულაძე,ნიკოლოზ წულაძე,გურამ საძაგლიშვილი,,,მადონა თევზაძე,ნანა ჩემია,,http://geocinema.ge/ka/movies/3003,http://geocinema.ge/uploads/nophoto.png,ok
031,ორი ცელქი,1927,მუნჯი / კომედია,"სს ""სახკინმრეწვი""",12,,ნიკოლოზ კახიძე,ნიკოლოზ კახიძე,ფერდინანდ გეგელე,ვალერიან სიდამონ–ერისთავი,,,,"გოგი რატიანი, დიმიტრი ყიფიანი, ირინე დონაური, ზაალ ტერიშვილი",http://geocinema.ge/ka/movies/031,http://geocinema.ge/uploads/nophoto.png,ok
3157,ცისფერი ყანწები,1989,დოკუმენტური,საქართველოს სამეცნიერო–პოპულარული და დოკუმენტური ფილმების სტუდია,,,დავით გოგუაძე,"დავით (დათო) სიხარულიძე, დავით გოგუაძე",დავით გუჯაბიძე,დავით გოგუაძე,,გიორგი (გია) აბაშიძე,დავით გოგუაძე,,http://geocinema.ge/ka/movies/3157,http://geocinema.ge/uploads/nophoto.png,ok
756,მამონას ცდუნება,1960,,კომპანია ”ქართული ტელეფილმი”,,,რამაზ ჭიაურელი,რამაზ ჭიაურელი,თეიმურაზ მეგრელიშვილი,,,მიხეილ დარჩიევი,,გ. გელაშვილი,http://geocinema.ge/ka/movies/756,http://geocinema.ge/uploads/nophoto.png,ok
868,გრავიტაცია,2005,,სტუდია ”კვალი XXI”,6,,ჯუმბერ თაკალანძე,ჯუმბერ თაკალანძე,ორესტ თოდუა,სალომე სხირტლაძე,თეიმურაზ ბაკურაძე,მადონა თევზაძე,ელენე მურჯიკნელი,პაატა შენგელია,http://geocinema.ge/ka/movies/868,http://geocinema.ge/uploads/nophoto.png,ok
7014,მამლაყინწა,1979,,"სს ""ქართული ფილმი""",10,,ბონდო შოშიტაიშვილი,"მიხეილ კაკაბაძე, ბონდო შოშიტაიშვილი",ლუბა კვალიაშვილი,"მამია მალაზონია, ირინა ბარანოვა",ნუგზარ ვაწაძე,მადონა თევზაძე,მარიამ კობახიძე,,http://geocinema.ge/ka/movies/7014,http://geocinema.ge/uploads/old/poster/p7014.jpg,ok
3014,პატარა თეატრი ვაშინგტონში,2005,,"სტუდია ""აბკ""",54,,ლევან კოღუაშვილი,ლევან კოღუაშვილი,ლევან კოღუაშვილი,,,,ლევან კოღუაშვილი,,http://geocinema.ge/ka/movies/3014,http://geocinema.ge/uploads/nophoto.png,ok
788,ქვა,1996,,"სს ""ქართული ფილმი""",6,,ბესარიონ (ბესო) ჯუღაშვილი,ბესარიონ (ბესო) ჯუღაშვილი,ვახტანგ კუნცევ–გაბაშვილი,,ბიძინა (ალექსანდრე) კვერნაძე,,ბესარიონ (ბესო) ჯუღაშვილი,"დათო ნადირაშვილი, გივი ნოზაძე",http://geocinema.ge/ka/movies/788,http://geocinema.ge/uploads/nophoto.png,ok
7024,ცეკვა ისრებთან,2008,,მი-ფა-სი ფილმი,3,,ვასილ სახვაძე,"ვასილ სახვაძე, ზურაბ დიასამიძე",,"ვასილ სახვაძე, ნინო გიუნაშვილი",,დავით ხოსიტაშვილი,"თეა ქებაძე, ირაკლი ლომსაძე",,http://geocinema.ge/ka/movies/7024,http://geocinema.ge/uploads/old/poster/p7024.jpg,ok
103,წყალქვეშა ტყვეობაში,1942,კინონოველა,თბილისის კინოსტუდია,22,,ვლადიმერ ლეგოშინი,"ანა სმირნოვა, ი. სმირნიცკი",გ. რეისგოფი,,ივანე გოკიელი,როსტისლავ ლაპინსკი,,"ვ. ჩერნეცკი, პ. ერმილოვი",http://geocinema.ge/ka/movies/103,http://geocinema.ge/uploads/nophoto.png,ok
7060,ბო-ბო,1985,,"სს ""ქართული ფილმი""",10,,ლევან ჭყონია,ირაკლი კვირიკაძე,ვიოლეტა ქაროსანიძე,"ეთერ მითაგვარია, ლევან ჭყონია",,ა. იონიდი,,,http://geocinema.ge/ka/movies/7060,http://geocinema.ge/uploads/nophoto.png,ok
3109,ქართული მანგანუმი,2004,,"სტუდია ""მემატიანე""",26,,ზაურ სავანელი,მერაბ გოდერძიშვილი,თემურ ჯიბლაძე,,,ელდარ ბაღდავაძე,ზაზა ჩხეტიანი,,http://geocinema.ge/ka/movies/3109,http://geocinema.ge/uploads/nophoto.png,ok
551,როგორ გავხდი თბილისელი,1961,,კომპანია ”ქართული ტელეფილმი”,9,,ტარიელ კურცხალია,"რევაზ ურუშაძე, ვახტანგ მამალაძე",რევაზ კეზელი,ირაკლი ხუროშვილი,,ნოდარ ძნელაძე,,უშანგი მჭედლიძე,http://geocinema.ge/ka/movies/551,http://geocinema.ge/uploads/nophoto.png,ok
3084,ლეხაიმ!,2005,,"სტუდია ""მემატიანე""",52,,"რამაზ (ბუბა) ხოტივარი, ირაკლი პაპავა","ნონა ღამბაშიძე, რამაზ (ბუბა) ხოტივარი, ირაკლი პაპავა","რევაზ (რეზო) მახათაძე, ზურაბ ადუაშვილი, იული ზილბერი",,,ნოდარ ბეგიაშვილი,"ნოდარ ბეგიაშვილი, თომა ბეგიაშვილი",,http://geocinema.ge/ka/movies/3084,http://geocinema.ge/uploads/nophoto.png,ok
3093,ამორძალი,2005,,,18,,ალექსანდრე ქორიძე,,,,,,,,http://geocinema.ge/ka/movies/3093,http://geocinema.ge/uploads/nophoto.png,ok
1014,ყვავებზე მონადირე,2010,,თეატრისა და კინოს უნივერსიტეტი,9,,ნიკა გუგუშვილი,,გიორგი ბაბილოძე,,,სანდრო ნაკაშიძე,,"მამუკა ჯაფარიძე, თემო კვირკველია",http://geocinema.ge/ka/movies/1014,http://geocinema.ge/uploads/nophoto.png,ok
3062,მუსიკალური მომენტი,2005,მუსიკალური,,26,,დავით ჩუბინიშვილი,დავით ჩუბინიშვილი,ლევან პაატაშვილი,ზაალ მეღვინეთუხუცესი,,ლევან კუხაშვილი,ლევან კუხაშვილი,,http://geocinema.ge/ka/movies/3062,http://geocinema.ge/uploads/nophoto.png,ok
3131,უვერტიურა,1999,,"სტუდია ""აუდიენცია""",41,,ლელა წიფურია,ლელა წიფურია,მიხეილ მანდარია,,,,სლავა ოგანესიანი,,http://geocinema.ge/ka/movies/3131,http://geocinema.ge/uploads/old/poster/p3131.jpg,ok
3256,გვჭირდება თუ არა საბჭოთა კავშირის ჩემპიონატი ფეხბურთში?,1989,დოკუმენტური,საქართველოს სამეცნიერო–პოპულარული და დოკუმენტური ფილმების სტუდია,13,,ალექსანდრე ჟღენტი,ალექსანდრე ჟღენტი,იმედა მაღლაკელიძე,,,გიორგი (გია) აბაშიძე,ელენე მახვილაძე,,http://geocinema.ge/ka/movies/3256,http://geocinema.ge/uploads/nophoto.png,ok
863,ჩრდილის პარტიტურა,2002,,,3,,ვანო თვაური,ვანო თვაური,ვანო თვაური,მაკა შატიაშვილი,,მადონა თევზაძე,გიგა ჯაფარიძე,"დიმიტრი (დიმა) მერაბიშვილი, გიორგი თვაური",http://geocinema.ge/ka/movies/863,http://geocinema.ge/uploads/nophoto.png,ok
1031,ერთი მილიმეტრი,1996,,თეატრისა და კინოს უნივერსიტეტი,10,,გიორგი (გიო) ხვადაგიანი,გიორგი (გიო) ხვადაგიანი,გიორგი (გიო) ხვადაგიანი,დიმიტრი კასრაძე,,გურამ გოგუა,ანი მაჩაბელი,"ნიკოლოზ (ნიკუშა) ანთაძე, მიხეილ ანთაძე, ნინო მამალაძე",http://geocinema.ge/ka/movies/1031,http://geocinema.ge/uploads/nophoto.png,ok
3381,შორიელთა სიახლოვე,1987,დოკუმენტური,საქართველოს სამეცნიერო–პოპულარული და დოკუმენტური ფილმების სტუდია,66,,რევაზ (რეზო) თაბუკაშვილი,რევაზ (რეზო) თაბუკაშვილი,"იური ბარამიძე, გენადი (გენო) რეხვიაშვილი",გოგიტა მაჭარაშვილი,თეიმურაზ ბაკურაძე,თენგიზ (II) მაისურაძე,კოზეტა კოტრიკაძე,,http://geocinema.ge/ka/movies/3381,http://geocinema.ge/uploads/nophoto.png,ok
563,თოჯინები დაეხმარნენ,1963,,კომპანია ”ქართული ტელეფილმი”,20,,შოთა ქარუხნიშვილი,ნუნუ გამყრელიძე,პავლე შნაიდერი,ირაკლი ხუროშვილი,,ლევან ქიშმიშევი,ალექსანდრა შულცი,ხათუნა თოდუა,http://geocinema.ge/ka/movies/563,http://geocinema.ge/uploads/nophoto.png,ok
997,წამიერება,1990,,"სს ""ქართული ფილმი""",120,,ბესარიონ (ბესო) გიორგობიანი,ბესარიონ (ბესო) გიორგობიანი,კახა ჭელიძე,გაიოზ (გოჩა) ცერცვაძე,,პაატა გოძიაშვილი,,"გრიგორი ლიამპე, ალი იბრაგიმოვი, ფატი გოგორიშვილი, ტატიანა ლავრენტიევა, ნორა გრიაკალოვა",http://geocinema.ge/ka/movies/997,http://geocinema.ge/uploads/nophoto.png,ok
7027,როგორ გაჩნდა მთვარე,2007,,მი-ფა-სი ფილმი,4,,ვლადიმერ (ლადო) სულაქველიძე,ვლადიმერ (ლადო) სულაქველიძე,,"ავთანდილ ბაქრაძე, ნანა სამანიშვილი, ვასილ სახვაძე",მამუკა მეგრელიშვილი,ლევან კიკვიძე,"ნიკოლოზ არუცევი, ნიკოლოზ მოლოდინაშვილი",,http://geocinema.ge/ka/movies/7027,http://geocinema.ge/uploads/old/poster/p7027.jpg,ok
959,დიაგონალები,2008,,,5,,რევაზ ვაწაძე,რევაზ ვაწაძე,რევაზ ვაწაძე,,,,,"თინათინ ებრალიძე, დავით მახათაძე, ანა ნიკოლაშვილი",http://geocinema.ge/ka/movies/959,http://geocinema.ge/uploads/nophoto.png,ok
693,"ფრთხილად, ნინიკო!",1975,,კომპანია ”ქართული ტელეფილმი”,9,,ნოდარ ფირალიშვილი,ნოდარ ფირალიშვილი,იგორ კრეპსი,ვახტანგ რურუა,,მიხეილ დარჩიევი,,"ლერი გაფრინდაშვილი, ლია ამირჯანოვა",http://geocinema.ge/ka/movies/693,http://geocinema.ge/uploads/nophoto.png,ok
7030,უნიჭო ობობა,2005,,ეროვნული კინოცენტრი,5,,რევაზ გვარლიანი,ერლომ ახვლედიანი,,"რევაზ გვარლიანი, ლევან ამაშუკელი, ნანა დადვანი, ჯაბა ჭანტურია",,,ლევან ამაშუკელი,,http://geocinema.ge/ka/movies/7030,http://geocinema.ge/uploads/nophoto.png,ok
3132,როცა კარიბჭე გაიღება,2001,,ტელეკომპანია ”I არხი”,24,,"ლელა წიფურია, ირინა ბოკუჩავა","ლელა წიფურია, ირინა ბოკუჩავა",ზაურ საგინაძე,ომარ მანჯავიძე,,ლევან იაშვილი,ნონა მიქიაშვილი,,http://geocinema.ge/ka/movies/3132,http://geocinema.ge/uploads/old/poster/p3132.jpg,ok
564,გია მიდის ყამირზე,1963,,კომპანია ”ქართული ტელეფილმი”,10,,ბექარ მეძმარიაშვილი,"ბექარ მეძმარიაშვილი, რევაზ კაცია",იგორ ნაგორნი,დინარა ნოდია,,ლევან ქიშმიშევი,,"შოთა სხირტლაძე, ელისაბედ (ლიზა) ვაჩნაძე, ჯემალ შარაშიძე, ინეზა აბესაძე, დავით პაპუაშვილი",http://geocinema.ge/ka/movies/564,http://geocinema.ge/uploads/nophoto.png,ok
3375,გამარჯობა დელფინო (დელფინები და ადამიანები),1980,,კომპანია ”ქართული ტელეფილმი”,,,შერგილ შონია,დემურ იოსელიანი,ვალერი ტატიაშვილი,,,მერაბ გვანცელაძე,,,http://geocinema.ge/ka/movies/3375,http://geocinema.ge/uploads/nophoto.png,ok
3183,ლიჩანიში,2009,,,13,,მარიამ ხაჭვანი,მარიამ ხაჭვანი,ბესო მახარაშვილი,,,ირაკლი ფუტკარაძე,"ბესო მახარაშვილი, ბექა მიქაძე",,http://geocinema.ge/ka/movies/3183,http://geocinema.ge/uploads/nophoto.png,ok
3036,ცისანა,2008,,"სტუდია ""აბკ""",52,,სალომე კობახიძე,სალომე კობახიძე,გელა ჩინჩალაძე,,,ავთო ყარაშვილი,"გიორგი მარსაგიშვილი, მალხაზ (მახო) სიჭინავა, მერაბ ახვლედიანი",,http://geocinema.ge/ka/movies/3036,http://geocinema.ge/uploads/nophoto.png,ok
7013,განხეთქილების ვაშლი,2003,,კინოსტუდია ”ორბი”,9,,ბონდო შოშიტაიშვილი,ბონდო შოშიტაიშვილი,შოთა კილაძე,გიორგი (გია) ლაფაური,ია საკანდელიძე,გარი კუნცევი,მარიამ კობახიძე,,http://geocinema.ge/ka/movies/7013,http://geocinema.ge/uploads/nophoto.png,ok
905,ბოლო დღე,2002,,,22,,ნიკა გელაშვილი,ნიკა გელაშვილი,ნიკა გელაშვილი,,დიმა დადიანი,,ნიკა ამირეჯიბი,გიორგი კივილაძე,http://geocinema.ge/ka/movies/905,http://geocinema.ge/uploads/nophoto.png,ok
3129,მესხები,2006,,ტელეკომპანია ”რუსთავი 2”,62,,დემნა ჯაფარიძე,თომა ჩაგელიშვილი,ირაკლი გოქაძე,ნათია შუბითიძე,,,მათე ადუაშვილი,,http://geocinema.ge/ka/movies/3129,http://geocinema.ge/uploads/nophoto.png,ok
973,საფეხურები,1979,,კომპანია ”ქართული ტელეფილმი”,,,გიორგი ლევაშოვ-თუმანიშვილი,გიორგი ლევაშოვ-თუმანიშვილი,გენადი (გენო) რეხვიაშვილი,გიორგი (გოგი) მიქელაძე,,შოველ ჩიტიძე,,,http://geocinema.ge/ka/movies/973,http://geocinema.ge/uploads/nophoto.png,ok
3002,ლიტურგია,1991,,კომპანია ”ქართული ტელეფილმი”,,,ნიკოლოზ წულაძე,ნიკოლოზ წულაძე,ილია ვაჩნაძე,,გია ყანჩელი,მერაბ გვანცელაძე,ვერა შიშმაკოვა–ნიკოლაძე,,http://geocinema.ge/ka/movies/3002,http://geocinema.ge/uploads/nophoto.png,ok
3218,აფხაზეთი – ულამაზესი მხარე,1958,დოკუმენტური,საქართველოს სამეცნიერო–პოპულარული და დოკუმენტური ფილმების სტუდია,19,,შალვა ჩაგუნავა,"მიხეილ ლაკერბაია, ალექსეი ლასურია, შალვა ჩაგუნავა","ლეონ არზუმანოვი, ო. დეკანოსიძე",,ანდრია ბალანჩივაძე,ალექსანდრე ძაგანია,,,http://geocinema.ge/ka/movies/3218,http://geocinema.ge/uploads/nophoto.png,ok
988,ანარეკლი,2009,,საქართველოს წამების მსხვერპლთა ფსიქოსოციალური და სამედიცინო ცენტრი,5,,ნიკა მაჩაიძე,ზაზა რუსაძე,,,ტუსია (ნატალია) ბერიძე,,,ნიკა მაჩაიძე,http://geocinema.ge/ka/movies/988,http://geocinema.ge/uploads/nophoto.png,ok
3352,კლდეში ნაშენი სამყარო,1988,დოკუმენტური,საქართველოს სამეცნიერო–პოპულარული და დოკუმენტური ფილმების სტუდია,15,,მერაბ გაგუა,"კონსტანტინე ნაკაშიძე, მერაბ გაგუა",გენადი (გენო) რეხვიაშვილი,,,ლუდმილა რუხაძე,სალამბო მარგიანი,,http://geocinema.ge/ka/movies/3352,http://geocinema.ge/uploads/nophoto.png,ok
7041,ბუცეფალი,2010,,სტუდია ”კვალი XXI”,3,,მარიამ კანდელაკი,მარიამ კანდელაკი,,ელენე მურჯიკნელი,თეიმურაზ ბაკურაძე,,ელენე მურჯიკნელი,,http://geocinema.ge/ka/movies/7041,http://geocinema.ge/uploads/nophoto.png,ok
3118,ხახვის ცრემლები,2003,,,58,,ლევან ღლონტი,ლევან ღლონტი,ლევან ღლონტი,,რეზო კიკნაძე,,"ლევან ღლონტი, ნოდარ ბეგიაშვილი",,http://geocinema.ge/ka/movies/3118,http://geocinema.ge/uploads/nophoto.png,ok
641,შეხვედრამდე,1970,,კომპანია ”ქართული ტელეფილმი”,26,,გივი ვეფხვაძე,სოლომონ დემურხანაშვილი,იგორ ნაგორნი,როსტომ სარიშვილი,გია ყანჩელი,მიხეილ დარჩიევი,,"ირინა დავკინა, გელა ყარანგოზიშვილი",http://geocinema.ge/ka/movies/641,http://geocinema.ge/uploads/nophoto.png,ok
1010,ქალიშვილი და მზე,1962,,კომპანია ”ქართული ტელეფილმი”,8,,მერაბ ჯალიაშვილი,"თეიმურაზ (თემო) ნაცვლიშვილი, მერაბ ჯალიაშვილი",თენგიზ ლომიძე,,ბიძინა (ალექსანდრე) კვერნაძე,,ალექსანდრა შულცი,,http://geocinema.ge/ka/movies/1010,http://geocinema.ge/uploads/nophoto.png,ok
3043,დოდო ჭიჭინაძის მასტერკლასი,2007,,,45,,მაია ბურდული,ინეზა აბესაძე,"კახა მშვიდობაძე, ბაჩო წიქარიშვილი, გიგა ლოლაძე, ბექა ბაბურაშვილი, ალე მიქაძე, ირაკლი გოგუაძე",,,,"კახა მშვიდობაძე, ირაკლი გოგუაძე",,http://geocinema.ge/ka/movies/3043,http://geocinema.ge/uploads/nophoto.png,ok
524,ზღვა,1979,,"სს ""ქართული ფილმი""",21,,გივი ალექსანდრია,გივი ალექსანდრია,ნუგზარ რუხაძე,ამირ კაკაბაძე,,,,"ნანა ყუფარაძე, ბორის სიჭინავა",http://geocinema.ge/ka/movies/524,http://geocinema.ge/uploads/nophoto.png,ok
3289,ბუბა,1930,,"სს ""სახკინმრეწვი""",41,,ნუცა (ნინო) ღოღობერიძე,ნუცა (ნინო) ღოღობერიძე,სერგეი ზაბოზლაევი,დავით კაკაბაძე,,,,,http://geocinema.ge/ka/movies/3289,http://geocinema.ge/uploads/Buba.jpg,ok
3329,ეფემერა,1997,,კომპანია ”ქართული ტელეფილმი”,50,,ალექსანდრე (სანდრო) ვახტანგოვი,ალექსანდრე (სანდრო) ვახტანგოვი,"რამაზ ბატატუნაშვილი, ილია ვაჩნაძე, სოსო გულბანი, არჩილ სალარიძე, დავით მაჩაიძე",თეონა ბექაური,,რუსუდან არაბიძე,"გია აგეკიანი, ლევან კუხაშვილი",,http://geocinema.ge/ka/movies/3329,http://geocinema.ge/uploads/nophoto.png,ok
726,დრიბლინგი,1981,,კომპანია ”ქართული ტელეფილმი”,10,,ოთარ (II) ლითანიშვილი,ოთარ (II) ლითანიშვილი,"ომარ ბრეგვაძე, გიორგი (II) დანელია",გიორგი ცხადაძე,,დიმიტრი გედევანიშვილი,,რევაზ (რეზიკო) კახიანი,http://geocinema.ge/ka/movies/726,http://geocinema.ge/uploads/nophoto.png,ok
3045,ვარდისა და ბროწეულის ყვავილობა,2007,,,39,,ირაკლი კოჭლამაზაშვილი,ირაკლი კოჭლამაზაშვილი,ლევან მახარაძე,ემზარ ბაზერაშვილი,,ირაკლი ქაცარავა,"ირაკლი კოჭლამაზაშვილი, დავით ქაცარავა",,http://geocinema.ge/ka/movies/3045,http://geocinema.ge/uploads/nophoto.png,ok
907,გუშინ – დღეს,2003,,,25,,ნიკოლოზ ბეჟანიშვილი,ნიკოლოზ ბეჟანიშვილი,ნიკოლოზ ბეჟანიშვილი,,,,"გიგა ჯაფარიძე, ნიკოლოზ ბეჟანიშვილი","გიორგი მასხარაშვილი, მაკა ბატიაშვილი",http://geocinema.ge/ka/movies/907,http://geocinema.ge/uploads/nophoto.png,ok
970,უცნობი,1988,,თეატრისა და კინოს უნივერსიტეტი,27,,მიხეილ მრევლიშვილი,მიხეილ მრევლიშვილი,მიხეილ მაღალაშვილი,,,,,"ირაკლი კონტრიძე, ნინო გომართელი",http://geocinema.ge/ka/movies/970,http://geocinema.ge/uploads/nophoto.png,ok
1000,მენახირე,1984,,"სს ""ქართული ფილმი""",30,,აკაკი შანშიაშვილი,"აკაკი შანშიაშვილი, თამაზ ბიბილური","დავით შუშანია, ლერი მაჩაიძე",დავით საჯაია,,გარი კუნცევი,აკაკი შანშიაშვილი,"ბერდო შანშიაშვილი, ბერტა ხაფავა, ვალერიან (ვალიკო) მაზმიშვილი, ტრისტან სარალიძე",http://geocinema.ge/ka/movies/1000,http://geocinema.ge/uploads/nophoto.png,ok
3086,თბილისობა 2005,2005,,"სტუდია ""ფალესტრა""",7,,"თეიმურაზ ცავა, გივი (ბესო) ოდიშარია","გივი (ბესო) ოდიშარია, თეიმურაზ ცავა","კახა ჭელიძე, დავით გოგილაშვილი, დავით მეფარიშვილი",გიორგი მორბედაძე,,ია საკანდელიძე,,,http://geocinema.ge/ka/movies/3086,http://geocinema.ge/uploads/nophoto.png,ok
3128,ხრუშჩოვი უნდა მოკვდეს,2005,,ტელეკომპანია ”რუსთავი 2”,39,,დემნა ჯაფარიძე,თომა ჩაგელიშვილი,ირაკლი გოქაძე,ნათია შუბითიძე,,,,,http://geocinema.ge/ka/movies/3128,http://geocinema.ge/uploads/nophoto.png,ok
3022,2D კანში,2008,,სტუდია ”კინემა”,54,,მიხეილ მრევლიშვილი,მიხეილ მრევლიშვილი,,,,,,"დავით ვაშაძე, დეა კულუმბეგაშვილი",http://geocinema.ge/ka/movies/3022,http://geocinema.ge/uploads/nophoto.png,ok
3089,ქართველები მარიას თეატრში,2002,,"ფონდი ""Единой верой. Грузинское дворянство в Санкт-Петербурге""",52,,ზურაბ ინაშვილი,ზურაბ ინაშვილი,"ივან მოროზოვი, რამაზ ბატატუნაშვილი",,,ია საკანდელიძე,,,http://geocinema.ge/ka/movies/3089,http://geocinema.ge/uploads/nophoto.png,ok
702,მზის ჩასვლის წინ,1968,,კომპანია ”ქართული ტელეფილმი”,10,,ნოდარ ფირანიშვილი,"რევაზ ურუშაძე, ნოდარ ფირანიშვილი",ირაკლი ონოფრიშვილი,თენგიზ (ჩუბჩიკა) მირზაშვილი,თ. კორძაია,მიხეილ დარჩიევი,,გ. ძამანიშვილი,http://geocinema.ge/ka/movies/702,http://geocinema.ge/uploads/nophoto.png,ok
3083,ადილა,2006,,,41,,გია დიასამიძე,,"გლებ გრომოვი, ლევან ქუმსიაშვილი","ვასილ სახვაძე, ნიაზ დიასამიძე",ზაზა კორინთელი,,მაია გვახარია,,http://geocinema.ge/ka/movies/3083,http://geocinema.ge/uploads/nophoto.png,ok
872,სარეცხი,2003,,"სტუდია ""მემატიანე""",10,,გიორგი ჩალაური,გიორგი ჩალაური,თომა ბეგიაშვილი,,,"თომა ბეგიაშვილი, გიორგი ჩალაური","თომა ბეგიაშვილი, გიორგი ჩალაური",,http://geocinema.ge/ka/movies/872,http://geocinema.ge/uploads/nophoto.png,ok
650,ლევანის დღიური,1962,,კომპანია ”ქართული ტელეფილმი”,10,,ალექსანდრე (ალეკო) ნინუა,ლია მატარაძე,პავლე შნაიდერი,,,ლევან ქიშმიშევი,,ლევან ჩუბინიძე,http://geocinema.ge/ka/movies/650,http://geocinema.ge/uploads/nophoto.png,ok
534,ლილეო,1975,,კომპანია ”ქართული ტელეფილმი”,29,,მიხეილ (უმც) ჭიაურელი,"ა. თათარაიძე, ვლადიმერ სიხარულიძე, მიხეილ (უმც) ჭიაურელი",ვიქტორ ანდრიევსკი,,,გურამ შუბლაძე,,,http://geocinema.ge/ka/movies/534,http://geocinema.ge/uploads/nophoto.png,ok
3209,ვის უცდიან თოვლიანი მთები,1982,,კომპანია ”ქართული ტელეფილმი”,20,,პაატა ტაბაღუა,მიხეილ (უმც) ჭიაურელი,"პავლე სუხოვი, ალბერტ (ალეკო) ბაქრაძე",,,ლევან ქიშმიშევი,ვერა შიშმაკოვა–ნიკოლაძე,,http://geocinema.ge/ka/movies/3209,http://geocinema.ge/uploads/old/poster/p3209.jpg,ok
3032,მოკითხვა უთხარი საქართველოს,2008,,,25,,გიორგი (გია) ჯანელიძე,გიორგი (გია) ჯანელიძე,"გიორგი (გია) ჯანელიძე, გიორგი დვალიშვილი",,,ვასილ (ვასიკო) ოდიშვილი,კახა ხოშტარია,,http://geocinema.ge/ka/movies/3032,http://geocinema.ge/uploads/nophoto.png,ok
7019,რატომ არა აქვს მთვარეს კაბა?,2009,,მი-ფა-სი ფილმი,6,,შადიმან ჭავჭავაძე,შადიმან ჭავჭავაძე,,შადიმან ჭავჭავაძე,მამუკა მეგრელიშვილი,თორნიკე გველესიანი,ნიკოლოზ გელაშვილი,,http://geocinema.ge/ka/movies/7019,http://geocinema.ge/uploads/old/poster/p7019.jpg,ok
7048,ჯაფარა,1951,,თბილისის კინოსტუდია,10,,არკადი ხინთიბიძე,"ალექსანდრე (სანდრო) შანშიაშვილი, არკადი ხინთიბიძე","ლუბა კვალიაშვილი, სარა სპარსიაშვილი",თეიმურაზ მიქაძე,არჩილ კერესელიძე,"ვლადიმერ დოლიძე, ვასილ დოლენკო",,,http://geocinema.ge/ka/movies/7048,http://geocinema.ge/uploads/nophoto.png,ok
3068,ჩემი ბიძა - პეტრე ოცხელი,2002,,,52,,დავით ჩუბინიშვილი,დავით ჩუბინიშვილი,პაატა ჟღენტი,ზაალ მეღვინეთუხუცესი,თეიმურაზ ბაკურაძე,ლევან კუხაშვილი,ლევან კუხაშვილი,,http://geocinema.ge/ka/movies/3068,http://geocinema.ge/uploads/nophoto.png,ok
3208,მისიით საქართველოში,2007,,"სტუდია ""სინემა""",60,,"პაატა ტაბაღუა, ჯუმბერ ებრალიძე","პაატა ტაბაღუა, ჯუმბერ ებრალიძე","ალბერტ (ალეკო) ბაქრაძე, ირაკლი ონოფრიშვილი",,,,თეიმურაზ ცავა,,http://geocinema.ge/ka/movies/3208,http://geocinema.ge/uploads/nophoto.png,ok
1025,ზოზღნა,1993,,,10,,მაია არჩვაძე,მაია არჩვაძე,ავთანდილ გვენცაძე,,,გიორგი (გია) აბაშიძე,,გია ფერაძე,http://geocinema.ge/ka/movies/1025,http://geocinema.ge/uploads/nophoto.png,ok
3075,ხევსურული მისტერიები,2002,,სტუდია ”პილიგრიმი”,26,,დავით გოგუაძე,დავით გოგუაძე,ლევან პატარაია,დავით გოგუაძე,,თეიმურაზ კუხიანიძე,ვასილ გაბუნია,,http://geocinema.ge/ka/movies/3075,http://geocinema.ge/uploads/nophoto.png,ok
3306,gruzinebi.ru,2008,,,58,,ნინო ბასილია,ნინო ბასილია,ნინო ბასილია,,,,ნინო ბასილია,,http://geocinema.ge/ka/movies/3306,http://geocinema.ge/uploads/nophoto.png,ok
663,კვლავ მივლინებაში,1963,,კომპანია ”ქართული ტელეფილმი”,30,,მერაბ ჯალიაშვილი,ელგუჯა კავკასიძე,გივი მელქაძე,ო. ზუევი,ოთარ გორდელი,ზოია ილინსკაია,ალექსანდრა შულცი,"თეიმურაზ (თემო) ნაცვლიშვილი, ანატოლი პავლოვი, ზინაიდა ჰასანენკო, როზა სვერდლოვა, ლიდია კლემენტი",http://geocinema.ge/ka/movies/663,http://geocinema.ge/uploads/nophoto.png,ok
588,ხელის მომკიდე,1994,,"სტუდია ""გაგრა-ფილმი""",10,,ოთარ ტურაბელიძე,ოთარ ტურაბელიძე,თამაზ ლომიძე,დავით ჯავახიშვილი,,გარი კუნცევი,ც. ჯინჭარაული,"ნუცა ცინცაძე, ი. ილურიძე",http://geocinema.ge/ka/movies/588,http://geocinema.ge/uploads/nophoto.png,ok
3324,ნატურა,1996,,კომპანია ”ქართული ტელეფილმი”,43,,მიხეილ ბასინოვი,მიხეილ ბასინოვი,ნოდარ ნამგალაძე,"მალხაზ კუხაშვილი, მარიკა იმედაშვილი",ია საკანდელიძე,მიხეილ დარჩიევი,,,http://geocinema.ge/ka/movies/3324,http://geocinema.ge/uploads/nophoto.png,ok
805,დასაწყისი,1997,,თეატრისა და კინოს უნივერსიტეტი,8,,ალექსანდრე (ლუკა) ხოჯავა,ალექსანდრე (ლუკა) ხოჯავა,გიორგი (გიო) ხვადაგიანი,,,,,ვასილ მხეიძე,http://geocinema.ge/ka/movies/805,http://geocinema.ge/uploads/nophoto.png,ok
3331,ჰამლეტ გონაშვილი,1988,,სახტელერადიო,34,,მერაბ გვანცელაძე,მარიამ (მერი) გველესიანი,რამაზ ბატატუნაშვილი,,,,ვერა შიშმაკოვა–ნიკოლაძე,,http://geocinema.ge/ka/movies/3331,http://geocinema.ge/uploads/old/poster/p3331.jpg,ok
7038,ბომბორა,1968,,"სს ""ქართული ფილმი""",10,,კარლო სულაკაური,"არჩილ სულაკაური, კარლო სულაკაური, ვადიმ კურჩევსკი","ვ. სარუხანოვი, კ. სოლოვცოვი",გივი კერვალიშვილი,ნუგზარ ვაწაძე,დავით ლომიძე,ნ. ტრეშოვასი,,http://geocinema.ge/ka/movies/7038,http://geocinema.ge/uploads/nophoto.png,ok
3291,ბიჭვინთა,1980,,,15,,"ჯუმბერ ებრალიძე, გიორგი ლევაშოვ-თუმანიშვილი",იოსები (სოსო) კორინთელი,თამაზ ბიჭიკაევი,,,ლევან ქიშმიშევი,მადონა ლომიძე,,http://geocinema.ge/ka/movies/3291,http://geocinema.ge/uploads/nophoto.png,ok
3342,ანა კალანდაძე,1995,,კომპანია ”ქართული ტელეფილმი”,57,,ალექსანდრე (ალეკო) ნინუა,"ოთარ მეოტიშვილი, მიხეილ კოპალეიშვილი",რამაზ ბატატუნაშვილი,მალხაზ კუხაშვილი,,შოველ ჩიტიძე,,,http://geocinema.ge/ka/movies/3342,http://geocinema.ge/uploads/nophoto.png,ok
3004,მზიანი ღამის ფერები,2007,,"სტუდია ""მარიხი""",60,,ნიკოლოზ წულაძე,ნიკოლოზ წულაძე,ვარლამ (ვაკო) ქარჩხაძე,,,საბა ამირეჯიბი,საბა ამირეჯიბი,,http://geocinema.ge/ka/movies/3004,http://geocinema.ge/uploads/nophoto.png,ok
7067,შოკოლადის ნაყინი ძალიან გემრიელია,2010,,თეატრისა და კინოს უნივერსიტეტი,11,,თინათინ ებრალიძე,თინათინ ებრალიძე,,დავით კიკნაველიძე,,თამთა მანძულაშვილი,თინათინ ებრალიძე,,http://geocinema.ge/ka/movies/7067,http://geocinema.ge/uploads/nophoto.png,ok
3116,"სახლი, სადაც იბადებიან ზღაპრები",2002,,,37,,"გარი კუნცევი, ვახტანგ კუნცევ–გაბაშვილი",,ვახტანგ კუნცევ–გაბაშვილი,,,,,,http://geocinema.ge/ka/movies/3116,http://geocinema.ge/uploads/nophoto.png,ok
3023,გონის სუვერენობა,2008,,,39,,ლელა წიფურია,ლელა წიფურია,ბაქარ შარაშენიძე,,კაკო ვაშალომიძე,კაკო ვაშალომიძე,ნიკოლოზ ადუაშვილი,,http://geocinema.ge/ka/movies/3023,http://geocinema.ge/uploads/nophoto.png,ok
3145,ელეგია,1999,,"სტუდია ""მარიხი""",45,,ნიკოლოზ წულაძე,ნიკოლოზ წულაძე,გურამ საძაგლიშვილი,პაატა კლდიაშვილი,თეიმურაზ ბაკურაძე,მადონა თევზაძე,,,http://geocinema.ge/ka/movies/3145,http://geocinema.ge/uploads/nophoto.png,ok
3242,სერგო  ზაქარიაძე,1971,,კომპანია ”ქართული ტელეფილმი”,,,დიმიტრი ბათიაშვილი,"ლამარა ბოკერია, დიმიტრი ბათიაშვილი","პავლე შნაიდერი, თამაზ კეშელავა",,,შოველ ჩიტიძე,,,http://geocinema.ge/ka/movies/3242,http://geocinema.ge/uploads/nophoto.png,ok
3087,მათი ვერტმფრენი,2006,,საპროდუქციო კომპანია ”საქდოკ ფილმი”,23,,სალომე ჯაში,,ტატო კოტეტიშვილი,,,სალომე ჯაში,სალომე ჯაში,,http://geocinema.ge/ka/movies/3087,http://geocinema.ge/uploads/nophoto.png,ok
622,მინის კალენდარი,1991,,"სტუდია ""+ 1""  (პლიუს ერთი)",25,,თეიმურაზ ცავა,"თეიმურაზ ცავა, მამუკა ლეკიაშვილი",კახა ჭელიძე,ნინო ფერაძე,,გია ჯავახიშვილი,ნანა არეშიძე,"მანანა შარაშიძე, ზურა კალანდაძე",http://geocinema.ge/ka/movies/622,http://geocinema.ge/uploads/nophoto.png,ok
3301,დავით გურამიშვილი,1980,დოკუმენტური,საქართველოს სამეცნიერო–პოპულარული და დოკუმენტური ფილმების სტუდია,20,,მიხეილ სალუქვაძე,მიხეილ სალუქვაძე,"რამაზ კაკულია, რევაზ (რეზო) მახათაძე",,,გიორგი ლომიძე,,,http://geocinema.ge/ka/movies/3301,http://geocinema.ge/uploads/nophoto.png,ok
3199,გოგი გეგეჭკორი,1998,,,,,გიორგი (გოგა) ჩართოლანი,,,,,,,,http://geocinema.ge/ka/movies/3199,http://geocinema.ge/uploads/nophoto.png,ok
3215,ხევსურეთი - მითის გაცოცხლება,1991,,სტუდია-91,30,,"შალვა ჩაგუნავა, მერაბ ჩაგუნავა",კობა არაბული,"ვახტანგ ბეგოიძე, დათო ნადირაშვილი",,,გიორგი (გია) აბაშიძე,,,http://geocinema.ge/ka/movies/3215,http://geocinema.ge/uploads/nophoto.png,ok
1011,ბოთლი ღვინო,2010,,,14,,შორენა თევზაძე,შორენა თევზაძე,გიორგი ფრიდონიშვილი,,რობერტ (რობი) კუხიანიძე,მარიამ ქაცარავა,შორენა თევზაძე,"ჯაბა წულაძე, რობერტ (რობი) კუხიანიძე, თორნიკე სანოძე",http://geocinema.ge/ka/movies/1011,http://geocinema.ge/uploads/nophoto.png,ok
887,უგმიროდ,2003,,,14,,გიორგი უღრელიძე,გიორგი უღრელიძე,გიორგი უღრელიძე,,,,ზურა ქავთარაძე,"ვახტანგ კეკელიძე, თამარ ზაქარეიშვილი, გიორგი თევზაძე, ლუკა თევზაძე",http://geocinema.ge/ka/movies/887,http://geocinema.ge/uploads/nophoto.png,ok
3061,მე ვარ მხატვარი,2005,,,26,,დავით ჩუბინიშვილი,დავით ჩუბინიშვილი,პაატა ჟღენტი,ზაალ მეღვინეთუხუცესი,თეიმურაზ ბაკურაძე,ლევან კუხაშვილი,ლევან კუხაშვილი,,http://geocinema.ge/ka/movies/3061,http://geocinema.ge/uploads/nophoto.png,ok
3080,რამდენიმე განმარტოებული კადრი რამდენიმე ეული არსებისა და საგნის შესახებ,2004,,,45,,ქეთევან გუჯაბიძე,ქეთევან გუჯაბიძე,დავით გუჯაბიძე,,,დავით გუჯაბიძე,გიორგი იმედაშვილი,,http://geocinema.ge/ka/movies/3080,http://geocinema.ge/uploads/nophoto.png,ok
3024,სინანულის სანაპირო,2008,,"სტუდია ""მარიხი""",55,,ნიკოლოზ წულაძე,ნიკოლოზ წულაძე,"მარტინ გუდი, ვარლამ (ვაკო) ქარჩხაძე, საბა ამირეჯიბი",მარია ევანსი,,საბა ამირეჯიბი,დავით (II) ურუშაძე,,http://geocinema.ge/ka/movies/3024,http://geocinema.ge/uploads/nophoto.png,ok
049,ხუთი წუთი,1928,მუნჯი / კინონარკვევი,"სს ""სახკინმრეწვი""",48,22.01.1929,"ალექსანდრე ბალაგინი, გიორგი ზელონჯევ-შიპოვი","ალექსანდრე ბალაგინი, გიორგი ზელონჯევ-შიპოვი","ნიკოლაი ანოშჩენკო, გრიგორ კაბალოვი",სერგეი კოზლოვსკი,,,,"პ. პოლტორაცკი, ივან ჩუველევი, ვან მინ-სი, ჯონსონ, ხო მო–ცინ",http://geocinema.ge/ka/movies/049,http://geocinema.ge/uploads/nophoto.png,ok
709,სულერთია დაგეწევი,1964,,კომპანია ”ქართული ტელეფილმი”,,,ლალი ცქიტიშვილი,რევაზ ურუშაძე,იგორ ნაგორნი,,,ლევან ქიშმიშევი,,"მარინა კობახიძე, დემურ დანელია",http://geocinema.ge/ka/movies/709,http://geocinema.ge/uploads/nophoto.png,ok
823,მე  შავიზღვისპირელი ვარ,1944,დრამა / სათავგადასავლო,თბილისის კინოსტუდია,77,21.03.1944,ალექსანდრე მაჩერეტი,ლეონიდ სოლოვიოვი,ალექსანდრე ლავრიკი,ვლადიმერ კაპლუნოვსკი,დიმიტრი კლებანოვი,,,"ბორის ანდრეევი, ლარისა ემელიანცევა, ანდრეი სოვა, ფიოდორ იშჩენკო, ვლადიმერ გრიბკოვი, ალექსანდრე სმირანინი, ჰანს კლერინგი, გიორგი კუროვსკი",http://geocinema.ge/ka/movies/823,http://geocinema.ge/uploads/old/poster/p823.jpg,ok
3121,კავკასიაში დატყვევებულნი,2003,,,105,,ანდრო ჭიაურელი,დავით (II) კაკაბაძე,ლერი მიხანაშვილი,,გიორგი ცინცაძე,,მილოშ პალეცეკი,,http://geocinema.ge/ka/movies/3121,http://geocinema.ge/uploads/nophoto.png,ok
3310,ქართული საჭურველი,1986,დოკუმენტური,საქართველოს სამეცნიერო–პოპულარული და დოკუმენტური ფილმების სტუდია,10,,"ჟუჟუნა ლომიძე, იზოლდა შველიძე",კონსტანტინე ნაკაშიძე,ტარიელ ელიაშვილი,,,თენგიზ (II) მაისურაძე,,,http://geocinema.ge/ka/movies/3310,http://geocinema.ge/uploads/nophoto.png,ok
3065,სამი სიმღერა,1962,,"სს ""ქართული ფილმი""",10,,ბაადურ წულაძე,"არლი თაყაიშვილი, რეზო ჭეიშვილი",ალექსანდრე ფარადაშვილი,,,მიხეილ ათანელოვი,,,http://geocinema.ge/ka/movies/3065,http://geocinema.ge/uploads/nophoto.png,ok
3158,ავანგარდისტები,1990,დოკუმენტური,საქართველოს სამეცნიერო–პოპულარული და დოკუმენტური ფილმების სტუდია,,,დავით გოგუაძე,"დავით გოგუაძე, ქეთევან ჩუბინიშვილი",ზურაბ ადუაშვილი,დავით გოგუაძე,,გიორგი (გია) აბაშიძე,დავით გოგუაძე,,http://geocinema.ge/ka/movies/3158,http://geocinema.ge/uploads/nophoto.png,ok
745,ფუნჯით ნათქვამი,1960,,კომპანია ”ქართული ტელეფილმი”,,,მერაბ ჯალიაშვილი,მერაბ ჯალიაშვილი,რევაზ კეზელი,თენგიზ სამსონაძე,,ლევან ქიშმიშევი,,"ნელი კილოსანიძე, გივი ვლადიმერაშვილი, თენგიზ კილოსანიძე",http://geocinema.ge/ka/movies/745,http://geocinema.ge/uploads/nophoto.png,ok
3335,აკაკი,1990,დოკუმენტური,საქართველოს სამეცნიერო–პოპულარული და დოკუმენტური ფილმების სტუდია,47,,"ჟუჟუნა ლომიძე, იზოლდა შველიძე",,"იმედა მაღლაკელიძე, ტარიელ ელიაშვილი, თეიმურაზ ჭოხონელიძე",,,თენგიზ (II) მაისურაძე,,,http://geocinema.ge/ka/movies/3335,http://geocinema.ge/uploads/nophoto.png,ok
3312,უგვირგვინო მეფე,1977,დოკუმენტური,საქართველოს სამეცნიერო–პოპულარული და დოკუმენტური ფილმების სტუდია,20,,"ჟუჟუნა ლომიძე, იზოლდა შველიძე",აკაკი ბაქრაძე,ტარიელ ელიაშვილი,,,თენგიზ (II) მაისურაძე,,,http://geocinema.ge/ka/movies/3312,http://geocinema.ge/uploads/nophoto.png,ok
3160,ხოგაის მინდის შვილები,1992,დოკუმენტური,საქართველოს სამეცნიერო–პოპულარული და დოკუმენტური ფილმების სტუდია,,,დავით გოგუაძე,"დავით (დათო) სიხარულიძე, მამუკა მონავარდისაშვილი",ზურაბ ადუაშვილი,,,გიორგი (გია) აბაშიძე,,,http://geocinema.ge/ka/movies/3160,http://geocinema.ge/uploads/nophoto.png,ok
7042,ამომავალი მზის ქვეყანა,2010,,თეატრისა და კინოს უნივერსიტეტი,7,,ნათია ნიკოლაშვილი,,,ნათია ნიკოლაშვილი,,სანდრო ნაკაშიძე,ნათია ნიკოლაშვილი,,http://geocinema.ge/ka/movies/7042,http://geocinema.ge/uploads/nophoto.png,ok
864,წყურვილი,2003,,თეატრისა და კინოს უნივერსიტეტი,3,,მაია კიკაბიძე,მაია კიკაბიძე,მაია კიკაბიძე,მაია კიკაბიძე,,გიგა ჯაფარიძე,გიგა ჯაფარიძე,"ბაკო ჩივაძე, ბადრი ბაშაყმაძე, მამუკა ნადირაძე",http://geocinema.ge/ka/movies/864,http://geocinema.ge/uploads/nophoto.png,ok
571,ექსჩემპიონი,1983,,კომპანია ”ქართული ტელეფილმი”,,,ვლადიმერ ტყაბლაძე,ვლადიმერ ტყაბლაძე,იგორ კრეპსი,ელენე ფაილოძე,,მერაბ გვანცელაძე,,ფარნაოზ კიკნაძე,http://geocinema.ge/ka/movies/571,http://geocinema.ge/uploads/nophoto.png,ok
815,რევოლუცია,2007,,,5,,ვანო თვაური,ვანო თვაური,ჯაბა კლდიაშვილი,გიორგი გელაშვილი,,მადონა თევზაძე,ვანო თვაური,დათო ჩიქოვანი,http://geocinema.ge/ka/movies/815,http://geocinema.ge/uploads/nophoto.png,ok
550,მემანქანის საჩუქარი,1966,,კომპანია ”ქართული ტელეფილმი”,10,,სამუელ თოიძე,სამუელ თოიძე,ალექსანდრე მარქარიანი,,,ლევან ქიშმიშევი,ალექსანდრა შულცი,"ზურაბ (კუკური) ლაფერაძე, ირაკლი ქოქრაშვილი, იუსუფ (იოსებ) კობალაძე",http://geocinema.ge/ka/movies/550,http://geocinema.ge/uploads/nophoto.png,ok
3141,მეტივეები,1979,,,25,,ნიკოლოზ წულაძე,ნიკოლოზ წულაძე,გენო შენგელია,,გიორგი ცინცაძე,გურამ შუბლაძე,ასმათ ჭელიძე,,http://geocinema.ge/ka/movies/3141,http://geocinema.ge/uploads/nophoto.png,ok
3142,ზღვარი,1984,,,80,,ნიკოლოზ წულაძე,ნიკოლოზ წულაძე,"ვაჟა აქიაშვილი, დათო ნადირაშვილი",ასმათ ჭიკაიძე,ალექსანდრე (სანდრო) თომაძე,გიორგი (გია) აბაშიძე,ნიკოლოზ წულაძე,,http://geocinema.ge/ka/movies/3142,http://geocinema.ge/uploads/nophoto.png,ok
903,ასანთი,2003,,"კომპანია ""ახალი  სტუდია""",20,,მაია გურაბანიძე,მაია გურაბანიძე,ლაშა დარდაგანი,ნათია გურაბანიძე,,,ნიკოლოზ ადუაშვილი,"გიორგი ბანძელაძე, ირმა კინწურაშვილი",http://geocinema.ge/ka/movies/903,http://geocinema.ge/uploads/nophoto.png,ok
3198,პატარა სიმღერა,1969,,კომპანია ”ქართული ტელეფილმი”,50,,ზაალ კაკაბაძე,ზაალ კაკაბაძე,გივი მელქაძე,მიხეილ ბახანოვი,,მერაბ გვანცელაძე,ციური კობერიძე,,http://geocinema.ge/ka/movies/3198,http://geocinema.ge/uploads/nophoto.png,ok
7068,ჯადოსნური კვერცხი,1974,ნახატი,"სს ""ქართული ფილმი""",10,,"ოლეგ ქოჩაკიძე, ალექსანდრე სლოვინსკი, იური ჩიკვაიძე","იური ჩიკვაიძე, ალექსანდრე სლოვინსკი, ოლეგ ქოჩაკიძე",ლუბა კვალიაშვილი,"ოლეგ ქოჩაკიძე, ალექსანდრე სლოვინსკი, იური ჩიკვაიძე",გია ყანჩელი,თენგიზ ნანობაშვილი,,,http://geocinema.ge/ka/movies/7068,http://geocinema.ge/uploads/nophoto.png,ok
3211,ფოლადი და ადამიანი,1960,დოკუმენტური,საქართველოს სამეცნიერო–პოპულარული და დოკუმენტური ფილმების სტუდია,10,,ზაალ კაკაბაძე,სულიკო ჟღენტი,ალექსანდრე აჯიბეგაშვილი,,,გიორგი ლომიძე,ლარისა ოტრადინსკაია,,http://geocinema.ge/ka/movies/3211,http://geocinema.ge/uploads/nophoto.png,ok
3159,მაცხოვრის სამსჭვალი,1991,დოკუმენტური,საქართველოს სამეცნიერო–პოპულარული და დოკუმენტური ფილმების სტუდია,43,,დავით გოგუაძე,ნანა დევდარიანი,ზურაბ ადუაშვილი,გია ბუღაძე,,ზურაბ ფურცელაძე,,,http://geocinema.ge/ka/movies/3159,http://geocinema.ge/uploads/nophoto.png,ok
926,სოლო,2008,,მიდიფილმი,7,,ვანო თვაური,ვანო თვაური,ორესტ თოდუა,გიორგი გელაშვილი,,მადონა თევზაძე,ვანო თვაური,,http://geocinema.ge/ka/movies/926,http://geocinema.ge/uploads/nophoto.png,ok
3205,რამინის ბიჭები,2003,,კომპანია ”ქართული ტელეფილმი”,40,,ზაალ კაკაბაძე,ზაალ კაკაბაძე,ნოდარ ნამგალაძე,,,რუსუდან არაბიძე,მაია კეკელია,,http://geocinema.ge/ka/movies/3205,http://geocinema.ge/uploads/nophoto.png,ok
914,უსათაუროდ,2003,,,34,,არჩილ ქავთარაძე,არჩილ ქავთარაძე,გოგა დევდარიანი,დოდო ჩხეიძე,,,"ტარი გომართელი, მალხაზ (მახო) სიჭინავა, მერაბ ახვლედიანი","სანდრო თაყაიშვილი, დუდუ ცაავა, დოდო ჩხეიძე",http://geocinema.ge/ka/movies/914,http://geocinema.ge/uploads/nophoto.png,ok
3332,გია ყანჩელი,2001,,,65,,ალექსანდრე (სანდრო) ვახტანგოვი,ალექსანდრე (სანდრო) ვახტანგოვი,ილია ვაჩნაძე,,,რუსუდან არაბიძე,იოსებ (სოსო) გუგუშვილი,,http://geocinema.ge/ka/movies/3332,http://geocinema.ge/uploads/nophoto.png,ok
3292,აფხაზეთის მარგალიტი,1987,,,28,,ჯუმბერ ებრალიძე,ჯუმბერ ებრალიძე,"ალბერტ (ალეკო) ბაქრაძე, პავლე სუხოვი",,,აკაკი ლეჟავა,ინა კრეპსი,,http://geocinema.ge/ka/movies/3292,http://geocinema.ge/uploads/nophoto.png,ok
3248,ყოველ შაბათს,1973,,კომპანია ”ქართული ტელეფილმი”,,,რეზო ესაძე,"ე. მაისურაძე, რეზო ესაძე","ტრისტან კანდელაკი, გივი იკაშვილი, ნუგზარ რუხაძე",,,გია გაბელია,,,http://geocinema.ge/ka/movies/3248,http://geocinema.ge/uploads/nophoto.png,ok
3277,ფალავნები,1985,,კომპანია ”ქართული ტელეფილმი”,27,,ჯუმბერ ებრალიძე,"ჯუმბერ ებრალიძე, რაულ ჩანტლაძე",ილია ვაჩნაძე,,,მიხეილ დარჩიევი,ინა კრეპსი,,http://geocinema.ge/ka/movies/3277,http://geocinema.ge/uploads/nophoto.png,ok
3103,ალსტრომის სინდრომი,2001,,,16,,ალექსანდრე ქორიძე,,,,,,,,http://geocinema.ge/ka/movies/3103,http://geocinema.ge/uploads/nophoto.png,ok
3042,სკივრი,2007,,"სტუდია ""მემატიანე""",15,,გიორგი (გოგი) თორაძე,გიორგი (გოგი) თორაძე,რევაზ (რეზო) მახათაძე,,,,,,http://geocinema.ge/ka/movies/3042,http://geocinema.ge/uploads/nophoto.png,ok
3344,ქაქუცა ჩოლოყაშვილი,1989,დოკუმენტური,საქართველოს სამეცნიერო–პოპულარული და დოკუმენტური ფილმების სტუდია,10,,ზურაბ შანიძე,გურამ შარაძე,ნოდარ ჭუმბურიძე,,,ბადრი გოგიბერიძე,,,http://geocinema.ge/ka/movies/3344,http://geocinema.ge/uploads/nophoto.png,ok
559,ორშაბათი,1995,,კომპანია ”ქართული ტელეფილმი”,,,ირაკლი ბაღათურია,ირაკლი ბაღათურია,,,,,,"მერაბ (II) გეგეჭკორი, გურამ გეგეჭკორი, ბექა ქავთარაძე",http://geocinema.ge/ka/movies/559,http://geocinema.ge/uploads/nophoto.png,ok
989,ახალი 2009 წელი,2009,,,9,,შალვა მიქუტიშვილი,შალვა მიქუტიშვილი,ომარ გელაშვილი,,,,შალვა მიქუტიშვილი,"ვერიკო კალანდარიშვილი, ლევან ლომჯარია",http://geocinema.ge/ka/movies/989,http://geocinema.ge/uploads/nophoto.png,ok
7034,სერანილია - დაგვიანებული დღიურები,2005,,"ვიდეოსტუდია ""აკადემქალაქი-1""",13,,გიორგი (გოგიტა) ჭყონია,თამარ ბართაია,ლევან ქიქავა,გელა წულაძე,,,პაატა კახაძე,,http://geocinema.ge/ka/movies/7034,http://geocinema.ge/uploads/nophoto.png,ok
915,ოჯახი,2001,,,35,,ნიკა გელაშვილი,ნიკა გელაშვილი,ნიკა გელაშვილი,,ქეითი ჯარეტი,,გიგა ჯაფარიძე,სოფო გრიგოლაშვილი,http://geocinema.ge/ka/movies/915,http://geocinema.ge/uploads/nophoto.png,ok
3203,ვიოლინოს რაფსოდია,1964,დოკუმენტური,საქართველოს სამეცნიერო–პოპულარული და დოკუმენტური ფილმების სტუდია,20,,ზაალ კაკაბაძე,რუსუდან თიკანაძე,შალვა შიოშვილი,,,გიორგი ლომიძე,ლარისა ოტრადინსკაია,,http://geocinema.ge/ka/movies/3203,http://geocinema.ge/uploads/nophoto.png,ok
3070,თბილისში გავისეირნოთ,2003,,,19,,დავით ჩუბინიშვილი,დავით ჩუბინიშვილი,პაატა ჟღენტი,ზაალ მეღვინეთუხუცესი,თეიმურაზ ბაკურაძე,ლევან კუხაშვილი,ლევან კუხაშვილი,,http://geocinema.ge/ka/movies/3070,http://geocinema.ge/uploads/nophoto.png,ok
991,მე მოვალ დილით,2009,,,16,,ნინო ხატიაშვილი,ნინო ხატიაშვილი,ლევან პატარაია,,ნიკა შამუგია,ირაკლი ქაცარავა,სოსო ჯავახიშვილი,"პაატა ვახტანგიშვილი, ზურაბ სიხარულიძე, ზურა აბესაძე, მანანა დიღმელაშვილი, თენგო სეფიაშვილი, ლევან კაპანაძე, ბუხო ბუჯიაშვილი",http://geocinema.ge/ka/movies/991,http://geocinema.ge/uploads/nophoto.png,ok
3261,"რეზი, შოთი, აჩი",1996,,კომპანია ”ქართული ტელეფილმი”,30,,"ჯუმბერ ებრალიძე, გიორგი (გოგი) თორაძე",ჯუმბერ ებრალიძე,გიორგი (გოგი) თორაძე,,,ლია ნანობაშვილი,,,http://geocinema.ge/ka/movies/3261,http://geocinema.ge/uploads/nophoto.png,ok
3044,დუმილი,2007,,,19,,შორენა თევზაძე,შორენა თევზაძე,გიორგი ფრიდონიშვილი,,"რობერტ (რობი) კუხიანიძე, გიორგი გაბუნია","გიორგი ფრიდონიშვილი, მარიამ ქაცარავა","შორენა თევზაძე, ზურაბ მენთეშაშვილი","სოფო სამსონია, გოგა ჩხეიძე, გიორგი გაბუნია, გიორგი დათაშვილი, ინეზა გვანცელაძე",http://geocinema.ge/ka/movies/3044,http://geocinema.ge/uploads/nophoto.png,ok
3314,მოცარტი და...,1999,,კომპანია ”ქართული ტელეფილმი”,35,,მიხეილ ბასინოვი,მიხეილ ბასინოვი,"ნოდარ ნამგალაძე, ტრისტან კანდელაკი",გიორგი (გოგი) ტატიშვილი,,ნუცა შოშიტაიშვილი,იოსებ (სოსო) გუგუშვილი,,http://geocinema.ge/ka/movies/3314,http://geocinema.ge/uploads/nophoto.png,ok
3170,რაინდები,1996,,კომპანია ”ქართული ტელეფილმი”,55,,ირაკლი ონოფრიშვილი,ირაკლი ონოფრიშვილი,"ტრისტან კანდელაკი, ნოდარ ნამგალაძე",,,რუსუდან არაბიძე,,,http://geocinema.ge/ka/movies/3170,http://geocinema.ge/uploads/nophoto.png,ok
3272,პლებისციტი–96,1997,,"სტუდია ""მემატიანე""",26,,თენგიზ ნოზაძე,თენგიზ ნოზაძე,"დავით ასათიანი, გურიელ (გურამ) როგავა, ბორის კობესოვი, ალექსანდრე (საშა) სვეტლოვი",,,გიორგი (გია) აბაშიძე,ლილი სარაჯიშვილი,,http://geocinema.ge/ka/movies/3272,http://geocinema.ge/uploads/nophoto.png,ok
3365,მარად ცოცხალი ხელოვნება,1988,დოკუმენტური,საქართველოს სამეცნიერო–პოპულარული და დოკუმენტური ფილმების სტუდია,19,,"ალა ბარაბაძე, ელენე შერენცი-კორძაია",ლია მაჭუტაძე,"რევაზ (რეზო) მახათაძე, ავთანდილ გვენცაძე",დავით გოგუაძე,,გიორგი (გია) აბაშიძე,,,http://geocinema.ge/ka/movies/3365,http://geocinema.ge/uploads/nophoto.png,ok
3284,ყოველი ქართლი,1995,,კომპანია ”ქართული ტელეფილმი”,49,,ჯუმბერ ებრალიძე,"თამაზ მამულაშვილი, ჯუმბერ ებრალიძე",ილია ვაჩნაძე,,,"შოველ ჩიტიძე, ლევან ქიშმიშევი",ეთერ ბურდული,,http://geocinema.ge/ka/movies/3284,http://geocinema.ge/uploads/nophoto.png,ok
3364,ძველი ქართული ხელნაწერები,1988,დოკუმენტური,საქართველოს სამეცნიერო–პოპულარული და დოკუმენტური ფილმების სტუდია,18,,შერგილ შონია,"დოდო თოფურია, ლ. ჭეიშვილი",ი. პოღოსოვი,,,ლუდმილა რუხაძე,,,http://geocinema.ge/ka/movies/3364,http://geocinema.ge/uploads/nophoto.png,ok
3293,თეთრი თორღვაი,1969,დოკუმენტური,საქართველოს სამეცნიერო–პოპულარული და დოკუმენტური ფილმების სტუდია,15,,გია ჭუბაბრია,ვალერიან სულაკაური,გია ჭუბაბრია,,,გიორგი ლომიძე,,,http://geocinema.ge/ka/movies/3293,http://geocinema.ge/uploads/nophoto.png,ok
1026,შეხება,1990,,"სს ""ქართული ფილმი""",12,,კახა ბარამიძე,კახა ბარამიძე,დავით ნემსაძე,,,თენგიზ თოდაძე,გულნარა (გულიკო) ომიაძე,ედიშერ ბარამიძე,http://geocinema.ge/ka/movies/1026,http://geocinema.ge/uploads/nophoto.png,ok
3085,მე მესიზმრება თბილისი,2005,,"სტუდია ""ფალესტრა""",11,,"თეიმურაზ ცავა, გივი (ბესო) ოდიშარია","გივი (ბესო) ოდიშარია, თეიმურაზ ცავა",კახა ჭელიძე,გიორგი მორბედაძე,,ია საკანდელიძე,"თეიმურაზ ცავა, გივი (ბესო) ოდიშარია",,http://geocinema.ge/ka/movies/3085,http://geocinema.ge/uploads/nophoto.png,ok
3241,ბორის პაიჭაძე,1990,,კომპანია ”ქართული ტელეფილმი”,45,,ჯუმბერ ებრალიძე,"რიჩარდ გაგუა, ჯუმბერ ებრალიძე",გურამ სარაჯიშვილი,,,მიხეილ დარჩიევი,ეთერ ბურდული,,http://geocinema.ge/ka/movies/3241,http://geocinema.ge/uploads/nophoto.png,ok
3295,ჩოგოვაძეები,1983,დოკუმენტური,საქართველოს სამეცნიერო–პოპულარული და დოკუმენტური ფილმების სტუდია,11,,გია ჭუბაბრია,მარინე ვაშაყმაძე,ელგუჯა ქართველიშვილი,,,გარი კუნცევი,,,http://geocinema.ge/ka/movies/3295,http://geocinema.ge/uploads/nophoto.png,ok
3334,სულიკო,1990,დოკუმენტური,საქართველოს სამეცნიერო–პოპულარული და დოკუმენტური ფილმების სტუდია,18,,დავით კობახიძე,დავით კობახიძე,რევაზ (რეზო) მახათაძე,,,ლუდმილა რუხაძე,,,http://geocinema.ge/ka/movies/3334,http://geocinema.ge/uploads/nophoto.png,ok
3265,გურია! გურია! გურია!,1984,დოკუმენტური,საქართველოს სამეცნიერო–პოპულარული და დოკუმენტური ფილმების სტუდია,16,,ალექსანდრე ჟღენტი,ალექსანდრე ჟღენტი,"ბორის კობესოვი, ვლადიმერ საღარეიშვილი",როლანდ მარგალიტაძე,,ბადრი გოგიბერიძე,ელენე მახვილაძე,,http://geocinema.ge/ka/movies/3265,http://geocinema.ge/uploads/nophoto.png,ok
3327,"ლიანა ისაკაძე, ვივალდი და ზღვა",1998,,კომპანია ”ქართული ტელეფილმი”,50,,ალექსანდრე (სანდრო) ვახტანგოვი,ალექსანდრე (სანდრო) ვახტანგოვი,ილია ვაჩნაძე,თეონა ბექაური,,,,,http://geocinema.ge/ka/movies/3327,http://geocinema.ge/uploads/nophoto.png,ok
3047,მოხეტიალე ლანდები,2007,,ეროვნული შოუ-კინო-თეატრალური ხელოვნების მოღვწეთა კავშირი,45,,"უშანგი სიხარულიძე, დალი ვაშაკიძე","უშანგი სიხარულიძე, დალი ვაშაკიძე",ნიკო ბაღაშვილი,,,იური გორსკი,იური გორსკი,,http://geocinema.ge/ka/movies/3047,http://geocinema.ge/uploads/nophoto.png,ok
3363,მერაბ ბერძენიშვილი,1976,დოკუმენტური,საქართველოს სამეცნიერო–პოპულარული და დოკუმენტური ფილმების სტუდია,17,,ირაკლი ასათიანი,ლევან (ბუთური) ცინცაძე,გენადი (გენო) რეხვიაშვილი,,,,,,http://geocinema.ge/ka/movies/3363,http://geocinema.ge/uploads/nophoto.png,ok
3268,სნაიპერი,2000,,კომპანია ”ქართული ტელეფილმი”,20,,გიორგი (გოგი) თორაძე,ირაკლი სოლომანაშვილი,ალბერტ (ალეკო) ბაქრაძე,,,რუსუდან არაბიძე,,,http://geocinema.ge/ka/movies/3268,http://geocinema.ge/uploads/nophoto.png,ok
925,ჩიხი,2004,,,46,,როინ დვალი,"როინ დვალი, ზურა ქავთარაძე",გიზო აბაშიძე,,,"როინ დვალი, ზურა ქავთარაძე",ზურა ქავთარაძე,,http://geocinema.ge/ka/movies/925,http://geocinema.ge/uploads/nophoto.png,ok
3337,შიო–მღვიმე,1992,,"სს ""ქართული ფილმი""",10,,"ოთარ გურგენიძე, გიორგი გურგენიძე",ნელი დოლიძე,ელდარ ვაწაძე,,,,,,http://geocinema.ge/ka/movies/3337,http://geocinema.ge/uploads/nophoto.png,ok
960,მეფისტოვალსი,2008,,,15,,მზია მანჯავიძე,მზია მანჯავიძე,მირიან თაბუკაშვილი,,,,ბექა კანდელაკი,"გიორგი მიქაძე, მარიამ მანჯავიძე, რევაზ (რეზო) თავაძე",http://geocinema.ge/ka/movies/960,http://geocinema.ge/uploads/nophoto.png,ok
038,"მიტკა, პეტკა და ჩემბერლენი",1927,მუნჯი / საბავშვო,"სს ""სახკინმრეწვი""",58,,ალექსანდრე სეგელი,ი. ფიდლერი,ა. ვინკლერი,,,,,,http://geocinema.ge/ka/movies/038,http://geocinema.ge/uploads/ზომაშეცვლილი/მიტკა-პეტკა.jpg,ok
3278,გამალამაზეთ,1986,დოკუმენტური,საქართველოს სამეცნიერო–პოპულარული და დოკუმენტური ფილმების სტუდია,29,,ლეონიდ (ლეო) ბაქრაძე,ლეონიდ გურევიჩი,"ანატოლი შაფრანი, რევაზ (რეზო) მახათაძე, რამაზ კაკულია",,ალექსანდრე გოლდშტეინი,"სტანისლავ ბიცი, ბადრი გოგიბერიძე",ოლღა ტროფიმოვა,,http://geocinema.ge/ka/movies/3278,http://geocinema.ge/uploads/nophoto.png,ok
3144,ქართული გამბიტი,1992,,"სტუდია ""მარიხი""",30,,ნიკოლოზ წულაძე,"ნანა ალექსანდრია, ნიკოლოზ წულაძე",გურამ საძაგლიშვილი,,,მადონა თევზაძე,ნანა ჩემია,,http://geocinema.ge/ka/movies/3144,http://geocinema.ge/uploads/nophoto.png,ok
3359,ქალები,1990,დოკუმენტური,საქართველოს სამეცნიერო–პოპულარული და დოკუმენტური ფილმების სტუდია,25,,ვაჟა ზუბაშვილი,ვაჟა ზუბაშვილი,დავით ასათიანი,,,ლუდმილა რუხაძე,,,http://geocinema.ge/ka/movies/3359,http://geocinema.ge/uploads/nophoto.png,ok
7056,პროფილი და ანფასი,1988,,"სს ""ქართული ფილმი""",10,,ბონდო შოშიტაიშვილი,ბონდო შოშიტაიშვილი,ვიოლეტა ქაროსანიძე,გიორგი (გია) ლაფაური,იოსებ (სოსო) ბარდანაშვილი,ვლადიმერ ნიკონოვი,მარიამ კობახიძე,,http://geocinema.ge/ka/movies/7056,http://geocinema.ge/uploads/nophoto.png,ok
3253,გზა ჭადრაკის დედოფლის გვირგვინისაკენ,1986,,კომპანია ”ქართული ტელეფილმი”,,,ჯუმბერ ებრალიძე,"ჯუმბერ ებრალიძე, ლამარა ბოკერია",ილია ვაჩნაძე,,,ირაკლი ბაკურაძე,,,http://geocinema.ge/ka/movies/3253,http://geocinema.ge/uploads/nophoto.png,ok
3021,გამჭვირვალე ტანკი,2008,,ტელეკომპანია ”რუსთავი 2”,12,,ვანო თვაური,ვანო თვაური,ვანო თვაური,,,,ვანო თვაური,,http://geocinema.ge/ka/movies/3021,http://geocinema.ge/uploads/nophoto.png,ok
7055,ქვასანაყი,1976,,"სს ""ქართული ფილმი""",,,"იოსებ სამსონაძე, ბონდო შოშიტაიშვილი","ალექსანდრე სიგუა, გივი ბარათაშვილი",ლუბა კვალიაშვილი,,ნოდარ მამისაშვილი,ვლადიმერ დოლიძე,,,http://geocinema.ge/ka/movies/7055,http://geocinema.ge/uploads/nophoto.png,ok
3245,პაილოტი,1980,,კომპანია ”ქართული ტელეფილმი”,10,,პაატა ტაბაღუა,პაატა ტაბაღუა,ვალერი ტატიაშვილი,,,ოთარ გეგეჭკორი,ვერა შიშმაკოვა–ნიკოლაძე,,http://geocinema.ge/ka/movies/3245,http://geocinema.ge/uploads/nophoto.png,ok
3343,ჩემი სული ღმერთს ეკუთვნის,1991,დოკუმენტური,საქართველოს სამეცნიერო–პოპულარული და დოკუმენტური ფილმების სტუდია,10,,ზურაბ შანიძე,მაკა ჯოხაძე,ნოდარ ჭუმბურიძე,,,ზურაბ ფურცელაძე,,,http://geocinema.ge/ka/movies/3343,http://geocinema.ge/uploads/nophoto.png,ok
3354,სიმონ ჩიქოვანი,1984,დოკუმენტური,საქართველოს სამეცნიერო–პოპულარული და დოკუმენტური ფილმების სტუდია,18,,ვაჟა ზუბაშვილი,"ნინო ნატროშვილი, ნანა კაციტაძე",ლერი მიხანაშვილი,,,გიორგი ლომიძე,,,http://geocinema.ge/ka/movies/3354,http://geocinema.ge/uploads/nophoto.png,ok
769,იყავ მზად,1931,,"სს ""სახკინმრეწვი""",48,,გიორგი მაკაროვი,რაისა ვასილიევა,ი. ანდრონიკაშვილი,,,,,ალექსანდრე ჯალიაშვილი,http://geocinema.ge/ka/movies/769,http://geocinema.ge/uploads/nophoto.png,ok
3214,სამშობლოს სახელით,2003,,კომპანია ”ქართული ტელეფილმი”,120,,ზაალ კაკაბაძე,ზაალ კაკაბაძე,"ვალერი ტატიაშვილი, მურმან ასიტაშვილი, პავლე სუხოვი",,,,იოსებ (სოსო) გუგუშვილი,,http://geocinema.ge/ka/movies/3214,http://geocinema.ge/uploads/nophoto.png,ok
3252,ჯავრის ციხე,1992,დოკუმენტური,საქართველოს სამეცნიერო–პოპულარული და დოკუმენტური ფილმების სტუდია,20,,ვაჟა ზუბაშვილი,ვაჟა ზუბაშვილი,ლერი მიხანაშვილი,,ლელა თათარაიძე,,ლილი სარაჯიშვილი,,http://geocinema.ge/ka/movies/3252,http://geocinema.ge/uploads/nophoto.png,ok
3013,უჯარმის პატარა სახლი,2006,,ეროვნული კინოცენტრი,26,,გიორგი ებრალიძე,ლამარა კიკილაშვილი,ილია ვაჩნაძე,,ია საკანდელიძე,,კონსტანტინე ჯორბენაძე,,http://geocinema.ge/ka/movies/3013,http://geocinema.ge/uploads/nophoto.png,ok
3150,"თეთრი, შავი და მწვანე",1999,,სტუდია ”კინემა”,,,მიხეილ მრევლიშვილი,მიხეილ მრევლიშვილი,გიკა ჭელიძე,,,,,,http://geocinema.ge/ka/movies/3150,http://geocinema.ge/uploads/nophoto.png,ok
3294,თეთრი ზღაპარი,1972,დოკუმენტური,საქართველოს სამეცნიერო–პოპულარული და დოკუმენტური ფილმების სტუდია,10,,გია ჭუბაბრია,გია ჭუბაბრია,გია ჭუბაბრია,,,გიორგი ლომიძე,,,http://geocinema.ge/ka/movies/3294,http://geocinema.ge/uploads/nophoto.png,ok
3041,პატრიარქობის ჯვარისმტვირთველი,2006,,კომპანია ”ქართული ტელეფილმი”,30,,გიორგი (გოგი) თორაძე,"ვახტანგ (მამა ადამი) ახალაძე, მარინა ხოსიტაშვილი",თემურ სულაბერიძე,,ია საკანდელიძე,,,,http://geocinema.ge/ka/movies/3041,http://geocinema.ge/uploads/nophoto.png,ok
3304,არაბესკები ფიროსმანის თემაზე,1985,დოკუმენტური,საქართველოს სამეცნიერო–პოპულარული და დოკუმენტური ფილმების სტუდია,20,,სერგო (სარქის) ფარაჯანოვი,კორინა (კორა) წერეთელი,ნოდარ ფალიაშვილი,,,გარი კუნცევი,,,http://geocinema.ge/ka/movies/3304,http://geocinema.ge/uploads/nophoto.png,ok
3173,ალცნეი,2008,,არტეფაქტ პროდაქშენი,30,,"ნინო ორჯონიკიძე, ვანო არსენიშვილი","ნინო ორჯონიკიძე, ვანო არსენიშვილი",ვანო არსენიშვილი,,,,"ნინო ორჯონიკიძე, ვანო არსენიშვილი",,http://geocinema.ge/ka/movies/3173,http://geocinema.ge/uploads/nophoto.png,ok
7054,ალიყური,1989,,"სს ""ქართული ფილმი""",8,,ბონდო შოშიტაიშვილი,"ბონდო შოშიტაიშვილი, გიორგი (გია) ლაფაური",შოთა კილაძე,გიორგი (გია) ლაფაური,ალექსანდრე რაქვიაშვილი,ვლადიმერ ნიკონოვი,მარიამ კობახიძე,,http://geocinema.ge/ka/movies/7054,http://geocinema.ge/uploads/nophoto.png,ok
7053,"ყოფნა, თუ სმა...",1985,,"სს ""ქართული ფილმი""",,,ბონდო შოშიტაიშვილი,"დევი ივანოვ-ჩიქოვანი, ბონდო შოშიტაიშვილი",ვიოლეტა ქაროსანიძე,იოსებ სამსონაძე,იოსებ (სოსო) ბარდანაშვილი,ნუცა შოშიტაიშვილი,,,http://geocinema.ge/ka/movies/7053,http://geocinema.ge/uploads/nophoto.png,ok
3264,სტადიონი,1980,დოკუმენტური,საქართველოს სამეცნიერო–პოპულარული და დოკუმენტური ფილმების სტუდია,41,,ალექსანდრე ჟღენტი,ალექსანდრე ჟღენტი,თამაზ ბიჭიკაევი,,რუბენ კაჟილოტი,მიხეილ დარჩიევი,ინა კრეპსი,,http://geocinema.ge/ka/movies/3264,http://geocinema.ge/uploads/nophoto.png,ok
3388,ბაკურიანი,1978,დოკუმენტური,საქართველოს სამეცნიერო–პოპულარული და დოკუმენტური ფილმების სტუდია,10,,ოთარ გურგენიძე,"ალექსანდრე სიგუა, ოთარ გურგენიძე",ელდარ ვაწაძე,თეიმურაზ თურმანიძე,,მერაბ გვანცელაძე,,,http://geocinema.ge/ka/movies/3388,http://geocinema.ge/uploads/nophoto.png,ok
3058,ღია ფანჯრები,2005,,,45,,გიორგი ხარებავა,გიორგი ხარებავა,"გიორგი ხარებავა, დავით კუპატაძე",გიორგი ბაღათურია,მზია მანჯავიძე,გიორგი ხარებავა,გიორგი ხარებავა,,http://geocinema.ge/ka/movies/3058,http://geocinema.ge/uploads/nophoto.png,ok
3188,პიპინაშვილი,1963,,კომპანია ”ქართული ტელეფილმი”,,,ვაჟა ფაჩულია,ვახტანგ მამალაძე,თენგიზ ლომიძე,,,მიხეილ დარჩიევი,ალექსანდრა შულცი,,http://geocinema.ge/ka/movies/3188,http://geocinema.ge/uploads/nophoto.png,ok
3323,ჯავის ხეობა,1983,,სახტელერადიო,20,,მიხეილ ბასინოვი,რევაზ ასაევი,ტრისტან კანდელაკი,,,მერაბ გვანცელაძე,მადონა ლომიძე,,http://geocinema.ge/ka/movies/3323,http://geocinema.ge/uploads/nophoto.png,ok
3151,ტონინო გუერას მოგზაურობა საქართველოში,2000,,,,,მიხეილ მრევლიშვილი,მიხეილ მრევლიშვილი,გიკა ჭელიძე,,,,,,http://geocinema.ge/ka/movies/3151,http://geocinema.ge/uploads/nophoto.png,ok
3115,"ჩვენ, დევნილები. უკომენტაროდ",2000,,,13,,დალი უბილავა,დალი უბილავა,რევაზ (რეზო) მახათაძე,,,,,,http://geocinema.ge/ka/movies/3115,http://geocinema.ge/uploads/nophoto.png,ok
3313,ქება ვაზისა,1988,,კომპანია ”ქართული ტელეფილმი”,50,,მიხეილ ბასინოვი,"ევგენი (II) მაჭავარიანი, მიხეილ ბასინოვი","ნოდარ ნამგალაძე, თამაზ ბიჭიკაევი",,,რუსუდან არაბიძე,ეთერ ბურდული,,http://geocinema.ge/ka/movies/3313,http://geocinema.ge/uploads/nophoto.png,ok
035,მის კეტი და მისტერ ჯეკი,1927,მუნჯი,"სს ""სახკინმრეწვი""",43,,ანატოლი დუროვი,ი. ფიდლერი,ა. კისიჩკინი,ა. კისიჩკინი,,,,,http://geocinema.ge/ka/movies/035,http://geocinema.ge/uploads/nophoto.png,ok
7022,დათვი,2009,,,4,,ვიქტორ წიკლაური,,,ვიქტორ წიკლაური,,ვიქტორ წიკლაური,ვიქტორ წიკლაური,,http://geocinema.ge/ka/movies/7022,http://geocinema.ge/uploads/nophoto.png,ok
3238,აჭარა,2001,,"სტუდია ""მემატიანე""",60,,ჯემალ ჭიჭინაძე,ჯემალ ჭიჭინაძე,,,ჯანსუღ კახიძე,გიორგი (გია) აბაშიძე,ჯემალ ჭიჭინაძე,,http://geocinema.ge/ka/movies/3238,http://geocinema.ge/uploads/nophoto.png,ok
3130,"10,5 დღე გერმანიაში",2004,,სტუდია ”კვალი XXI”,17,,,,ორესტ თოდუა,,,გაბრიელ მუზაშვილი,ელენე მურჯიკნელი,,http://geocinema.ge/ka/movies/3130,http://geocinema.ge/uploads/nophoto.png,ok
3251,პირველი ჩოგანი,1976,,კომპანია ”ქართული ტელეფილმი”,,,ჯუმბერ ებრალიძე,"ჯუმბერ ებრალიძე, გივი ჭელიძე",რევაზ ოდიშელიძე,,,აკაკი ლეჟავა,,,http://geocinema.ge/ka/movies/3251,http://geocinema.ge/uploads/nophoto.png,ok
897,წუთისოფელი,2001,,,16,,ირაკლი კოჭლამაზაშვილი,ირაკლი კოჭლამაზაშვილი,ალექსანდრე კვატაშიძე,ალექსანდრე კვატაშიძე,,გიგა ჯაფარიძე,ირაკლი კოჭლამაზაშვილი,შოთა ბაზერაშვილი,http://geocinema.ge/ka/movies/897,http://geocinema.ge/uploads/nophoto.png,ok
3270,მშვიდობით კაპიტანო!,1973,დოკუმენტური,საქართველოს სამეცნიერო–პოპულარული და დოკუმენტური ფილმების სტუდია,10,,ოთარ გურგენიძე,ალექსანდრე ჟღენტი,შალვა შიოშვილი,,,გიორგი ლომიძე,,,http://geocinema.ge/ka/movies/3270,http://geocinema.ge/uploads/nophoto.png,ok
7035,გალაკტიონი,2005,თოჯინური,ტელეკომპანია ”იმედი”,2,,გიორგი (II) თავაძე,გიორგი (II) თავაძე,გიორგი (II) თავაძე,გიორგი (II) თავაძე,,,გელა კინწურაშვილი,,http://geocinema.ge/ka/movies/7035,http://geocinema.ge/uploads/nophoto.png,ok
3244,ვინ არის დამნაშავე?!,1993,,კომპანია ”ქართული ტელეფილმი”,24,,"პაატა ტაბაღუა, ჯუმბერ ებრალიძე",ჯონდო გვასალია,ალბერტ (ალეკო) ბაქრაძე,,,ლევან ქიშმიშევი,,,http://geocinema.ge/ka/movies/3244,http://geocinema.ge/uploads/nophoto.png,ok
3370,ლადო ასათიანი,2006,,საქართველოს საზოგადოებრივი მაუწყებელი,35,,დავით ქემხაძე,თამარ ბაბუაძე,"რამაზ ბატატუნაშვილი, კახა ბუხრაშვილი, სანდრო დარახველიძე",,,ალექსანდრე წულუკიძე,სოსო ჯავახიშვილი,,http://geocinema.ge/ka/movies/3370,http://geocinema.ge/uploads/nophoto.png,ok
3078,კახეთის შემოდგომა,2004,,სტუდია ”პილიგრიმი”,30,,დავით გოგუაძე,დავით გოგუაძე,ლევან პატარაია,დავით გოგუაძე,,ირაკლი ჩხიკვიშვილი,ვასილ გაბუნია,,http://geocinema.ge/ka/movies/3078,http://geocinema.ge/uploads/nophoto.png,ok
3077,თუშეთის ბილიკები,2005,,სტუდია ”პილიგრიმი”,30,,დავით გოგუაძე,დავით გოგუაძე,ლევან პატარაია,დავით გოგუაძე,,ირაკლი ჩხიკვიშვილი,ვასილ გაბუნია,,http://geocinema.ge/ka/movies/3077,http://geocinema.ge/uploads/nophoto.png,ok
3193,ვერიკო ანჯაფარიძე,1976,,კომპანია ”ქართული ტელეფილმი”,,,რამაზ ჭიაურელი,რამაზ ჭიაურელი,გურამ სარაჯიშვილი,,,მიხეილ დარჩიევი,,,http://geocinema.ge/ka/movies/3193,http://geocinema.ge/uploads/nophoto.png,ok
3122,სიჩუმის ზღვარზე,2003,,,12,,"კონსტანტინე (მინდია) ესაძე, ლაშა მინდიაშვილი",,კონსტანტინე (მინდია) ესაძე,ლაშა მინდიაშვილი,,,გიგა ჩხეიძე,,http://geocinema.ge/ka/movies/3122,http://geocinema.ge/uploads/nophoto.png,ok
3059,შინ და უკან,2006,,,28,,ლევან ღლონტი,ნატო ზაზაშვილი,ლევან ღლონტი,,,,"ლევან ღლონტი, ნოდარ ბეგიაშვილი",,http://geocinema.ge/ka/movies/3059,http://geocinema.ge/uploads/nophoto.png,ok
7029,"ვინც მოვიდა, გაუმარჯოს!",2001,,კომპანია ”ქართული ტელეფილმი”,21,,ირაკლი მახარაძე,"ირაკლი მახარაძე, შადიმან ჭავჭავაძე",ალექსანდრე ზენაიშვილი,შადიმან ჭავჭავაძე,,,ირაკლი მახარაძე,,http://geocinema.ge/ka/movies/7029,http://geocinema.ge/uploads/nophoto.png,ok
3225,მოქანდაკე მერაბიშვილები,1988,,კომპანია ”ქართული ტელეფილმი”,20,,"პაატა ტაბაღუა, ირაკლი მახარაძე",ვახტანგ ბუაჩიძე,რამაზ ბატატუნაშვილი,,,მიხეილ დარჩიევი,,,http://geocinema.ge/ka/movies/3225,http://geocinema.ge/uploads/old/poster/p3225.jpg,ok
3372,პროფესია კინორეჟისორი,1997,,კომპანია ”ქართული ტელეფილმი”,55,,თეიმურაზ ბუტიკაშვილი,ამირან ჭიჭინაძე,რამაზ ბატატუნაშვილი,,,ლია ნანობაშვილი,ნუცა შოშიტაიშვილი,,http://geocinema.ge/ka/movies/3372,http://geocinema.ge/uploads/nophoto.png,ok
3095,გერმანული სათვისტომო,2002,,ტელეკომპანია ”IX არხი”,52,,ვლადიმერ (ლადო) სულაქველიძე,ვლადიმერ (ლადო) სულაქველიძე,ივერი ბერიტაშვილი,,,ტატო გოგუაძე,ზურაბ ლაშხი,,http://geocinema.ge/ka/movies/3095,http://geocinema.ge/uploads/nophoto.png,ok
7052,კაცუნები,1978,,"სს ""ქართული ფილმი""",10,,ბონდო შოშიტაიშვილი,"ალექსანდრე მანწკავა, ბონდო შოშიტაიშვილი",ლუბა კვალიაშვილი,"მამია მალაზონია, იოსებ სამსონაძე",ჯანსუღ კახიძე,გურამ შუბლაძე,მარიამ კობახიძე,,http://geocinema.ge/ka/movies/7052,http://geocinema.ge/uploads/nophoto.png,ok
3325,დიდება უფალს,2000,,კომპანია ”ქართული ტელეფილმი”,30,,მიხეილ ბასინოვი,მიხეილ ბასინოვი,"ტრისტან კანდელაკი, ნოდარ ნამგალაძე","გიორგი (გოგი) ტატიშვილი, მარიკა იმედაშვილი",,ლია ნანობაშვილი,კოკა კაპანაძე,,http://geocinema.ge/ka/movies/3325,http://geocinema.ge/uploads/nophoto.png,ok
3221,უაილდ ვესთის მხედრები,1997,,კომპანია ”ქართული ტელეფილმი”,30,,"ირაკლი მახარაძე, პაატა ტაბაღუა",ირაკლი მახარაძე,რამაზ ბატატუნაშვილი,,,რუსუდან არაბიძე,ლევან კუხაშვილი,,http://geocinema.ge/ka/movies/3221,http://geocinema.ge/uploads/nophoto.png,ok
3229,იმპერიის რღვევა,1994,,პირამიდ ფილმზ (აშშ),420,,ზაალ კაკაბაძე,ზაალ კაკაბაძე,,,დავით ევგენიძე,,,,http://geocinema.ge/ka/movies/3229,http://geocinema.ge/uploads/nophoto.png,ok
3233,მართვე,1980,,კომპანია ”ქართული ტელეფილმი”,50,,ზაალ კაკაბაძე,ზაალ კაკაბაძე,ილია ვაჩნაძე,ელენე ფაილოძე,,ლევან ქიშმიშევი,ციური კობერიძე,,http://geocinema.ge/ka/movies/3233,http://geocinema.ge/uploads/nophoto.png,ok
3333,გარესჯისა უდაბნო,1990,დოკუმენტური,საქართველოს სამეცნიერო–პოპულარული და დოკუმენტური ფილმების სტუდია,18,,ირაკლი ტრიპოლსკი,"ელდარ ნადირაძე, ირაკლი ტრიპოლსკი",ალექსანდრე ყველაშვილი,,,არჩილ ერისთავი,კოზეტა კოტრიკაძე,,http://geocinema.ge/ka/movies/3333,http://geocinema.ge/uploads/nophoto.png,ok
3260,მატჩის დირიჟორი,1980,,კომპანია ”ქართული ტელეფილმი”,10,,ჯუმბერ ებრალიძე,დავით ჩუბინიშვილი,ილია ვაჩნაძე,,,აკაკი ლეჟავა,,,http://geocinema.ge/ka/movies/3260,http://geocinema.ge/uploads/nophoto.png,ok
3234,მეგობრობის კონცერტი,1972,,კომპანია ”ქართული ტელეფილმი”,70,,"ზაალ კაკაბაძე, ზაურ სავანელი",ზაალ კაკაბაძე,გიორგი ბარნოვი (ბარნაველი),,,მერაბ გვანცელაძე,ციური კობერიძე,,http://geocinema.ge/ka/movies/3234,http://geocinema.ge/uploads/nophoto.png,ok
7066,უჩვეულო ნადირობა,1980,,"სს ""ქართული ფილმი""",9,,ოთარ ანდრონიკაშვილი,ციცინო ესაძე,ლუბა კვალიაშვილი,მამია მალაზონია,თენგიზ შავლოხაშვილი,მადონა თევზაძე,მარიამ კობახიძე,,http://geocinema.ge/ka/movies/7066,http://geocinema.ge/uploads/nophoto.png,ok
7090,ქილა ერბო (დამსხვრეული ოცნება),1972,ნახატი,"სს ""ქართული ფილმი""",10,,"მიხეილ ჭიაურელი, გივი სვანიძე","მიხეილ ჭიაურელი, გივი სვანიძე",ლუბა კვალიაშვილი,ანა შალიკაშვილი,მარიამ (მერი) დავითაშვილი,მიხეილ ნიჟარაძე,გივი სვანიძე,,http://geocinema.ge/ka/movies/7090,http://geocinema.ge/uploads/nophoto.png,ok
3190,ჯიხასკარი,1982,,კომპანია ”ქართული ტელეფილმი”,,,ვაჟა ფაჩულია,,ირაკლი ონოფრიშვილი,,,შოველ ჩიტიძე,,,http://geocinema.ge/ka/movies/3190,http://geocinema.ge/uploads/nophoto.png,ok
3341,პოეზია უსიტყვოდ,1988,,კომპანია ”ქართული ტელეფილმი”,,,ალექსანდრე (ალეკო) ნინუა,ალექსანდრე (ალეკო) ნინუა,პავლე სუხოვი,,,შოველ ჩიტიძე,,,http://geocinema.ge/ka/movies/3341,http://geocinema.ge/uploads/nophoto.png,ok
3243,"გმირი, ლექსი, სიმღერა",1973,,კომპანია ”ქართული ტელეფილმი”,30,,მერაბ ჯალიაშვილი,პეტრე შამათავა,გივი ქანთარია,,,მიხეილ დარჩიევი,,,http://geocinema.ge/ka/movies/3243,http://geocinema.ge/uploads/nophoto.png,ok
3056,დავიწყებული პორტრეტი ინტერიერში,2006,,"სტუდია ""აკრობატი""",20,,ვახტანგ კუნცევ–გაბაშვილი,ვახტანგ კუნცევ–გაბაშვილი,ვახტანგ კუნცევ–გაბაშვილი,მამუკა ტყეშელაშვილი,მარინა ლომაია,ვახტანგ კუნცევ–გაბაშვილი,ვახტანგ კუნცევ–გაბაშვილი,,http://geocinema.ge/ka/movies/3056,http://geocinema.ge/uploads/nophoto.png,ok
3090,გამოთხოვება დონ-კიხოტთან,2002,,იაპონიის საზოგადოებრივი ტელევიზია NJK,130,,ზურაბ ინაშვილი,,,,,,,,http://geocinema.ge/ka/movies/3090,http://geocinema.ge/uploads/nophoto.png,ok
3081,აქტუალური მინიატურები,2005,,სტუდია ”გეორგია”,81,,გიორგი ხარებავა,მანანა ლომაძე,გიორგი ხარებავა,,,გიორგი ხარებავა,გიორგი ხარებავა,,http://geocinema.ge/ka/movies/3081,http://geocinema.ge/uploads/nophoto.png,ok
3246,ჩვენი მერი,1982,,,20,,"ჯუმბერ ებრალიძე, პაატა ტაბაღუა",დავით აგიაშვილი,ილია ვაჩნაძე,,,მადონა თევზაძე,,,http://geocinema.ge/ka/movies/3246,http://geocinema.ge/uploads/nophoto.png,ok
3328,წელიწადის დრონი,1996,,კომპანია ”ქართული ტელეფილმი”,40,,ალექსანდრე (სანდრო) ვახტანგოვი,ალექსანდრე (სანდრო) ვახტანგოვი,სოსო გულბანი,გია (უმც) გუგუშვილი,,რუსუდან არაბიძე,მერაბ კოტია,,http://geocinema.ge/ka/movies/3328,http://geocinema.ge/uploads/nophoto.png,ok
3152,იმოგზაურეთ თბილისში,2005,,,,,მიხეილ მრევლიშვილი,გიორგი მრევლიშვილი,გიკა ჭელიძე,,,,,,http://geocinema.ge/ka/movies/3152,http://geocinema.ge/uploads/nophoto.png,ok
3263,უფლის რწმენითა და შეწევნით,2003,,"სტუდია ""სინემა""",104,,"ჯუმბერ ებრალიძე, თამაზ მამულაშვილი","თამაზ მამულაშვილი, ჯუმბერ ებრალიძე",ალბერტ (ალეკო) ბაქრაძე,,,,მალხაზ მეგრელიშვილი,,http://geocinema.ge/ka/movies/3263,http://geocinema.ge/uploads/nophoto.png,ok
3315,სიმონ ყაუხჩიშვილი,1979,დოკუმენტური,საქართველოს სამეცნიერო–პოპულარული და დოკუმენტური ფილმების სტუდია,10,,"ჟუჟუნა ლომიძე, იზოლდა შველიძე",აკაკი ბაქრაძე,ტარიელ ელიაშვილი,,,ნათელა გურგენიძე,,,http://geocinema.ge/ka/movies/3315,http://geocinema.ge/uploads/nophoto.png,ok
3348,"იამბე, ციხის ნაშალო...",1983,დოკუმენტური,საქართველოს სამეცნიერო–პოპულარული და დოკუმენტური ფილმების სტუდია,55,,"შერგილ შონია, ლაშა შონია","ნელი დოლიძე, შერგილ შონია","გურიელ (გურამ) როგავა, ელდარ ვაწაძე, თეიმურაზ ჭოხონელიძე",დემურ გრიგოლია,ვახტანგ კუხიანიძე,გიორგი ლომიძე,ლია შავგულიძე,,http://geocinema.ge/ka/movies/3348,http://geocinema.ge/uploads/nophoto.png,ok
3189,ძმები ერქომაიშვილები,1966,,კომპანია ”ქართული ტელეფილმი”,,,ვაჟა ფაჩულია,ვაჟა ფაჩულია,გივი მელქაძე,,,,ალექსანდრა შულცი,,http://geocinema.ge/ka/movies/3189,http://geocinema.ge/uploads/nophoto.png,ok
3063,პროფესია - ბალეტმაისტერი,2005,,,26,,დავით ჩუბინიშვილი,დავით ჩუბინიშვილი,კონსტანტინე (მინდია) ესაძე,ზაალ მეღვინეთუხუცესი,თეიმურაზ ბაკურაძე,ლევან კუხაშვილი,ლევან კუხაშვილი,,http://geocinema.ge/ka/movies/3063,http://geocinema.ge/uploads/nophoto.png,ok
3064,შეხება,2005,,,26,,დავით ჩუბინიშვილი,დავით ჩუბინიშვილი,კონსტანტინე (მინდია) ესაძე,ზაალ მეღვინეთუხუცესი,თეიმურაზ ბაკურაძე,ლევან კუხაშვილი,ლევან კუხაშვილი,,http://geocinema.ge/ka/movies/3064,http://geocinema.ge/uploads/nophoto.png,ok
3307,უფლისციხე,1981,დოკუმენტური,საქართველოს სამეცნიერო–პოპულარული და დოკუმენტური ფილმების სტუდია,15,,"ჟუჟუნა ლომიძე, იზოლდა შველიძე",კონსტანტინე ნაკაშიძე,ტარიელ ელიაშვილი,,,ნათელა გურგენიძე,,,http://geocinema.ge/ka/movies/3307,http://geocinema.ge/uploads/nophoto.png,ok
7064,ჟანგიანი რაინდი,1984,,"სს ""ქართული ფილმი""",10,,ლევან ჭყონია,ირაკლი კვირიკაძე,ცირა კენჭიაშვილი,ეთერ მითაგვარია,,გარი კუნცევი,,,http://geocinema.ge/ka/movies/7064,http://geocinema.ge/uploads/nophoto.png,ok
3192,ჩემი მყუდრო და საოცნებო სახლი,2009,,"სტუდია ""აკრობატი""",15,,ვახტანგ კუნცევ–გაბაშვილი,ვახტანგ კუნცევ–გაბაშვილი,ვახტანგ კუნცევ–გაბაშვილი,,,ვახტანგ კუნცევ–გაბაშვილი,ვახტანგ კუნცევ–გაბაშვილი,,http://geocinema.ge/ka/movies/3192,http://geocinema.ge/uploads/nophoto.png,ok
3138,სიწმინდეთა შენთათვის ოკრიბავ…,2004,,"სტუდია ""გრაალი""",58,,დავით ნანობაშვილი,დავით ნანობაშვილი,,,,,,,http://geocinema.ge/ka/movies/3138,http://geocinema.ge/uploads/old/poster/p3138.jpg,ok
3290,მაესტრო ლატაიო,2003,,კომპანია ”ქართული ტელეფილმი”,12,,"ჯუმბერ ებრალიძე, დიმიტრი ბიჭაშვილი",მიხეილ ბასინოვი,დიმიტრი ბიჭაშვილი,ნუგზარ მეტრეველი,,რუსუდან არაბიძე,მაია კეკელია,,http://geocinema.ge/ka/movies/3290,http://geocinema.ge/uploads/nophoto.png,ok
3195,დიდი ოჯახი,1977,,კომპანია ”ქართული ტელეფილმი”,,,გივი ვეფხვაძე,"ლ. მრელაშვილი, გივი ვეფხვაძე",გურამ სარაჯიშვილი,,კ. როსებაშვილი,მერაბ გვანცელაძე,,,http://geocinema.ge/ka/movies/3195,http://geocinema.ge/uploads/nophoto.png,ok
7059,ყარყატის შვილობილი,1985,,"სს ""ქართული ფილმი""",9,,დიმიტრი პეტკოვი,"მერაბ სარალიძე, დიმო ბოლიაროვი",ვიოლეტა ქაროსანიძე,დიმიტრი პეტკოვი,თენგიზ შავლოხაშვილი,მადონა თევზაძე,მარიამ კობახიძე,,http://geocinema.ge/ka/movies/7059,http://geocinema.ge/uploads/old/poster/p7059.jpg,ok
3275,ესპანეთი-73,1973,,კომპანია ”ქართული ტელეფილმი”,,,თენგიზ ნოზაძე,"კოტე მაკარიძე, თენგიზ სუხიშვილი","კოტე მაკარიძე, შუქრი მენაღარიშვილი",,,მიხეილ დარჩიევი,ეთერ ბურდული,,http://geocinema.ge/ka/movies/3275,http://geocinema.ge/uploads/nophoto.png,ok
3330,არტისტის დაბრუნება,1995,,კომპანია ”ქართული ტელეფილმი”,50,,ალექსანდრე (სანდრო) ვახტანგოვი,ალექსანდრე (სანდრო) ვახტანგოვი,რამაზ ბატატუნაშვილი,,,რუსუდან არაბიძე,,,http://geocinema.ge/ka/movies/3330,http://geocinema.ge/uploads/nophoto.png,ok
3206,არის ასეთი ქვეყანა,1991,,კომპანია ”ქართული ტელეფილმი”,60,,პაატა ტაბაღუა,გივი ჭელიძე,"თამაზ ბიჭიკაევი, ზურაბ ხორავა",,,,ინგა ძნელაძე,,http://geocinema.ge/ka/movies/3206,http://geocinema.ge/uploads/nophoto.png,ok
3184,"რა თქმა უნდა, ამერიკაში!",2009,,,76,,"ნინო ფურცხვანიძე, პიტერ იან სმიტი",პიტერ იან სმიტი,ნინო ფურცხვანიძე,სოფიო ტაბატაძე,მიგელ ანხელ ხიმენეს არნაისი,,ნინო ფურცხვანიძე,,http://geocinema.ge/ka/movies/3184,http://geocinema.ge/uploads/nophoto.png,ok
3254,უკანასკნელი ნახტომი,1977,,კომპანია ”ქართული ტელეფილმი”,,,ჯუმბერ ებრალიძე,ლამარა ბოკერია,"გივი მელქაძე, თამაზ ბიჭიკაევი, გივი იკაშვილი",,,ლევან ქიშმიშევი,,,http://geocinema.ge/ka/movies/3254,http://geocinema.ge/uploads/nophoto.png,ok
3074,ბილიკების ენა,2001,,სტუდია ”პილიგრიმი”,26,,დავით გოგუაძე,დავით გოგუაძე,ლევან პატარაია,დავით გოგუაძე,,თეიმურაზ კუხიანიძე,ვასილ გაბუნია,,http://geocinema.ge/ka/movies/3074,http://geocinema.ge/uploads/nophoto.png,ok
3088,მათ სახელი არ გააჩნიათ,2001,,,47,,რუსუდან ჭყონია,რუსუდან ჭყონია,გელა ყაველაშვილი,,,რუსუდან ჭყონია,რუსუდან ჭყონია,,http://geocinema.ge/ka/movies/3088,http://geocinema.ge/uploads/nophoto.png,ok
3302,დღე და საუკუნე,1984,დოკუმენტური,საქართველოს სამეცნიერო–პოპულარული და დოკუმენტური ფილმების სტუდია,47,,"მიხეილ სალუქვაძე, ვლადიმერ სინელნიკოვი","მიხეილ სალუქვაძე, ვლადიმერ სინელნიკოვი","რამაზ კაკულია, შალვა შიოშვილი, რევაზ (რეზო) მახათაძე",,,გიორგი ლომიძე,,,http://geocinema.ge/ka/movies/3302,http://geocinema.ge/uploads/nophoto.png,ok
3287,მიწის ძახილი,1929,,"სს ""სახკინმრეწვი""",,,სიკო დოლიძე,სიკო დოლიძე,შალვა გეგელაშვილი,,,,ნ. იუდინი,,http://geocinema.ge/ka/movies/3287,http://geocinema.ge/uploads/nophoto.png,ok
3394,ვიქტორ დოლიძე - 100,1991,დოკუმენტური,საქართველოს სამეცნიერო–პოპულარული და დოკუმენტური ფილმების სტუდია,16,,კონსტანტინე (კოტე) კერესელიძე,ზურაბ ჭუბაბრია,თამაზ კარგარეთელი,,,გიორგი (გია) აბაშიძე,ლარისა ოტრადინსკაია,,http://geocinema.ge/ka/movies/3394,http://geocinema.ge/uploads/nophoto.png,ok
3239,ჩვენი ტაძრები,2005,,"სტუდია ""მემატიანე""",26,,ჯემალ ჭიჭინაძე,ჯემალ ჭიჭინაძე,,,,გიორგი (გია) აბაშიძე,ჯემალ ჭიჭინაძე,,http://geocinema.ge/ka/movies/3239,http://geocinema.ge/uploads/nophoto.png,ok
3305,ფოტო 3X4,2006,,,12,,ნინო ბასილია,ნინო ბასილია,ლუბა კნიაზევა,,,სერგეი ოვჩარენკო,,,http://geocinema.ge/ka/movies/3305,http://geocinema.ge/uploads/nophoto.png,ok
3091,ჩხუბა,2005,,სტუდია ”კვალი XXI”,10,,შოთა თურქია,,ორესტ თოდუა,,,გაბრიელ მუზაშვილი,ნინო ნემსვერიძე,,http://geocinema.ge/ka/movies/3091,http://geocinema.ge/uploads/nophoto.png,ok
3148,დოკუმენტური  ხმაური მონროს სახელოსნოში,1994,დოკუმენტური,კომპანია ”ქართული ტელეფილმი”,15,,მიხეილ მრევლიშვილი,მიხეილ მრევლიშვილი,გიკა ჭელიძე,,,მიხეილ დარჩიევი,,,http://geocinema.ge/ka/movies/3148,http://geocinema.ge/uploads/nophoto.png,ok
3197,საჩუქარი,1997,,კომპანია ”ქართული ტელეფილმი”,120,,ზაალ კაკაბაძე,ზაალ კაკაბაძე,"ილია ვაჩნაძე, რამაზ ბატატუნაშვილი, დიმიტრი ბიჭაშვილი",,,"მიხეილ დარჩიევი, ლია ნანობაშვილი",იოსებ (სოსო) გუგუშვილი,,http://geocinema.ge/ka/movies/3197,http://geocinema.ge/uploads/nophoto.png,ok
3338,ვაჟას სახლ–მუზეუმი,1986,დოკუმენტური,საქართველოს სამეცნიერო–პოპულარული და დოკუმენტური ფილმების სტუდია,10,,მაია ქავთარაძე,მაია ქავთარაძე,დავით ასათიანი,,,დავით აღლაძე,,,http://geocinema.ge/ka/movies/3338,http://geocinema.ge/uploads/nophoto.png,ok
3026,"ელა, კლერი და იენსი",2008,,,4,,"ანდრო საყვარელიძე, გიგა ჩხეიძე","ანდრო საყვარელიძე, გიგა ჩხეიძე",გიგა ჩხეიძე,,,გიგა ჩხეიძე,გიგა ჩხეიძე,,http://geocinema.ge/ka/movies/3026,http://geocinema.ge/uploads/nophoto.png,ok
3149,დისკოთეკა 106-ის ეთერში,1998,,კომპანია ”ქართული ტელეფილმი”,23,,მიხეილ მრევლიშვილი,მიხეილ მრევლიშვილი,"გიკა ჭელიძე, ტრისტან კანდელაკი",,,მიხეილ დარჩიევი,,,http://geocinema.ge/ka/movies/3149,http://geocinema.ge/uploads/nophoto.png,ok
3106,ჩე...,2003,,,33,,ალექსანდრე ქორიძე,,,,,,,,http://geocinema.ge/ka/movies/3106,http://geocinema.ge/uploads/nophoto.png,ok
3380,ლახტის გაკვეთილი,1986,,კომპანია ”ქართული ტელეფილმი”,25,,ლერი სიხარულიძე,ლერი სიხარულიძე,"იგორ კრეპსი, რევაზ ოდიშელიძე",,,ვილჰელმ გოგიჩაიშვილი,,,http://geocinema.ge/ka/movies/3380,http://geocinema.ge/uploads/nophoto.png,ok
3368,სიმღერით ცხოვრებაში...,1964,,კომპანია ”ქართული ტელეფილმი”,45,,მერაბ ჯალიაშვილი,"აკაკი ძიძიგური, მერაბ ჯალიაშვილი",გივი მელქაძე,,,ლევან ქიშმიშევი,,,http://geocinema.ge/ka/movies/3368,http://geocinema.ge/uploads/nophoto.png,ok
3156,ბანკროტი,1989,დოკუმენტური,საქართველოს სამეცნიერო–პოპულარული და დოკუმენტური ფილმების სტუდია,,,დავით გოგუაძე,დავით გოგუაძე,ზურაბ ადუაშვილი,დავით გოგუაძე,,გიორგი (გია) აბაშიძე,,,http://geocinema.ge/ka/movies/3156,http://geocinema.ge/uploads/nophoto.png,ok
3096,აღდგენილი ტრადიცია,2002,,ტელეკომპანია ”IX არხი”,8,,ვლადიმერ (ლადო) სულაქველიძე,ვლადიმერ (ლადო) სულაქველიძე,ივერი ბერიტაშვილი,,,თეიმურაზ კუხიანიძე,ნაირა დილანიანი,,http://geocinema.ge/ka/movies/3096,http://geocinema.ge/uploads/nophoto.png,ok
3076,მომავალი ჩვენია,2003,,სტუდია ”პილიგრიმი”,27,,დავით გოგუაძე,დავით გოგუაძე,ლევან პატარაია,დავით გოგუაძე,,ირაკლი ჩხიკვიშვილი,ვასილ გაბუნია,,http://geocinema.ge/ka/movies/3076,http://geocinema.ge/uploads/nophoto.png,ok
3125,ბაბუ,2004,,"სტუდია ""მემატიანე""",19,,ნესტან ჯანაშია,ნესტან ჯანაშია,ნესტან ჯანაშია,,,ნიკოლოზ ადუაშვილი,ნიკოლოზ ადუაშვილი,,http://geocinema.ge/ka/movies/3125,http://geocinema.ge/uploads/nophoto.png,ok
921,წვეთები,2004,,,40,,ირაკლი კოჭლამაზაშვილი,ირაკლი კოჭლამაზაშვილი,ლევან მახარაძე,,,ლევან მახარაძე,ირაკლი კოჭლამაზაშვილი,"ზაზა ბეჟანიშვილი, ნიკა გოგიჩაიშვილი",http://geocinema.ge/ka/movies/921,http://geocinema.ge/uploads/nophoto.png,ok
3420,დღე ტკივილისა და სიხარულისა,1995,,სამეცნიერო-პოპულარული და საგანმანათლებლო პროგრამების მთავარი რედაქციის სტუდია,14,,"დოდო ლორთქიფანიძე, დათო გამგონეიშვილი","თენგიზ შველიძე, მერაბ გოდერძიშვილი",თემურ ჯიბლაძე,,ია საკანდელიძე,,,"გურამ საღარაძე, გურანდა გაბუნია, ქეთევან კიკნაძე, ნანული სარაჯიშვილი",http://geocinema.ge/ka/movies/3420,http://geocinema.ge/uploads/nophoto.png,ok
3358,ეთნოგრაფიული იმპროვიზაციები (ცხელი წერტილები),2002,,"სტუდია ""მემატიანე""",9,,ვაჟა ზუბაშვილი,ვაჟა ზუბაშვილი,"ლევან კანტიძე, იაგო გოგილაშვილი, ლევან ლეკიაშვილი",,,,"გოგიტა ირემაშვილი, დავით პაპუნაშვილი",,http://geocinema.ge/ka/movies/3358,http://geocinema.ge/uploads/nophoto.png,ok
3237,სიტყვა მკურნალობს,1963,დოკუმენტური,საქართველოს სამეცნიერო–პოპულარული და დოკუმენტური ფილმების სტუდია,20,,ზაალ კაკაბაძე,ბორის მარკოვი,შალვა შიოშვილი,,,გიორგი ლომიძე,ლარისა ოტრადინსკაია,ვლადიმერ კოლოკოლცევი,http://geocinema.ge/ka/movies/3237,http://geocinema.ge/uploads/nophoto.png,ok
3360,მთაწმინდა,1980,,სასწავლო სტუდია,16,,ვაჟა ზუბაშვილი,ვაჟა ზუბაშვილი,"ლერი მიხანაშვილი, მალხაზ ყველაშვილი",,,ვასილ არველაძე,მარიამ კობახიძე,,http://geocinema.ge/ka/movies/3360,http://geocinema.ge/uploads/nophoto.png,ok
3069,მარიამ!,2002,,,19,,დავით ჩუბინიშვილი,დავით ჩუბინიშვილი,ლევან კუხაშვილი,ზაალ მეღვინეთუხუცესი,,ლევან კუხაშვილი,ლევან კუხაშვილი,,http://geocinema.ge/ka/movies/3069,http://geocinema.ge/uploads/nophoto.png,ok
3367,დავით სარაჯიშვილი,1984,დოკუმენტური,საქართველოს სამეცნიერო–პოპულარული და დოკუმენტური ფილმების სტუდია,10,,"ჟუჟუნა ლომიძე, იზოლდა შველიძე","კონსტანტინე ნაკაშიძე, მარიამ (მერი) გველესიანი",ტარიელ ელიაშვილი,,,თენგიზ (II) მაისურაძე,,,http://geocinema.ge/ka/movies/3367,http://geocinema.ge/uploads/nophoto.png,ok
3311,ივანე ჯავახიშვილი,1975,დოკუმენტური,საქართველოს სამეცნიერო–პოპულარული და დოკუმენტური ფილმების სტუდია,20,,"ჟუჟუნა ლომიძე, იზოლდა შველიძე",ოთარ სეფიაშვილი,ტარიელ ელიაშვილი,,,ნათელა გურგენიძე,,,http://geocinema.ge/ka/movies/3311,http://geocinema.ge/uploads/nophoto.png,ok
3230,გიგი,2003,,კომპანია ”ქართული ტელეფილმი”,65,,ზაალ კაკაბაძე,ზაალ კაკაბაძე,ნოდარ ნამგალაძე,,,რუსუდან არაბიძე,მაია კეკელია,,http://geocinema.ge/ka/movies/3230,http://geocinema.ge/uploads/nophoto.png,ok
3353,მომღერალი თიხა,1975,,კომპანია ”ქართული ტელეფილმი”,31,,ლევან თაქთაქიშვილი,ლამარა ბოკერია,თენგიზ ლომიძე,,,ლევან ქიშმიშევი,ციური კობერიძე,,http://geocinema.ge/ka/movies/3353,http://geocinema.ge/uploads/nophoto.png,ok
3102,თამუნა,2002,,,15,,ალექსანდრე ქორიძე,,,,,,,,http://geocinema.ge/ka/movies/3102,http://geocinema.ge/uploads/nophoto.png,ok
3018,მესიზმრება ჩემი ქედიანი თბილისი,2002,,,52,,მიხეილ (უმც) კალატოზიშვილი,"დიმიტრი ესაკია, მიხეილ (უმც) კალატოზიშვილი",ალექსანდრე კულიჯანოვი,,,მალხაზ (მახო) სიჭინავა,მალხაზ (მახო) სიჭინავა,,http://geocinema.ge/ka/movies/3018,http://geocinema.ge/uploads/nophoto.png,ok
3320,ქართული წიგნი,1976,დოკუმენტური,საქართველოს სამეცნიერო–პოპულარული და დოკუმენტური ფილმების სტუდია,10,,"ჟუჟუნა ლომიძე, იზოლდა შველიძე",კონსტანტინე ნაკაშიძე,ტარიელ ელიაშვილი,,,ნათელა გურგენიძე,,,http://geocinema.ge/ka/movies/3320,http://geocinema.ge/uploads/nophoto.png,ok
3146,დიასპორა - ხიდი მსოფლიოსთან,2006,,"სტუდია ""მარიხი""",60,,ნიკოლოზ წულაძე,ნიკოლოზ წულაძე,"მარკ ფრიდი, ჯიმი ბედიანაშვილი, ვარლამ (ვაკო) ქარჩხაძე, საბა ამირეჯიბი",,,საბა ამირეჯიბი,დავით (II) ურუშაძე,,http://geocinema.ge/ka/movies/3146,http://geocinema.ge/uploads/nophoto.png,ok
3231,პიანისტთა მეორე,2001,,კომპანია ”ქართული ტელეფილმი”,145,,ზაალ კაკაბაძე,ზაალ კაკაბაძე,"ილია ვაჩნაძე, ნოდარ ნამგალაძე, დიმიტრი ბიჭაშვილი",,,ლია ნანობაშვილი,იოსებ (სოსო) გუგუშვილი,,http://geocinema.ge/ka/movies/3231,http://geocinema.ge/uploads/nophoto.png,ok
3376,გალაკტიონ ტაბიძე,2006,,საქართველოს საზოგადოებრივი მაუწყებელი,38,,ლევან ახობაძე,მიხეილ ბასილაძე,კახა ბუხრაშვილი,,,დავით ადუაშვილი,ნესტან სინჯიკაშვილი,,http://geocinema.ge/ka/movies/3376,http://geocinema.ge/uploads/nophoto.png,ok
3228,ლაურეატები,1979,,კომპანია ”ქართული ტელეფილმი”,40,,ზაალ კაკაბაძე,გივი ორჯონიკიძე,რევაზ ოდიშელიძე,,,ლევან ქიშმიშევი,ციური კობერიძე,,http://geocinema.ge/ka/movies/3228,http://geocinema.ge/uploads/nophoto.png,ok
3092,ელექტრონავტები,2005,,კომუნა მედია / კომუნიკატორი,52,,სერგი გვარჯალაძე,სერგი გვარჯალაძე,ნიკო ტარიელაშვილი,,,,გიორგი ლომსაძე,,http://geocinema.ge/ka/movies/3092,http://geocinema.ge/uploads/nophoto.png,ok
3194,შეხვედრა ლადო გუდიაშვილთან,1976,,კომპანია ”ქართული ტელეფილმი”,,,შოთა ქარუხნიშვილი,ნ. კარცევი,"იგორ ნაგორნი, გურამ სარაჯიშვილი, შუქრი მენაღარიშვილი",,,მიხეილ დარჩიევი,,,http://geocinema.ge/ka/movies/3194,http://geocinema.ge/uploads/nophoto.png,ok
3240,სამება,2006,,"სტუდია ""მემატიანე""",26,,ჯემალ ჭიჭინაძე,ჯემალ ჭიჭინაძე,,,,გიორგი (გია) აბაშიძე,ჯემალ ჭიჭინაძე,,http://geocinema.ge/ka/movies/3240,http://geocinema.ge/uploads/nophoto.png,ok
3186,"სადღაც, დედამიწაზე",2009,,,22,,დავით გუჯაბიძე,დავით გუჯაბიძე,დავით გუჯაბიძე,,,დავით გუჯაბიძე,დავით გუჯაბიძე,,http://geocinema.ge/ka/movies/3186,http://geocinema.ge/uploads/nophoto.png,ok
3236,შრომა და შემოქმედება,1963,დოკუმენტური,საქართველოს სამეცნიერო–პოპულარული და დოკუმენტური ფილმების სტუდია,20,,ზაალ კაკაბაძე,ბორის ჩორნი,შალვა შიოშვილი,,,გიორგი ლომიძე,ლარისა ოტრადინსკაია,,http://geocinema.ge/ka/movies/3236,http://geocinema.ge/uploads/nophoto.png,ok
3377,ეროსი მანჯგალაძე,2006,,საქართველოს საზოგადოებრივი მაუწყებელი,46,,ლევან ახობაძე,მიხეილ ბასილაძე,სანდრო დარახველიძე,,,დავით ადუაშვილი,ნესტან სინჯიკაშვილი,,http://geocinema.ge/ka/movies/3377,http://geocinema.ge/uploads/nophoto.png,ok
3267,კომენტატორი,1981,,კომპანია ”ქართული ტელეფილმი”,10,,გიორგი (გოგი) თორაძე,გიორგი (გოგი) თორაძე,გიორგი (გოგი) თორაძე,,,მიხეილ დარჩიევი,,,http://geocinema.ge/ka/movies/3267,http://geocinema.ge/uploads/nophoto.png,ok
3124,ტანგო ყველგან,2002,,,14,,დავით ქემხაძე,დავით ქემხაძე,დავით ქემხაძე,,,,,,http://geocinema.ge/ka/movies/3124,http://geocinema.ge/uploads/nophoto.png,ok
3281,ჩვენი ქალაქი,1964,,კომპანია ”ქართული ტელეფილმი”,20,,გურამ პატარაია,გურამ პატარაია,გივი მელქაძე,,,მიხეილ დარჩიევი,,,http://geocinema.ge/ka/movies/3281,http://geocinema.ge/uploads/nophoto.png,ok
3259,ორმოცი ძნელი წუთი,1979,,კომპანია ”ქართული ტელეფილმი”,,,ჯუმბერ ებრალიძე,"ჯუმბერ ებრალიძე, ნოდარ გიორგობიანი",ილია ვაჩნაძე,,,აკაკი ლეჟავა,,,http://geocinema.ge/ka/movies/3259,http://geocinema.ge/uploads/nophoto.png,ok
583,შუქი ლაბირინთში,1995,,"სტუდია ""ბიტაჩუ""",70,,ამირან ბიჯამოვი,ამირან ბიჯამოვი,ამირან ბიჯამოვი,ამირან ბიჯამოვი,ამირან ბიჯამოვი,გიორგი (გია) აბაშიძე,,"სიმონ დაშტუ, იონა ბადავიძე, იოსებ იუხანოვი, ამირან ბიჯამოვი",http://geocinema.ge/ka/movies/583,http://geocinema.ge/uploads/nophoto.png,ok
3165,ნიამორის დაბრუნება,2008,,სტუდია ”პილიგრიმი”,26,,დავით გოგუაძე,დავით გოგუაძე,"ვასილ გაბუნია, დავით გოგუაძე",,,,ვასილ გაბუნია,,http://geocinema.ge/ka/movies/3165,http://geocinema.ge/uploads/nophoto.png,ok
3049,მთავარი,2007,,კავშირი “სტუდიომობილი - აქცენტი მოძრაობაზე”,30,,ლიანა ჯაყელი,თამარ ლეჟავა,მიხეილ შესტოვსკი,ლულუ კალანდაძე,არმინე ოვანესიანი,თამარ ლეჟავა,"მიხეილ შესტოვსკი, ლიანა ჯაყელი",,http://geocinema.ge/ka/movies/3049,http://geocinema.ge/uploads/nophoto.png,ok
3357,სადღაც ომი იყო,1989,დოკუმენტური,საქართველოს სამეცნიერო–პოპულარული და დოკუმენტური ფილმების სტუდია,20,,ვაჟა ზუბაშვილი,ვაჟა ზუბაშვილი,"ლერი მიხანაშვილი, ნიკა აჯიბეგაშვილი",,,ლუდმილა რუხაძე,ირა ნიკოლაძე,,http://geocinema.ge/ka/movies/3357,http://geocinema.ge/uploads/nophoto.png,ok
3217,ერთი რეისის ქრონიკა,1989,,კომპანია ”ქართული ტელეფილმი”,20,,პაატა ტაბაღუა,"პაატა ტაბაღუა, დიმიტრი (დიტო) საბანაძე",რაჟდენ ნასრაშვილი,,,,ინგა ძნელაძე,,http://geocinema.ge/ka/movies/3217,http://geocinema.ge/uploads/nophoto.png,ok
822,სამკუთხედი,2005,,,6,,გიორგი უღრელიძე,გიორგი უღრელიძე,გიორგი უღრელიძე,,,,ნიკა ტუღუში,"ავთო ჟღენტი, მარი მჟავანაძე, ნიკა ტუღუში",http://geocinema.ge/ka/movies/822,http://geocinema.ge/uploads/nophoto.png,ok
3362,ლადო გუდიაშვილი,1974,დოკუმენტური,საქართველოს სამეცნიერო–პოპულარული და დოკუმენტური ფილმების სტუდია,18,,შერგილ შონია,ბრონისლავ თევზაძე,თეიმურაზ ჭოხონელიძე,,ვახტანგ კუხიანიძე,გიორგი ლომიძე,,,http://geocinema.ge/ka/movies/3362,http://geocinema.ge/uploads/nophoto.png,ok
3212,"საქართველო ჩვენია! გაიგე, რუსო?!",2008,,,22,,ამირან ისიანი,ამირან ისიანი,ამირან ისიანი,,,,ამირან ისიანი,,http://geocinema.ge/ka/movies/3212,http://geocinema.ge/uploads/nophoto.png,ok
3235,გამოძახილი,1966,დოკუმენტური,საქართველოს სამეცნიერო–პოპულარული და დოკუმენტური ფილმების სტუდია,10,,ზაალ კაკაბაძე,ზაალ კაკაბაძე,შალვა შიოშვილი,,გურამ ბზვანელი,გიორგი ლომიძე,ლარისა ოტრადინსკაია,,http://geocinema.ge/ka/movies/3235,http://geocinema.ge/uploads/nophoto.png,ok
3411,კომპოზიტორი ალექსი მაჭავარიანი,1976,,კომპანია ”ქართული ტელეფილმი”,23,,ალინა აბაშმაძე,ალინა აბაშმაძე,"თამაზ ბიჭიკაევი, გივი მელქაძე",,,"მერაბ გვანცელაძე, მიხეილ დარჩიევი",ვერა შიშმაკოვა–ნიკოლაძე,,http://geocinema.ge/ka/movies/3411,http://geocinema.ge/uploads/nophoto.png,ok
957,ზღვარი,2006,,,13,,არჩილ ვერძაძე,არჩილ ვერძაძე,თემურ სულაბერიძე,,,,,,http://geocinema.ge/ka/movies/957,http://geocinema.ge/uploads/nophoto.png,ok
3366,ჟღერს ქვის ჰარმონია,1978,დოკუმენტური,საქართველოს სამეცნიერო–პოპულარული და დოკუმენტური ფილმების სტუდია,20,,ოთარ გურგენიძე,კონსტანტინე ნაკაშიძე,ელდარ ვაწაძე,თეიმურაზ თურმანიძე,,მერაბ გვანცელაძე,,,http://geocinema.ge/ka/movies/3366,http://geocinema.ge/uploads/nophoto.png,ok
3105,ზღვისეული,2004,,,28,,ალექსანდრე ქორიძე,,,,,,,,http://geocinema.ge/ka/movies/3105,http://geocinema.ge/uploads/nophoto.png,ok
3280,ირმის ნახტომი,1960,,კომპანია ”ქართული ტელეფილმი”,20,,ბექარ მეძმარიაშვილი,"ა. ციბაძე, ბექარ მეძმარიაშვილი",თენგიზ ლომიძე,,,ლევან ქიშმიშევი,,,http://geocinema.ge/ka/movies/3280,http://geocinema.ge/uploads/nophoto.png,ok
3048,მეფე და ბერი,2007,,,26,,მარინე (მარინა) გეგენავა,ნინო სალაძე,დავით გოგილაშვილი,ირაკლი ცხოვრებაძე,,,თეიმურაზ ცავა,,http://geocinema.ge/ka/movies/3048,http://geocinema.ge/uploads/nophoto.png,ok
1012,ღრუბლებს ზემოთ (მთების სიმღერა),2010,,მიდიფილმი,52,,მარი გულბიანი,მარი გულბიანი,მარი გულბიანი,,,მიხეილ შესტოვსკი,ელენე მურჯიკნელი,"ბაჯუ ნაკანი, ქავჯან გეგიევი, ლარისა მარგიანი, მურმან მარგიანი, მურად მარგიანი",http://geocinema.ge/ka/movies/1012,http://geocinema.ge/uploads/nophoto.png,ok
3396,დავით ბადრიძე,1989,დოკუმენტური,საქართველოს სამეცნიერო–პოპულარული და დოკუმენტური ფილმების სტუდია,19,,კონსტანტინე (კოტე) კერესელიძე,მანანა კორძაია,"ნოდარ ჭუმბურიძე, ბორის კობესოვი",ლარისა კერესელიძე,,ზურაბ ფურცელაძე,,,http://geocinema.ge/ka/movies/3396,http://geocinema.ge/uploads/nophoto.png,ok
3123,ღები,2003,,,13,,ქეთევან ნოზაძე,,ქეთევან ნოზაძე,,,,გიგა ჯაფარიძე,,http://geocinema.ge/ka/movies/3123,http://geocinema.ge/uploads/nophoto.png,ok
3191,ოცნება,2009,,"სტუდია ""აკრობატი""",15,,ვახტანგ კუნცევ–გაბაშვილი,ვახტანგ კუნცევ–გაბაშვილი,ვახტანგ კუნცევ–გაბაშვილი,,,ვახტანგ კუნცევ–გაბაშვილი,ვახტანგ კუნცევ–გაბაშვილი,,http://geocinema.ge/ka/movies/3191,http://geocinema.ge/uploads/nophoto.png,ok
3389,წინ არგონავტებო,1988,,კომპანია ”ქართული ტელეფილმი”,40,,ნიკოლოზ (ნიკა) კვიჟინაძე,"ნიკოლოზ (ნიკა) კვიჟინაძე, ჯუმბერ ებრალიძე",ნოდარ ნამგალაძე,"გიორგი (გოგი) მიქელაძე, მედეა ბაქრაძე",,ლევან ქიშმიშევი,,,http://geocinema.ge/ka/movies/3389,http://geocinema.ge/uploads/nophoto.png,ok
3164,იდუმალი ხევსურეთი,2005,,სტუდია ”პილიგრიმი”,26,,დავით გოგუაძე,დავით გოგუაძე,ლევან პატარაია,,,,დავით გოგუაძე,,http://geocinema.ge/ka/movies/3164,http://geocinema.ge/uploads/nophoto.png,ok
3361,დირექტორი,1982,,სასწავლო სტუდია,26,,ვაჟა ზუბაშვილი,ვაჟა ზუბაშვილი,შოთა ნიკოლაიშვილი,,,გურამ შუბლაძე,ოლიკო მეტრეველი,,http://geocinema.ge/ka/movies/3361,http://geocinema.ge/uploads/nophoto.png,ok
3282,მისია,1989,დოკუმენტური,საქართველოს სამეცნიერო–პოპულარული და დოკუმენტური ფილმების სტუდია,,07.11.1989,"ლეონიდ (ლეო) ბაქრაძე, მიხეილ ბაქრაძე","ლეონიდ (ლეო) ბაქრაძე, ვლადიმერ კუპერმანი, მიხეილ ბაქრაძე","ანატოლი შაფრანი, რევაზ (რეზო) მახათაძე",,,სტანისლავ ბიცი,,,http://geocinema.ge/ka/movies/3282,http://geocinema.ge/uploads/nophoto.png,ok
3408,გაზაფხული,1982,დოკუმენტური,საქართველოს სამეცნიერო–პოპულარული და დოკუმენტური ფილმების სტუდია,10,,კონსტანტინე (კოტე) კერესელიძე,ბადრი ჭოხონელიძე,შალვა შიოშვილი,გიორგი (გია) კერესელიძე,,გიორგი ლომიძე,,,http://geocinema.ge/ka/movies/3408,http://geocinema.ge/uploads/nophoto.png,ok
3369,ვასო გოძიაშვილი,2006,,საქართველოს საზოგადოებრივი მაუწყებელი,35,,დავით ქემხაძე,თამარ ბაბუაძე,"რამაზ ბატატუნაშვილი, სანდრო დარახველიძე",,,ალექსანდრე წულუკიძე,ნესტან სინჯიკაშვილი,,http://geocinema.ge/ka/movies/3369,http://geocinema.ge/uploads/nophoto.png,ok
3374,რა ენა წახდეს,1968,დოკუმენტური,საქართველოს სამეცნიერო–პოპულარული და დოკუმენტური ფილმების სტუდია,20,,შერგილ შონია,ლევან (ბუთური) ცინცაძე,ენრიკო გერმესაშვილი,,,გიორგი ლომიძე,კოზეტა კოტრიკაძე,,http://geocinema.ge/ka/movies/3374,http://geocinema.ge/uploads/nophoto.png,ok
3340,დილა მშვიდობისა,1974,,კომპანია ”ქართული ტელეფილმი”,,,ალექსანდრე (ალეკო) ნინუა,"მერაბ ბერიძე, ალექსანდრე (ალეკო) ნინუა",პავლე შნაიდერი,თენგიზ სამსონაძე,,მიხეილ დარჩიევი,ალექსანდრა შულცი,,http://geocinema.ge/ka/movies/3340,http://geocinema.ge/uploads/nophoto.png,ok
3098,მომავალი,2002,,ტელეკომპანია ”IX არხი”,13,,ვლადიმერ (ლადო) სულაქველიძე,ვლადიმერ (ლადო) სულაქველიძე,ივერი ბერიტაშვილი,,,თეიმურაზ კუხიანიძე,ნაირა დილანიანი,,http://geocinema.ge/ka/movies/3098,http://geocinema.ge/uploads/nophoto.png,ok
3309,კვირტები,1981,დოკუმენტური,საქართველოს სამეცნიერო–პოპულარული და დოკუმენტური ფილმების სტუდია,11,,"ჟუჟუნა ლომიძე, იზოლდა შველიძე",ნუცა დუმბაძე,ტარიელ ელიაშვილი,,,თენგიზ (II) მაისურაძე,,,http://geocinema.ge/ka/movies/3309,http://geocinema.ge/uploads/nophoto.png,ok
3161,შავი არტერია,1998,,"სტუდია ""მემატიანე""",,,დავით გოგუაძე,გიორგი სოფაძე,ზურაბ ადუაშვილი,,,გიორგი (გია) აბაშიძე,დავით გოგუაძე,,http://geocinema.ge/ka/movies/3161,http://geocinema.ge/uploads/nophoto.png,ok
3308,წინანდალი,1975,დოკუმენტური,საქართველოს სამეცნიერო–პოპულარული და დოკუმენტური ფილმების სტუდია,10,,"ჟუჟუნა ლომიძე, იზოლდა შველიძე",ელენე (ლენა) ჭავჭავაძე,ტარიელ ელიაშვილი,,,ნათელა გურგენიძე,,,http://geocinema.ge/ka/movies/3308,http://geocinema.ge/uploads/nophoto.png,ok
3094,პერპეტუუმ-მობილე,2005,,,27,,ალექსანდრე ქორიძე,,,,,,,,http://geocinema.ge/ka/movies/3094,http://geocinema.ge/uploads/nophoto.png,ok
1098,დიდი ბიჭი და პატარა ბიჭი,1978,,სასწავლო სტუდია,18,,ნანა ჯანელიძე,ნანა ჯანელიძე,ს. გევორქოვი,,,დიმიტრი გედევანიშვილი,ლილი დაროვსკაია,"მიხეილ კინწურაშვილი, ჯანგულ გოგოლაური, ნელი ხომასურიძე, ვახტანგ კაჯირაშვილი, ნინო თუთბერიძე, ნ. მეგრელიშვილი",http://geocinema.ge/ka/movies/1098,http://geocinema.ge/uploads/nophoto.png,ok
3071,"სტუმრად თუშებთან (ფ. I, ფ. II)",2004,,სტუდია ”პილიგრიმი”,13,,დავით გოგუაძე,დავით გოგუაძე,ლევან პატარაია,დავით გოგუაძე,,ირაკლი ჩხიკვიშვილი,ვასილ გაბუნია,,http://geocinema.ge/ka/movies/3071,http://geocinema.ge/uploads/nophoto.png,ok
3339,ერთი შეხვედრის ქრონიკა,1968,,კომპანია ”ქართული ტელეფილმი”,,,ალექსანდრე (ალეკო) ნინუა,"იური ბენი, რევაზ ურუშაძე",რაფიელ კეზელი,,,მიხეილ დარჩიევი,,,http://geocinema.ge/ka/movies/3339,http://geocinema.ge/uploads/nophoto.png,ok
3300,პირველი ზარი,1972,დოკუმენტური,საქართველოს სამეცნიერო–პოპულარული და დოკუმენტური ფილმების სტუდია,10,,მიხეილ სალუქვაძე,მიხეილ სალუქვაძე,იური ბარამიძე,,,გიორგი ლომიძე,,,http://geocinema.ge/ka/movies/3300,http://geocinema.ge/uploads/nophoto.png,ok
3303,ნუშის სახლი,2007,,სტუდია ”ბაზილიკ–ფილმი”,42,,ნინო ბასილია,ნინო ბასილია,ნინო ბასილია,,,,ნინო ბასილია,,http://geocinema.ge/ka/movies/3303,http://geocinema.ge/uploads/nophoto.png,ok
886,ხლართი,2003,,,14,,ნიკოლოზ ადუაშვილი,ნიკოლოზ ადუაშვილი,ნიკოლოზ ადუაშვილი,"დათო ჯანიაშვილი, ნათია ბებურიშვილი",,,,იოანე (ვანო) ხუციშვილი,http://geocinema.ge/ka/movies/886,http://geocinema.ge/uploads/nophoto.png,ok
3285,ერთ მიწაზე,2006,,"სტუდია  ""კრეატივი""",30,,გიორგი ებრალიძე,ქეთევან სადღობელაშვილი,ზურაბ ოშხნელი,,,ია საკანდელიძე,კონსტანტინე ჯორბენაძე,,http://geocinema.ge/ka/movies/3285,http://geocinema.ge/uploads/nophoto.png,ok
3397,ელისო ვირსალაძე,1973,დოკუმენტური,საქართველოს სამეცნიერო–პოპულარული და დოკუმენტური ფილმების სტუდია,10,,კონსტანტინე (კოტე) კერესელიძე,ზურაბ ჭუბაბრია,ტარიელ ელიაშვილი,,,ალექსანდრე ძაგანია,,,http://geocinema.ge/ka/movies/3397,http://geocinema.ge/uploads/nophoto.png,ok
3400,პიცუნდის ფიჭვნარი,1987,დოკუმენტური,საქართველოს სამეცნიერო–პოპულარული და დოკუმენტური ფილმების სტუდია,10,,კონსტანტინე (კოტე) კერესელიძე,კორინა (კორა) წერეთელი,გენადი (გენო) რეხვიაშვილი,,,ბადრი გოგიბერიძე,,,http://geocinema.ge/ka/movies/3400,http://geocinema.ge/uploads/nophoto.png,ok
3401,ნიკორწმინდა,1977,დოკუმენტური,საქართველოს სამეცნიერო–პოპულარული და დოკუმენტური ფილმების სტუდია,9,,კონსტანტინე (კოტე) კერესელიძე,ა. ხუჭუა,შალვა შიოშვილი,,გ. მჭედლიძე,ვასილ არველაძე,ლარისა ოტრადინსკაია,,http://geocinema.ge/ka/movies/3401,http://geocinema.ge/uploads/nophoto.png,ok
3319,წიგნი უპირველესი,1977,დოკუმენტური,საქართველოს სამეცნიერო–პოპულარული და დოკუმენტური ფილმების სტუდია,20,,"ჟუჟუნა ლომიძე, იზოლდა შველიძე",ზურაბ ჭუბაბრია,ტარიელ ელიაშვილი,,,ნათელა გურგენიძე,,,http://geocinema.ge/ka/movies/3319,http://geocinema.ge/uploads/nophoto.png,ok
3117,ტრიუმფი,2002,,,42,,ზურა ქავთარაძე,ზურა ქავთარაძე,თემურ ფოფხაძე,,,,ზურა ქავთარაძე,,http://geocinema.ge/ka/movies/3117,http://geocinema.ge/uploads/nophoto.png,ok
3410,საქართველოს გზებით,1969,,კომპანია ”ქართული ტელეფილმი”,15,,ალექსანდრე (ალეკო) ნინუა,ალექსანდრე (ალეკო) ნინუა,თენგიზ ლომიძე,თეიმურაზ ფაფერაშვილი,,მიხეილ დარჩიევი,ციური კობერიძე,,http://geocinema.ge/ka/movies/3410,http://geocinema.ge/uploads/nophoto.png,ok
3416,XX საუკუნე,2000,,,7,,მიხეილ ანთაძე,მიხეილ ანთაძე,,,,,"მიხეილ ანთაძე, გიორგი (გია) ჯანელიძე",,http://geocinema.ge/ka/movies/3416,http://geocinema.ge/uploads/nophoto.png,ok
3030,ერთი კენჭი სამშობლო,2008,,,40,,სანდრო დარახველიძე,მარინა გერმანიშვილი,სანდრო დარახველიძე,,,,სანდრო დარახველიძე,,http://geocinema.ge/ka/movies/3030,http://geocinema.ge/uploads/nophoto.png,ok
7075,გულუბრყვილო ბატი ტასიკოს თავგადასავალი,1984,ნახატი,"სს ""ქართული ფილმი""",19,,დავით (თეიმურაზ) სიხარულიძე,მზია კეკელიძე,ვიოლეტა ქაროსანიძე,დავით (თეიმურაზ) სიხარულიძე,თეიმურაზ ბაკურაძე,მადონა თევზაძე,,"მედეა ჯაფარიძე, ირაკლი უჩანეიშვილი, დავით(დოდო) აბაშიძე, მარინე თბილელი, რუსლან მიქაბერიძე",http://geocinema.ge/ka/movies/7075,http://geocinema.ge/uploads/nophoto.png,ok
3316,ვახტანგ VI,1977,დოკუმენტური,საქართველოს სამეცნიერო–პოპულარული და დოკუმენტური ფილმების სტუდია,19,,"ჟუჟუნა ლომიძე, იზოლდა შველიძე","ჟუჟუნა ლომიძე, იზოლდა შველიძე",ტარიელ ელიაშვილი,,,ნათელა გურგენიძე,,,http://geocinema.ge/ka/movies/3316,http://geocinema.ge/uploads/nophoto.png,ok
3072,ეკოტოპია,2006,,სტუდია ”პილიგრიმი”,20,,დავით გოგუაძე,დავით გოგუაძე,ლევან პატარაია,დავით გოგუაძე,,ირაკლი ჩხიკვიშვილი,ვასილ გაბუნია,,http://geocinema.ge/ka/movies/3072,http://geocinema.ge/uploads/nophoto.png,ok
3402,ალავერდი,1977,,,9,,კონსტანტინე (კოტე) კერესელიძე,დავით ჯავახიშვილი,შალვა შიოშვილი,,,ალექსანდრე ძაგანია,,,http://geocinema.ge/ka/movies/3402,http://geocinema.ge/uploads/nophoto.png,ok
3403,უჩინარი სახელი,1989,,,10,,კონსტანტინე (კოტე) კერესელიძე,დავით გუჯაბიძე,"ნოდარ ჭუმბურიძე, დავით გუჯაბიძე",,,ზურაბ ფურცელაძე,,,http://geocinema.ge/ka/movies/3403,http://geocinema.ge/uploads/nophoto.png,ok
3371,მოგზაურობა ფოლკლორში,2005,,,40,,გია დიასამიძე,,გია დიასამიძე,,ზაზა კორინთელი,ლევან კიკვიძე,მაია გვახარია,,http://geocinema.ge/ka/movies/3371,http://geocinema.ge/uploads/nophoto.png,ok
3406,ტყის ძმები,2003,,,,,ირინა ბოკუჩავა,ირინა ბოკუჩავა,გიორგი იმედაშვილი,,,,გიორგი იმედაშვილი,,http://geocinema.ge/ka/movies/3406,http://geocinema.ge/uploads/nophoto.png,ok
3200,ოთარ მეღვინეთუხუცესი,1999,,,,,გიორგი (გოგა) ჩართოლანი,,,,,,,,http://geocinema.ge/ka/movies/3200,http://geocinema.ge/uploads/nophoto.png,ok
7036,ვინსენტი,2005,თოჯინური,ტელეკომპანია ”იმედი”,2,,გიორგი (II) თავაძე,გიორგი (II) თავაძე,გიორგი (II) თავაძე,გიორგი (II) თავაძე,,,გელა კინწურაშვილი,,http://geocinema.ge/ka/movies/7036,http://geocinema.ge/uploads/nophoto.png,ok
3107,სტიპენდიატები,2002,,,33,,ალექსანდრე ქორიძე,,,,,,,,http://geocinema.ge/ka/movies/3107,http://geocinema.ge/uploads/nophoto.png,ok
3356,ოსტატობის გაკვეთილები,1986,დოკუმენტური,საქართველოს სამეცნიერო–პოპულარული და დოკუმენტური ფილმების სტუდია,10,,ვაჟა ზუბაშვილი,დოდო თოფურია,ლერი მიხანაშვილი,,,ლუდმილა რუხაძე,,,http://geocinema.ge/ka/movies/3356,http://geocinema.ge/uploads/nophoto.png,ok
3163,აშტოობა დანოში,2005,,სტუდია ”პილიგრიმი”,30,,დავით გოგუაძე,დავით გოგუაძე,ლევან პატარაია,,,,დავით გოგუაძე,,http://geocinema.ge/ka/movies/3163,http://geocinema.ge/uploads/nophoto.png,ok
3373,მოლოდინი,2010,,,65,,გია დიასამიძე,,ლაშა კანდელაკი,,ზაზა კორინთელი,"სანდრო მაზიაშვილი, ლევან მიქელაძე",თინათინ ნიკურაძე,,http://geocinema.ge/ka/movies/3373,http://geocinema.ge/uploads/nophoto.png,ok
3392,ფაგობიოდერმი,2001,,,30,,დავით ქვარცხავა,დავით ქვარცხავა,"გელა ყაველაშვილი, რამაზ გიორგაშვილი",,,,"გიორგი ქოჩიაშვილი, დავით მაკარიძე",,http://geocinema.ge/ka/movies/3392,http://geocinema.ge/uploads/nophoto.png,ok
3104,მონასტერი,2003,,,21,,ალექსანდრე ქორიძე,,,,,,,,http://geocinema.ge/ka/movies/3104,http://geocinema.ge/uploads/nophoto.png,ok
3162,გზა მომავლისაკენ,2003,,სტუდია ”პილიგრიმი”,26,,დავით გოგუაძე,დავით გოგუაძე,ლევან პატარაია,,,,ვასილ გაბუნია,,http://geocinema.ge/ka/movies/3162,http://geocinema.ge/uploads/nophoto.png,ok
7063,ბალთანოზავრი,1983,,"სს ""ქართული ფილმი""",10,,ლევან ჭყონია,ლევან ჭყონია,ცირა კენჭიაშვილი,ლევან ჭყონია,იოსებ (სოსო) ბარდანაშვილი,მადონა თევზაძე,მარიამ ფრიდონოვა,,http://geocinema.ge/ka/movies/7063,http://geocinema.ge/uploads/nophoto.png,ok
3346,ჩუქურთმის საგალობელი,1987,დოკუმენტური,საქართველოს სამეცნიერო–პოპულარული და დოკუმენტური ფილმების სტუდია,18,,გია ჭუბაბრია,"თენგიზ მახარაშვილი, გია ჭუბაბრია",გია ჭუბაბრია,,,გიორგი (გია) აბაშიძე,,,http://geocinema.ge/ka/movies/3346,http://geocinema.ge/uploads/nophoto.png,ok
3177,ანარეკლი,2009,,ა-ფილმი,10,,გიორგი მრევლიშვილი,გიორგი მრევლიშვილი,გიკა ჭელიძე,,დავით ხოსიტაშვილი,"მიხაელ მიულერი, ბიორნ ვიზე",ბორის მნუხინი,,http://geocinema.ge/ka/movies/3177,http://geocinema.ge/uploads/nophoto.png,ok
3288,პოემა შირაქზე,1931,,"სს ""სახკინმრეწვი""",,,შალვა ხუსკივაძე,შალვა ხუსკივაძე,ნ. აღდგომელაშვილი,,,,,,http://geocinema.ge/ka/movies/3288,http://geocinema.ge/uploads/nophoto.png,ok
3273,ღია ცის ქვეშ,2007,,,13,,გიორგი ჭიჭინაძე,გიორგი ჭიჭინაძე,,,,გიორგი (გია) აბაშიძე,გიორგი ჭიჭინაძე,,http://geocinema.ge/ka/movies/3273,http://geocinema.ge/uploads/nophoto.png,ok
3417,"მთები, მთები!",1976,,კომპანია ”ქართული ტელეფილმი”,17,,თამაზ კონტრიძე,თამაზ კონტრიძე,ილია ვაჩნაძე,,,მიხეილ დარჩიევი,,,http://geocinema.ge/ka/movies/3417,http://geocinema.ge/uploads/nophoto.png,ok
3407,მსოფლიოს ფანჯარა,1978,დოკუმენტური,საქართველოს სამეცნიერო–პოპულარული და დოკუმენტური ფილმების სტუდია,17,,კონსტანტინე (კოტე) კერესელიძე,ლია მაჭუტაძე,გენადი (გენო) რეხვიაშვილი,გიორგი (გია) კერესელიძე,,თენგიზ (II) მაისურაძე,,,http://geocinema.ge/ka/movies/3407,http://geocinema.ge/uploads/nophoto.png,ok
7043,რიტუალი,2010,,სტუდია რიტუალი,15,,"ზაალ სულაკაური, გელა ბერიანიძე, ვიქტორ წიკლაური",გელა ბერიანიძე,,ზაალ სულაკაური,,,"გელა ბერიანიძე, ვიქტორ წიკლაური",,http://geocinema.ge/ka/movies/7043,http://geocinema.ge/uploads/nophoto.png,ok
3202,უშანგი ჩხეიძე,1999,,,,,გიორგი (გოგა) ჩართოლანი,,,,,,,,http://geocinema.ge/ka/movies/3202,http://geocinema.ge/uploads/nophoto.png,ok
3232,შვილიკა,1965,დოკუმენტური,საქართველოს სამეცნიერო–პოპულარული და დოკუმენტური ფილმების სტუდია,10,,ზაალ კაკაბაძე,ნინო გოგობერიძე,ვასილ (კოკი) შანიძე,,,გიორგი ლომიძე,ლარისა ოტრადინსკაია,თინიკო ბუჩუკური,http://geocinema.ge/ka/movies/3232,http://geocinema.ge/uploads/nophoto.png,ok
3395,გასტროლები,1979,დოკუმენტური,საქართველოს სამეცნიერო–პოპულარული და დოკუმენტური ფილმების სტუდია,26,,კონსტანტინე (კოტე) კერესელიძე,კონსტანტინე (კოტე) კერესელიძე,გენადი (გენო) რეხვიაშვილი,,,გიორგი ლომიძე,ირა ნიკოლაძე,,http://geocinema.ge/ka/movies/3395,http://geocinema.ge/uploads/nophoto.png,ok
3201,გურამ საღარაძე,1999,,,,,გიორგი (გოგა) ჩართოლანი,,,,,,,,http://geocinema.ge/ka/movies/3201,http://geocinema.ge/uploads/nophoto.png,ok
3404,საუკუნის დანაშაული,1997,,,,,ირინა ბოკუჩავა,ირინა ბოკუჩავა,"ილია ვაჩნაძე, სვიატოსლავ სერგაევი",,,ელენა ალექსანდროვა,ალექსეი მაკლაკოვი,,http://geocinema.ge/ka/movies/3404,http://geocinema.ge/uploads/nophoto.png,ok
3418,ნოსტალგია,1995,,სამეცნიერო-პოპულარული და საგანმანათლებლო პროგრამების მთავარი რედაქციის სტუდია,12,,"დოდო ლორთქიფანიძე, დათო გამგონეიშვილი","თენგიზ შველიძე, მერაბ გოდერძიშვილი",თემურ ჯიბლაძე,,ია საკანდელიძე,,,"ელენე (ბაკა) კვირცხალია, ზაზა (ბაჩო) ჩხეიძე",http://geocinema.ge/ka/movies/3418,http://geocinema.ge/uploads/nophoto.png,ok
7039,პარად ამური,2003,,"შემოქმედებითი კავშირი ""პილოტები""",7,,თამარ სულამანიძე,თამარ სულამანიძე,,გიორგი ჟორდანია,,,ვატო ვარაზი,,http://geocinema.ge/ka/movies/7039,http://geocinema.ge/uploads/nophoto.png,ok
3399,ბალადა,1972,დოკუმენტური,საქართველოს სამეცნიერო–პოპულარული და დოკუმენტური ფილმების სტუდია,9,,კონსტანტინე (კოტე) კერესელიძე,ბრონისლავ თევზაძე,გურიელ (გურამ) როგავა,,,გიორგი ლომიძე,,,http://geocinema.ge/ka/movies/3399,http://geocinema.ge/uploads/nophoto.png,ok
7021,ვაკუუმი,2009,,ლირა პროდაქშენი,4,,დავით კიკნაველიძე,"ლალი კიკნაველიძე, დავით კიკნაველიძე",,დავით კიკნაველიძე,,,დავით კიკნაველიძე,,http://geocinema.ge/ka/movies/7021,http://geocinema.ge/uploads/nophoto.png,ok
7065,მოწმე,1991,,"სს ""ქართული ფილმი""",10,,ბონდო შოშიტაიშვილი,"ბონდო შოშიტაიშვილი, გიორგი (გია) ლაფაური",შოთა კილაძე,გიორგი (გია) ლაფაური,ნოდარ მამისაშვილი,გარი კუნცევი,მარიამ კობახიძე,,http://geocinema.ge/ka/movies/7065,http://geocinema.ge/uploads/nophoto.png,ok
3398,იდუმალება,1981,დოკუმენტური,საქართველოს სამეცნიერო–პოპულარული და დოკუმენტური ფილმების სტუდია,17,,კონსტანტინე (კოტე) კერესელიძე,დავით მაჭავარიანი,რევაზ მხეიძე,,,გიორგი ლომიძე,,,http://geocinema.ge/ka/movies/3398,http://geocinema.ge/uploads/nophoto.png,ok
3415,მისამართი - მიწისქვეშა მაგისტრალი,1974,,კომპანია ”ქართული ტელეფილმი”,16,,გიორგი კერესელიძე,"დ. კიკვაძე, მერაბ ბერაძე",ვალერი ტატიაშვილი,,,შოველ ჩიტიძე,ვერა შიშმაკოვა–ნიკოლაძე,,http://geocinema.ge/ka/movies/3415,http://geocinema.ge/uploads/nophoto.png,ok
7082,თერძი ბესო,1977,ნახატი,"სს ""ქართული ფილმი""",10,,ლუის ფერნანდესი,ალექსანდრე მანწკავა,ვიოლეტა ქაროსანიძე,ბესარიონ ხიდაშელი,მარიამ (მერი) დავითაშვილი,გურამ შუბლაძე,მარიამ კობახიძე,,http://geocinema.ge/ka/movies/7082,http://geocinema.ge/uploads/nophoto.png,ok
3421,მაცხოვარი ლატალისა,2008,,,48,,სპარტაკ ფარჯიანი,სპარტაკ ფარჯიანი,"ბექა ფარჯიანი, დავით ასათიანი",,,,დავით ქაცარავა,,http://geocinema.ge/ka/movies/3421,http://geocinema.ge/uploads/nophoto.png,ok
1071,სიძე,2008,,"კინოფირმა ""ერმალო-ფილმი""",29,,ერმალო მაღრაძე,ერმალო მაღრაძე,ერმალო მაღრაძე,,,ვეფხია კიკნაველიძე,"კახა დევიძე, გრიგოლ კახელი","ლადო მანაგაძე, ირაკლი გოცაძე, ბაქარ კელენჯერიძე, სალომე გაჩეჩილაძე, ლია ხარატიშვილი, ბადრი ტაბატაძე, გივი კახნიაშვილი, ხათუნა ხარატიშვილი, მანანა ხიდაშელი, გიორგი ჭანტურიძე, რამინ ბრეგვაძე, ლელა მაღრაძე, ნინი ჭუმბურიძე, გელა მგელაძე, ჯაბა ნინიკაშვილი",http://geocinema.ge/ka/movies/1071,http://geocinema.ge/uploads/nophoto.png,ok
7091,"ო, მოდა, მოდა...",1968,ნახატი,"სს ""ქართული ფილმი""",20,,ვახტანგ ბახტაძე,"ნინა ბენაშვილი, ია მუხრანელი",ვიოლეტა ქაროსანიძე,"იოსებ სამსონაძე, ლუის ფერნანდესი",ნუგზარ ვაწაძე,ოთარ გეგეჭკორი,მადონა თევზაძე,,http://geocinema.ge/ka/movies/7091,http://geocinema.ge/uploads/nophoto.png,ok
7095,მძლეთამძლე,1991,ნახატი,კინოსტუდია ”ორბი”,10,,ამირან ისიანი,ამირან ისიანი,ვიოლეტა ქაროსანიძე,ამირან ისიანი,ბორის შხიანი,გიორგი (გია) აბაშიძე,,,http://geocinema.ge/ka/movies/7095,http://geocinema.ge/uploads/nophoto.png,ok
7074,გაზაფხულის დაბადების დღე,1985,ნახატი,"სს ""ქართული ფილმი""",10,,კონსტანტინე (კოტე) მაცაბერიძე,"ირაკლი გოცირიძე, იოსებ სამსონაძე",ცირა კენჭიაშვილი,"ოლეგ ქოჩაკიძე, ალექსანდრე სლოვინსკი, იური ჩიკვაიძე",ალექსანდრე რაქვიაშვილი,გარი კუნცევი,,,http://geocinema.ge/ka/movies/7074,http://geocinema.ge/uploads/nophoto.png,ok
7092,"მონადირე, ბიჭი და ძაღლი",1970,თოჯინური,"სს ""ქართული ფილმი""",10,,კარლო სულაკაური,მურმან ლებანიძე,გიორგი (გოგი) კასრაძე,ლუის ფერნანდესი,ნუგზარ ვაწაძე,დავით ლომიძე,გივი სვანიძე,,http://geocinema.ge/ka/movies/7092,http://geocinema.ge/uploads/nophoto.png,ok
3039,ახმეტელის 4,2007,,,65,,არჩილ ხეთაგური,,არჩილ ხეთაგური,,,არჩილ ხეთაგური,კატარინა ტუერლერი,,http://geocinema.ge/ka/movies/3039,http://geocinema.ge/uploads/nophoto.png,ok
3326,მცხეთა,1993,,ფირმა-სტუდია ”ჰორიზონტი”,20,,იზოლდა შველიძე,კონსტანტინე ნაკაშიძე,"ტარიელ ელიაშვილი, იმედა მაღლაკელიძე",,,,,,http://geocinema.ge/ka/movies/3326,http://geocinema.ge/uploads/nophoto.png,ok
1038,მარიამი,2003,,,19,,ქეთევან (ქეთი) მაჭავარიანი,ქეთევან (ქეთი) მაჭავარიანი,გიორგი შველიძე,სალომე სხირტლაძე,,ირაკლი ივანიშვილი,,მარიამ შველიძე,http://geocinema.ge/ka/movies/1038,http://geocinema.ge/uploads/nophoto.png,ok
7096,რანინა,1974,,"სს ""ქართული ფილმი""",9,,მიხეილ ბახანოვი,ნ. გოგოლიშვილი,ლუბა კვალიაშვილი,მამია მალაზონია,ჯანსუღ კახიძე,გურამ შუბლაძე,გივი სვანიძე,,http://geocinema.ge/ka/movies/7096,http://geocinema.ge/uploads/nophoto.png,ok
3462,მზიური აჭარა,1958,დოკუმენტური,საქართველოს სამეცნიერო–პოპულარული და დოკუმენტური ფილმების სტუდია,20,,შალვა ჩაგუნავა,"ა. შერვაშიძე, შალვა ჩაგუნავა",ლეონ არზუმანოვი,,არჩილ კერესელიძე,ალექსანდრე ძაგანია,,,http://geocinema.ge/ka/movies/3462,http://geocinema.ge/uploads/nophoto.png,ok
1069,განაპირა სახლი,1991,,კომპანია ”ქართული ტელეფილმი”,50,,ირაკლი მახარაძე,ირაკლი მახარაძე,"ტრისტან კანდელაკი, რამაზ ბატატუნაშვილი",,,,,"კახა თავართქილაძე, ლელა წურწუმია, მარლენ შენგელია",http://geocinema.ge/ka/movies/1069,http://geocinema.ge/uploads/nophoto.png,ok
7076,ჭირი,1983,ნახატი,"სს ""ქართული ფილმი""",10,,დავით თაყაიშვილი,დავით (თეიმურაზ) სიხარულიძე,ვიოლეტა ქაროსანიძე,დავით (თეიმურაზ) სიხარულიძე,თეიმურაზ ბაკურაძე,მადონა თევზაძე,,,http://geocinema.ge/ka/movies/7076,http://geocinema.ge/uploads/nophoto.png,ok
3492,ავთო ვარაზი (ვარაზიშვილი),2008,,საქართველოს საზოგადოებრივი მაუწყებელი,43,,ალექსი (ალეკო) ჯავახიშვილი,მიხეილ ბასილაძე,კახა ბუხრაშვილი,,,,ნესტან სინჯიკაშვილი,,http://geocinema.ge/ka/movies/3492,http://geocinema.ge/uploads/nophoto.png,ok
3469,ქართული მონეტები,1973,,კომპანია ”ქართული ტელეფილმი”,16,,მერაბ გაგუა,"დავით კაპანაძე, ვახტანგ გაგუა",მერაბ გაგუა,გივი კერვალიშვილი,,მერაბ გვანცელაძე,ციური კობერიძე,,http://geocinema.ge/ka/movies/3469,http://geocinema.ge/uploads/nophoto.png,ok
3470,გალაკტიონ ტაბიძე,1971,დოკუმენტური,საქართველოს სამეცნიერო–პოპულარული და დოკუმენტური ფილმების სტუდია,20,,შალვა ჩაგუნავა,კლავდია დევდარიანი,გიორგი ლეკვეიშვილი,,,ალექსანდრე ძაგანია,,,http://geocinema.ge/ka/movies/3470,http://geocinema.ge/uploads/nophoto.png,ok
3478,აღმოსავლეთის ექსპრესი,1995,,კომპანია ”ქართული ტელეფილმი”,18,,ირაკლი მახარაძე,"გიორგი ბარნოვი (ბარნაველი), თამაზ მამულაშვილი",ილია ვაჩნაძე,,,,,,http://geocinema.ge/ka/movies/3478,http://geocinema.ge/uploads/nophoto.png,ok
7070,სადა ხარ ჩემო სავანა?,1975,ნახატი,"სს ""ქართული ფილმი""",10,,"ოლეგ ქოჩაკიძე, ალექსანდრე სლოვინსკი, იური ჩიკვაიძე",რევაზ (რეზო) თაბუკაშვილი,ლუბა კვალიაშვილი,"ოლეგ ქოჩაკიძე, ალექსანდრე სლოვინსკი, იური ჩიკვაიძე",გია ყანჩელი,ვლადიმერ დოლიძე,,,http://geocinema.ge/ka/movies/7070,http://geocinema.ge/uploads/nophoto.png,ok
7071,ოქრო,1966,ნახატი,"სს ""ქართული ფილმი""",20,,ოთარ ანდრონიკაშვილი,"ოლეგ ქოჩაკიძე, ალექსანდრე სლოვინსკი, იური ჩიკვაიძე",ლუბა კვალიაშვილი,"ილია დოიაშვილი, ოლეგ ქოჩაკიძე, ალექსანდრე სლოვინსკი, იური ჩიკვაიძე",გია ყანჩელი,თენგიზ ნანობაშვილი,,,http://geocinema.ge/ka/movies/7071,http://geocinema.ge/uploads/nophoto.png,ok
958,ვისი ბრალია?,1930,მუნჯი,"სს ""სახკინმრეწვი""",45,,სერგეი ფედორჩენკო,პეტრე მორსკოი,დ. ბარათაშვილი,ვალენტინა რეხაკი,,,,"ცაცა (ეკატერინე) ამირეჯიბი, ბელა ბელეცკაია, არკადი ხინთიბიძე, ნიკოლაი კოლომენსკი, შაქრო გურამოვი, ივანე ტალანოვი, პავლე სხირტლაძე",http://geocinema.ge/ka/movies/958,http://geocinema.ge/uploads/nophoto.png,ok
3551,შემოდგომა თბილისის აივნებზე,1971,დოკუმენტური,საქართველოს სამეცნიერო–პოპულარული და დოკუმენტური ფილმების სტუდია,10,,სერგეი სტრახოვი,თამაზ გომელაური,ნოდარ ფალიაშვილი,ამირ კაკაბაძე,ა. ვოლკონსკი,გიორგი ლომიძე,,,http://geocinema.ge/ka/movies/3551,http://geocinema.ge/uploads/nophoto.png,ok
7072,ჭა,1974,ნახატი,"სს ""ქართული ფილმი""",10,,ბორის სტარიკოვსკი,ანზორ ჯუღელი,შონ პაი,"შადიმან ჭავჭავაძე, ოლეგ ქოჩაკიძე, ალექსანდრე სლოვინსკი, იური ჩიკვაიძე",ნუგზარ ვაწაძე,ვლადიმერ დოლიძე,,,http://geocinema.ge/ka/movies/7072,http://geocinema.ge/uploads/nophoto.png,ok
3414,არატრადიციული ენერგეტიკა,1999,,,26,,მალხაზ ასლამაზაშვილი,მალხაზ ასლამაზაშვილი,მალხაზ ასლამაზაშვილი,,,,მალხაზ ასლამაზაშვილი,,http://geocinema.ge/ka/movies/3414,http://geocinema.ge/uploads/nophoto.png,ok
3550,ნათელი იგი,2004,,,170,,"ირაკლი პაპავა, ნინო ჭავჭავაძე",ირაკლი პაპავა,"დავით (II) კანდელაკი, ავთანდილ ქურასბედიანი",,ია საკანდელიძე,,ლევან ქიქავა,,http://geocinema.ge/ka/movies/3550,http://geocinema.ge/uploads/nophoto.png,ok
3405,ლილეო,2002,,,68,,"ირინა ბოკუჩავა, ლელა წიფურია","ლელა წიფურია, ირინა ბოკუჩავა",გია ბაზაძე,,,,ნონა მიქიაშვილი,,http://geocinema.ge/ka/movies/3405,http://geocinema.ge/uploads/nophoto.png,ok
1013,ნაპირი (ლეგენდა ადამსა და ლილიტზე),2010,,,19,,არჩილ ხეთაგური,"არჩილ ხეთაგური, ილეანა სტანკულესკუ",არჩილ ხეთაგური,სანდრო გაგნიაშვილი,,ალექსეი ტუგუშინი,"კატარინა ტიურლერი, არჩილ ხეთაგური","ლაშა ზალქალიანი, ჰითერ ვეირი, სოფო ჩირაძე",http://geocinema.ge/ka/movies/1013,http://geocinema.ge/uploads/nophoto.png,ok
3502,მთაწმინდის პანთეონი,2010,,საქართველოს საზოგადოებრივი მაუწყებელი,52,,ლევან ახობაძე,მიხეილ ბასილაძე,კახა ბუხრაშვილი,,,,ალექსანდრე ერმაკოვი,,http://geocinema.ge/ka/movies/3502,http://geocinema.ge/uploads/nophoto.png,ok
7078,ეფემერა,1982,ნახატი,"სს ""ქართული ფილმი""",19,,დავით (თეიმურაზ) სიხარულიძე,დავით (თეიმურაზ) სიხარულიძე,"თენგიზ (თენგული) ქუთათელაძე, გიორგი (გია) ჯაგარბეკოვი","მალხაზ კუხაშვილი, გულნარა ქურდიანი",თეიმურაზ ბაკურაძე,მადონა თევზაძე,ალექსანდრა შულცი,,http://geocinema.ge/ka/movies/7078,http://geocinema.ge/uploads/nophoto.png,ok
7081,ისევ მზეჭაბუკსა და გველეშაპზე,1976,ნახატი,"სს ""ქართული ფილმი""",10,,მერაბ სარალიძე,მერაბ სარალიძე,ვიოლეტა ქაროსანიძე,"ბესარიონ ხიდაშელი, კონსტანტინე (კოტე) მაცაბერიძე",ალექსანდრე რაქვიაშვილი,გარი კუნცევი,მარიამ ფრიდონოვა,,http://geocinema.ge/ka/movies/7081,http://geocinema.ge/uploads/nophoto.png,ok
3488,"ხომლი, ფილმი II",2010,,სტუდია ”პილიგრიმი”,28,,დავით გოგუაძე,დავით გოგუაძე,"დავით გოგუაძე, გორგასლან (გოგლიკა) ხაინდრავა, ტატო კოტეტიშვილი, ნიკა ლებანიძე, ჯაბა კლდიაშვილი",,,,დავით გოგუაძე,,http://geocinema.ge/ka/movies/3488,http://geocinema.ge/uploads/nophoto.png,ok
3534,ილია ჭავჭავაძის მკვლელობის ქრონიკა,2007,,საქართველოს საზოგადოებრივი მაუწყებელი,34,,ლევან ადამია,ნუგზარ შატაიძე,"კახა ბუხრაშვილი, სანდრო დარახველიძე",ირინა შარაბიძე,გოგი ძოძუაშვილი,ირაკლი ქაცარავა,ალექსანდრე ერმაკოვი,,http://geocinema.ge/ka/movies/3534,http://geocinema.ge/uploads/nophoto.png,ok
3435,ეს არის ქვეყანა…,2010,,თრასტ სტუდიო,,,ალექსანდრე (სანდრო) კაკულია,ალექსანდრე (სანდრო) კაკულია,"გოგა დევდარიანი, დავით ჭყოიძე, ტატო ბარჯაძე, დავით ბორჩხიძე",,,,ირაკლი გაბუნია,,http://geocinema.ge/ka/movies/3435,http://geocinema.ge/uploads/nophoto.png,ok
7099,ფაკირი,1979,,"სს ""ქართული ფილმი""",10,,ბონდო შოშიტაიშვილი,ბონდო შოშიტაიშვილი,ვიოლეტა ქაროსანიძე,გიორგი (გია) ლაფაური,იოსებ (სოსო) ბარდანაშვილი,ვლადიმერ ნიკონოვი,მარიამ კობახიძე,,http://geocinema.ge/ka/movies/7099,http://geocinema.ge/uploads/nophoto.png,ok
3477,აბა იო და აბა ჰეი (ტრიბუნების ოთხი მხარე),1988,,კომპანია ”ქართული ტელეფილმი”,,,"ირაკლი მახარაძე, ლერი სიხარულიძე",ლერი სიხარულიძე,"თენგიზ ლომიძე, ალექსანდრე ზენაიშვილი",,,"მიხეილ დარჩიევი, დიმიტრი გედევანიშვილი",,,http://geocinema.ge/ka/movies/3477,http://geocinema.ge/uploads/nophoto.png,ok
7094,ბომბორა სწავლას იწყებს,1973,თოჯინური,"სს ""ქართული ფილმი""",8,,კარლო სულაკაური,"არჩილ სულაკაური, ვადიმ კურჩევსკი, კარლო სულაკაური",ვიოლეტა ქაროსანიძე,"თეიმურაზ მურვანიძე, ლუის ფერნანდესი",თენგიზ შავლოხაშვილი,დავით ლომიძე,გივი სვანიძე,,http://geocinema.ge/ka/movies/7094,http://geocinema.ge/uploads/nophoto.png,ok
7086,ობობა და მზე,1986,თოჯინური,"სს ""ქართული ფილმი""",10,,კარლო სულაკაური,ნაირა გელაშვილი,შოთა კილაძე,კირა მიქელაძე,ნანი ბრეგვაძე,მადონა თევზაძე,,,http://geocinema.ge/ka/movies/7086,http://geocinema.ge/uploads/nophoto.png,ok
3419,პროგრესი,1995,,სამეცნიერო-პოპულარული და საგანმანათლებლო პროგრამების მთავარი რედაქციის სტუდია,11,,"დოდო ლორთქიფანიძე, დათო გამგონეიშვილი","თენგიზ შველიძე, მერაბ გოდერძიშვილი",თემურ ჯიბლაძე,,ია საკანდელიძე,,,"თამარ (თამუნა) გეგეჭკორი, მერაბ (II) გეგეჭკორი",http://geocinema.ge/ka/movies/3419,http://geocinema.ge/uploads/nophoto.png,ok
3429,ქალაქი მთაში,1968,,კომპანია ”ქართული ტელეფილმი”,,,გურამ ჟვანია,გურამ ჟვანია,დავით სხირტლაძე,,ნუნუ დუღაშვილი,მიხეილ დარჩიევი,,,http://geocinema.ge/ka/movies/3429,http://geocinema.ge/uploads/nophoto.png,ok
7084,ხარისხის ნიშანი,1981,ნახატი,"სს ""ქართული ფილმი""",10,,მერაბ სარალიძე,მერაბ სარალიძე,ვიოლეტა ქაროსანიძე,ბესარიონ ხიდაშელი,თენგიზ შავლოხაშვილი,მადონა თევზაძე,,,http://geocinema.ge/ka/movies/7084,http://geocinema.ge/uploads/nophoto.png,ok
7080,მამაცი მთამსვლელები,1950,,თბილისის კინოსტუდია,10,,"არკადი ხინთიბიძე, ვლადიმერ მუჯირი",ვლადიმერ მუჯირი,"ლუბა კვალიაშვილი, სარა სპარსიაშვილი",მიხეილ სეხნიაშვილი,არჩილ კერესელიძე,"ვასილ დოლენკო, როსტისლავ ლაპინსკი",,,http://geocinema.ge/ka/movies/7080,http://geocinema.ge/uploads/nophoto.png,ok
3413,გარეთ კი შემოდგომაა,1997,,,26,,მალხაზ ასლამაზაშვილი,მალხაზ ასლამაზაშვილი,გიორგი ჭუმბურიძე,,გიორგი ჭილაშვილი,,გიორგი ჭუმბურიძე,,http://geocinema.ge/ka/movies/3413,http://geocinema.ge/uploads/nophoto.png,ok
3114,ელდარ მამედ-ზადე,2000,,,10,,მიხეილ კეკელიძე,მიხეილ კეკელიძე,გიორგი ჯანიაშვილი,,,,ალექსი (ალეკო) ჯავახიშვილი,,http://geocinema.ge/ka/movies/3114,http://geocinema.ge/uploads/nophoto.png,ok
866,შემდეგი,2004,,"სტუდია ""პრემიერი""",6,,ნატო გიორგაძე,ნატო გიორგაძე,ლევან აბულაძე,ქეთი ფერაძე,,,"გიორგი მანჯგალაძე, ნატო გიორგაძე","მაია ხმალაძე, გელა გვილია, გიორგი გიორგაძე",http://geocinema.ge/ka/movies/866,http://geocinema.ge/uploads/nophoto.png,ok
7069,კონკურენცია,1970,ნახატი,"სს ""ქართული ფილმი""",40,,"ოლეგ ქოჩაკიძე, ალექსანდრე სლოვინსკი, იური ჩიკვაიძე","ოლეგ ქოჩაკიძე, ალექსანდრე სლოვინსკი, იური ჩიკვაიძე",გიორგი (გოგი) კასრაძე,"ოლეგ ქოჩაკიძე, ალექსანდრე სლოვინსკი, იური ჩიკვაიძე",გია ყანჩელი,თენგიზ ნანობაშვილი,,,http://geocinema.ge/ka/movies/7069,http://geocinema.ge/uploads/nophoto.png,ok
3547,ღირსი მამა ალექსი,2009,,"საპატრიარქოს ტელევიზია ""ერთსულოვნება""",19,,ირაკლი პაპავა,"დავით შუშანია, ირაკლი პაპავა",დავით შუშანია,,,,,,http://geocinema.ge/ka/movies/3547,http://geocinema.ge/uploads/nophoto.png,ok
3471,ნორვეგიის ფიორდები,1975,,კომპანია ”ქართული ტელეფილმი”,,,გიორგი ბარნოვი (ბარნაველი),თენგიზ შველიძე,გივი მელქაძე,,,ი. ვოსკრესენსკაია,,,http://geocinema.ge/ka/movies/3471,http://geocinema.ge/uploads/nophoto.png,ok
3465,"რასაც დასთეს, იმას მოიმკი (აგრომინიმუმი)",1930,,"სს ""სახკინმრეწვი""",25,,კოტე მიქაბერიძე,,ნ. აღდგომელაშვილი,,,,ვასილ დოლენკო,,http://geocinema.ge/ka/movies/3465,http://geocinema.ge/uploads/nophoto.png,ok
7093,ბაჩო მიდის ბებიასთან,1979,თოჯინური,"სს ""ქართული ფილმი""",,,კარლო სულაკაური,"ოტია იოსელიანი, კარლო სულაკაური",შოთა კილაძე,"მერაბ ციცქიშვილი, კ. იმერლიშვილი",შოთა მილორავა,,,,http://geocinema.ge/ka/movies/7093,http://geocinema.ge/uploads/nophoto.png,ok
3549,ანანური,2000,,"ტელეკომპანია ""იბერია""",7,,ვაჟა ზუბაშვილი,,ლევან კანტიძე,,,,მერაბ ცხადაია,,http://geocinema.ge/ka/movies/3549,http://geocinema.ge/uploads/nophoto.png,ok
3486,სახელმწიფო სახელმწიფოში,2003,,"კინოფირმა ""ერმალო-ფილმი""",15,,ერმალო მაღრაძე,ზურაბ ლომთაძე,მიხეილ კაკაურიძე,,,,ერმალო მაღრაძე,,http://geocinema.ge/ka/movies/3486,http://geocinema.ge/uploads/nophoto.png,ok
3515,გაგრა-ბიჭვინთა,1977,,"სს ""ქართული ფილმი""",25,,გენრი კავლელიშვილი,გენრი კავლელიშვილი,გენრი კავლელიშვილი,,,გურამ შუბლაძე,მარგალიტა მარგველაშვილი,,http://geocinema.ge/ka/movies/3515,http://geocinema.ge/uploads/nophoto.png,ok
3455,თემის მარცვალი,1985,დოკუმენტური,საქართველოს სამეცნიერო–პოპულარული და დოკუმენტური ფილმების სტუდია,20,,ელდარ მდინარაძე,ნონა ღამბაშიძე,ელდარ ვაწაძე,,,გიორგი (გია) აბაშიძე,,,http://geocinema.ge/ka/movies/3455,http://geocinema.ge/uploads/nophoto.png,ok
3432,ბაქანი,1984,,,10,,გია ბალიაშვილი,ალექსანდრე ჟღენტი,,,,,,,http://geocinema.ge/ka/movies/3432,http://geocinema.ge/uploads/nophoto.png,ok
7098,საფრთხობელები,1996,,"სს ""ქართული ფილმი""",10,,მერაბ სარალიძე,მერაბ სარალიძე,ვიოლეტა ქაროსანიძე,ირინა ბარანოვა,,გარი კუნცევი,დ. კობახიძე,,http://geocinema.ge/ka/movies/7098,http://geocinema.ge/uploads/nophoto.png,ok
3464,ჯიმარაი ჰოხ,1938,,თბილისის კინოსტუდია,9,,ვლადიმერ ვალიშვილი,,ლეონ არზუმანოვი,,რევაზ გაბიჩვაძე,როსტისლავ ლაპინსკი,,,http://geocinema.ge/ka/movies/3464,http://geocinema.ge/uploads/nophoto.png,ok
3521,აფხაზეთი,1977,,კომპანია ”ქართული ტელეფილმი”,25,,გენრი კავლელიშვილი,ივანე თარბა,გენრი კავლელიშვილი,,,მიხეილ დარჩიევი,ალექსანდრა შულცი,,http://geocinema.ge/ka/movies/3521,http://geocinema.ge/uploads/nophoto.png,ok
3548,ოთხი საუკუნის შემდეგ,2001,,ტელეკომპანია ”IX არხი”,31,,ირაკლი პაპავა,ირაკლი ტრიპოლსკი,ლერი მიხანაშვილი,,,,,,http://geocinema.ge/ka/movies/3548,http://geocinema.ge/uploads/nophoto.png,ok
3542,ორი დებიუტი,1986,დოკუმენტური,საქართველოს სამეცნიერო–პოპულარული და დოკუმენტური ფილმების სტუდია,19,,"ნიკოლოზ კუზანოვი, ელენე შერენცი-კორძაია",ბორის ანდრონიკაშვილი,დემურ დანელია,ვიგენ ვართანოვი,,თენგიზ (II) მაისურაძე,,,http://geocinema.ge/ka/movies/3542,http://geocinema.ge/uploads/nophoto.png,ok
3484,საიმედო კავშირი,2004,,"კინოფირმა ""ერმალო-ფილმი""",22,,ერმალო მაღრაძე,ზურაბ ლომთაძე,მიხეილ კაკაურიძე,,,,პეტრე რობაქიძე,,http://geocinema.ge/ka/movies/3484,http://geocinema.ge/uploads/nophoto.png,ok
3530,"კუმისი ""ივერთა და დიდებულთა...""",1997,,"შემოქმედებითი გაერთიანება ""მამული""",18,,გივი ვეფხვაძე,გივი ვეფხვაძე,გურამ სარაჯიშვილი,,,,გიგა ჯაფარიძე,,http://geocinema.ge/ka/movies/3530,http://geocinema.ge/uploads/nophoto.png,ok
3533,ციმბირის პაპა,1968,,კომპანია ”ქართული ტელეფილმი”,44,,გივი ვეფხვაძე,"რევაზ ურუშაძე, თეიმურაზ (თემო) ნაცვლიშვილი","სოსო შენგელია, თენგიზ ლომიძე",თენგიზ სამსონაძე,ნუნუ დუღაშვილი,მიხეილ დარჩიევი,,,http://geocinema.ge/ka/movies/3533,http://geocinema.ge/uploads/nophoto.png,ok
3522,ბზიფის ხეობა,1981,,კომპანია ”ქართული ტელეფილმი”,15,,გენრი კავლელიშვილი,"ალექსი არღუნი, გენრი კავლელიშვილი",გენრი კავლელიშვილი,,,მერაბ გვანცელაძე,ნუცა შოშიტაიშვილი,,http://geocinema.ge/ka/movies/3522,http://geocinema.ge/uploads/nophoto.png,ok
3430,გაუმარჯოს პრეზიდენტს!,1991,,,31,,ალექსანდრე ჟღენტი,ალექსანდრე ჟღენტი,ამირან მურვანიძე,,,,,,http://geocinema.ge/ka/movies/3430,http://geocinema.ge/uploads/nophoto.png,ok
3437,ლიდერი ყოველთვის მართალია,2010,,საპროდუქციო კომპანია ”საქდოკ ფილმი”,40,,სალომე ჯაში,,"შალვა სოყურაშვილი, სალომე ჯაში",,,დავით სიხარულიძე,სალომე ჯაში,,http://geocinema.ge/ka/movies/3437,http://geocinema.ge/uploads/nophoto.png,ok
3487,სიცოცხლის წყარო,2007,,"კინოფირმა ""ერმალო-ფილმი""",60,,ერმალო მაღრაძე,მანანა ხიდაშელი,ერმალო მაღრაძე,,,,ფრიდონ იშხნელი,,http://geocinema.ge/ka/movies/3487,http://geocinema.ge/uploads/nophoto.png,ok
3463,აჭარის სანაპიროზე,1940,,თბილისის კინოსტუდია,11,,შალვა მარტაშვილი,შალვა მარტაშვილი,ვლადიმერ კერესელიძე,,,ა. კამიონსკი,,,http://geocinema.ge/ka/movies/3463,http://geocinema.ge/uploads/nophoto.png,ok
3527,სადაური ვარ,1994,დოკუმენტური,საქართველოს სამეცნიერო–პოპულარული და დოკუმენტური ფილმების სტუდია,10,,ვაჟა ზუბაშვილი,ვაჟა ზუბაშვილი,ლერი მიხანაშვილი,,,თეიმურაზ კუხიანიძე,ლილი სარაჯიშვილი,,http://geocinema.ge/ka/movies/3527,http://geocinema.ge/uploads/nophoto.png,ok
3532,ხევსურთა საქმე,2009,,საქართველოს საზოგადოებრივი მაუწყებელი,26,,ლევან ადამია,მიხეილ ჩერქეზია,"ბესიკ გაფრინდაშვილი, გიორგი ბაბილოძე",ნინო კალანდაძე,გოგი ძოძუაშვილი,ვახტანგ ვახტანგიშვილი,ალექსანდრე ერმაკოვი,,http://geocinema.ge/ka/movies/3532,http://geocinema.ge/uploads/nophoto.png,ok
3525,ვერძობა,2007,,თეატრისა და კინოს უნივერსიტეტი,15,,მარიამ ხაჭვანი,მარიამ ხაჭვანი,გიორგი მაზმიშვილი,,,ირაკლი ფუტკარაძე,ირაკლი მაქაცარია,,http://geocinema.ge/ka/movies/3525,http://geocinema.ge/uploads/nophoto.png,ok
3529,მახსოვს ხარაგაული,1999,,ტელეკომპანია ”I არხი”,23,,გივი ვეფხვაძე,გია პაპუაშვილი,"ბაქარ პაპუაშვილი, გურამ სარაჯიშვილი",,ნატო ჩაკვეტაძე,,სლავა ოგანესიანი,,http://geocinema.ge/ka/movies/3529,http://geocinema.ge/uploads/nophoto.png,ok
7083,ზღაპარი ბორბლებზე,1981,თოჯინური,"სს ""ქართული ფილმი""",15,,კარლო სულაკაური,"კარლო სულაკაური, ევგენი აგრანოვიჩი, თამარ სვანი",შოთა კილაძე,თამაზ აბაშიძე,შოთა მილორავა,ვლადიმერ ნიკონოვი,მარიამ კობახიძე,,http://geocinema.ge/ka/movies/7083,http://geocinema.ge/uploads/nophoto.png,ok
3523,მირაჟი,2000,,ფირმა CTR,26,,ამირან (II) ამირანაშვილი,ამირან (II) ამირანაშვილი,"გიორგი ოვაშვილი, ალექსანდრე ქვირია",,გიორგი (მირიანი) მირიანაშვილი,,გიორგი გელაშვილი,,http://geocinema.ge/ka/movies/3523,http://geocinema.ge/uploads/nophoto.png,ok
3476,აკადემიკოსი მუსხელიშვილი,1966,,თბილისის ტელეხედვის სტუდია,8,,მერაბ ჯალიაშვილი,მერაბ ჯალიაშვილი,დავით სხირტლაძე,,,ლევან ქიშმიშევი,,,http://geocinema.ge/ka/movies/3476,http://geocinema.ge/uploads/nophoto.png,ok
3482,ბახმაროს დოღი,1989,,კომპანია ”ქართული ტელეფილმი”,30,,"ლერი სიხარულიძე, ირაკლი მახარაძე","ლერი სიხარულიძე, ირაკლი მახარაძე","პავლე სუხოვი, ალექსანდრე ზენაიშვილი",,,,,,http://geocinema.ge/ka/movies/3482,http://geocinema.ge/uploads/nophoto.png,ok
3493,ტაო-კლარჯეთი,2010,,,128,,ზურა ქავთარაძე,ვაჟა დავითაძე,ზურა ქავთარაძე,,,,ზურა ქავთარაძე,,http://geocinema.ge/ka/movies/3493,http://geocinema.ge/uploads/nophoto.png,ok
1046,სონატა,2010,,,13,,ზაზა მერაბიშვილი,ჯაბა რუაძე,ოლეგ გავრინი,ნინი ნადირაშვილი,,,ვახტანგ ვახტანგიშვილი,"პაატა  გოგია, თამარ (II) ჭაბუკიანი",http://geocinema.ge/ka/movies/1046,http://geocinema.ge/uploads/nophoto.png,ok
3485,ჟამი მოლოცვისა,2001,,"კინოფირმა ""ერმალო-ფილმი""",49,,ერმალო მაღრაძე,ერმალო მაღრაძე,მიხეილ კაკაურიძე,,,,მიხეილ კაკაურიძე,,http://geocinema.ge/ka/movies/3485,http://geocinema.ge/uploads/nophoto.png,ok
3519,თუშეთის ფერები,1973,,კომპანია ”ქართული ტელეფილმი”,15,,გენრი კავლელიშვილი,ვალერიან სულაკაური,გენრი კავლელიშვილი,,იაკობ ბობოხიძე,მიხეილ დარჩიევი,,,http://geocinema.ge/ka/movies/3519,http://geocinema.ge/uploads/nophoto.png,ok
3526,რაჭა,2002,,"ტელეკომპანია ""იბერია""",3,,ვაჟა ზუბაშვილი,,ლევან ლეკიაშვილი,,,,მერაბ ცხადაია,,http://geocinema.ge/ka/movies/3526,http://geocinema.ge/uploads/nophoto.png,ok
3481,სახლი ლხინისა,1998,,კომპანია ”ქართული ტელეფილმი”,30,,ირაკლი მახარაძე,"ირაკლი მახარაძე, შადიმან ჭავჭავაძე",რამაზ ბატატუნაშვილი,შადიმან ჭავჭავაძე,,რუსუდან არაბიძე,,,http://geocinema.ge/ka/movies/3481,http://geocinema.ge/uploads/nophoto.png,ok
3433,საქართველოს ზარები,1993,,,20,,ალექსანდრე ჟღენტი,ალექსანდრე ჟღენტი,,,,,,,http://geocinema.ge/ka/movies/3433,http://geocinema.ge/uploads/nophoto.png,ok
3461,კოლმეურნის ჰიგიენა,1934,,"სს ""სახკინმრეწვი""",17,,ვახტანგ შველიძე,,ბორის პუმპიანსკი,შალვა მამალაძე,,,,,http://geocinema.ge/ka/movies/3461,http://geocinema.ge/uploads/nophoto.png,ok
3520,მიწისქვეშა სასახლე,1978,,კომპანია ”ქართული ტელეფილმი”,20,,გენრი კავლელიშვილი,გენრი კავლელიშვილი,გენრი კავლელიშვილი,ელენე ფაილოძე,,მერაბ გვანცელაძე,ალექსანდრა შულცი,,http://geocinema.ge/ka/movies/3520,http://geocinema.ge/uploads/nophoto.png,ok
3541,მოხეტიალე მუსიკოსი,1987,დოკუმენტური,საქართველოს სამეცნიერო–პოპულარული და დოკუმენტური ფილმების სტუდია,23,,"ნიკოლოზ კუზანოვი, ელენე შერენცი-კორძაია",ავთანდილ ქურხული,დემურ დანელია,,,ლუდმილა რუხაძე,,,http://geocinema.ge/ka/movies/3541,http://geocinema.ge/uploads/nophoto.png,ok
3537,სერგო ქობულაძე,1977,დოკუმენტური,საქართველოს სამეცნიერო–პოპულარული და დოკუმენტური ფილმების სტუდია,,,ოთარ გურგენიძე,ლია მაჭუტაძე,ალექსანდრე სემიონოვი,,,ალექსანდრე ძაგანია,,,http://geocinema.ge/ka/movies/3537,http://geocinema.ge/uploads/nophoto.png,ok
3518,წინანდალი,1971,,კომპანია ”ქართული ტელეფილმი”,15,,ნოდარ ფირანიშვილი,გიორგი ბოგველიშვილი,გენრი კავლელიშვილი,,,ელდარ ბაღდავაძე,ლუდმილა (ლუსია) უნანიანი,,http://geocinema.ge/ka/movies/3518,http://geocinema.ge/uploads/nophoto.png,ok
3546,მოწოდება,1982,დოკუმენტური,საქართველოს სამეცნიერო–პოპულარული და დოკუმენტური ფილმების სტუდია,19,,ჯემალ გურგენიძე,"დავით ჩუბინიშვილი, ჯემალ გურგენიძე",ლერი მიხანაშვილი,,,ვ. იგნატიევი,,,http://geocinema.ge/ka/movies/3546,http://geocinema.ge/uploads/nophoto.png,ok
3439,აგვისტო 2008,2010,,,18,,ანა ჩერქეზიშვილი,,"ირაკლი ახალკაცი, ანა ჩერქეზიშვილი",,,ირაკლი ახალკაცი,ირაკლი ახალკაცი,,http://geocinema.ge/ka/movies/3439,http://geocinema.ge/uploads/nophoto.png,ok
3510,ადამიანი ოჩამჩირედან,1982,დოკუმენტური,საქართველოს სამეცნიერო–პოპულარული და დოკუმენტური ფილმების სტუდია,20,,ლეონიდ (ლეო) ბაქრაძე,ლეონიდ გურევიჩი,ანატოლი შაფრანი,,ალექსანდრე გოლდშტეინი,სტანისლავ ბიცი,ოლღა ტროფიმოვა,,http://geocinema.ge/ka/movies/3510,http://geocinema.ge/uploads/nophoto.png,ok
3051,ოთახი მათთვის,2007,,,7,,გიორგი აბაშიშვილი,,სუნიამ რიგერი,,,რიკე ჰოლტცი,,,http://geocinema.ge/ka/movies/3051,http://geocinema.ge/uploads/nophoto.png,ok
3187,KNO 3 - შავი დენთი,2009,,,38,,ნინო ღვედაშვილი,,ნინო ღვედაშვილი,ირაკლი ლომსაძე,,ირაკლი ლომსაძე,"ირაკლი ლომსაძე, კაკო ლომსაძე",,http://geocinema.ge/ka/movies/3187,http://geocinema.ge/uploads/nophoto.png,ok
3474,ცით შეპყრობილი,1978,დოკუმენტური,საქართველოს სამეცნიერო–პოპულარული და დოკუმენტური ფილმების სტუდია,30,,ლეონიდ (ლეო) ბაქრაძე,"ლეონიდ (ლეო) ბაქრაძე, დავით მაჭავარიანი","ვადიმ ალისოვი, ანატოლი შაფრანი",,,სტანისლავ ბიცი,ოლღა ტროფიმოვა,,http://geocinema.ge/ka/movies/3474,http://geocinema.ge/uploads/nophoto.png,ok
3468,კინემანოგრაფი,1979,დოკუმენტური,საქართველოს სამეცნიერო–პოპულარული და დოკუმენტური ფილმების სტუდია,10,,თამაზ გოცირიძე,"ზურაბ ჭუბაბრია, თამაზ გოცირიძე",დემურ დანელია,,,მ. მიჩილაშვილი,ირა ნიკოლაძე,,http://geocinema.ge/ka/movies/3468,http://geocinema.ge/uploads/nophoto.png,ok
3544,ბურთი საუკუნეთა მიღმიდან,1977,დოკუმენტური,საქართველოს სამეცნიერო–პოპულარული და დოკუმენტური ფილმების სტუდია,10,,ჯემალ გურგენიძე,ნელი დოლიძე,ნოდარ ფალიაშვილი,,,გიორგი (გია) აბაშიძე,,,http://geocinema.ge/ka/movies/3544,http://geocinema.ge/uploads/nophoto.png,ok
3535,ტურის დღე,2010,,საქართველოს საზოგადოებრივი მაუწყებელი,45,,ლევან ადამია,მიხეილ ჩერქეზია,"ბესიკ გაფრინდაშვილი, გიორგი ბაბილოძე",,,,ალექსანდრე ერმაკოვი,,http://geocinema.ge/ka/movies/3535,http://geocinema.ge/uploads/nophoto.png,ok
3543,ვასო აბაევი,1989,დოკუმენტური,საქართველოს სამეცნიერო–პოპულარული და დოკუმენტური ფილმების სტუდია,15,,ვლადიმერ ვალიშვილი,"ნელი დოლიძე, ვლადიმერ ვალიშვილი","ბორის კობესოვი, ალბერტ ბზაროვი, სულთან ცორიევი",,,მ. ნოზაძე,,,http://geocinema.ge/ka/movies/3543,http://geocinema.ge/uploads/nophoto.png,ok
3538,ბუნება გვკარნახობს,1977,დოკუმენტური,საქართველოს სამეცნიერო–პოპულარული და დოკუმენტური ფილმების სტუდია,,,თეიმურაზ ჭოხონელიძე,"ნელი დოლიძე, თეიმურაზ ჭოხონელიძე, ა. მაჩალაძე",თეიმურაზ ჭოხონელიძე,,,ვასილ არველაძე,,,http://geocinema.ge/ka/movies/3538,http://geocinema.ge/uploads/nophoto.png,ok
3524,მთავრობის სახლი,1992,დოკუმენტური,საქართველოს სამეცნიერო–პოპულარული და დოკუმენტური ფილმების სტუდია,10,,ვაჟა ზუბაშვილი,ვაჟა ზუბაშვილი,ლერი მიხანაშვილი,,,თეიმურაზ კუხიანიძე,ირა ნიკოლაძე,,http://geocinema.ge/ka/movies/3524,http://geocinema.ge/uploads/nophoto.png,ok
3438,ქედელი ანუ მომავალი ყოველთვის მოდის,2010,,კავშირი “სტუდიომობილი - აქცენტი მოძრაობაზე”,36,,ლიანა ჯაყელი,ლიანა ჯაყელი,მიხეილ შესტოვსკი,,,,,,http://geocinema.ge/ka/movies/3438,http://geocinema.ge/uploads/nophoto.png,ok
3436,ეს გოგონა ჩემია,2010,,,45,,გიორგი (გია) ჯანელიძე,გიორგი (გია) ჯანელიძე,"გიორგი (გია) ჯანელიძე, შოთა გუჯაბიძე, გიგა ჩხეიძე",,,,,,http://geocinema.ge/ka/movies/3436,http://geocinema.ge/uploads/nophoto.png,ok
3539,ცეცხლში ნაწრთობნი,1977,დოკუმენტური,საქართველოს სამეცნიერო–პოპულარული და დოკუმენტური ფილმების სტუდია,,,გია ჭუბაბრია,გიორგი ლებანიძე,გია ჭუბაბრია,,,გურამ შუბლაძე,,,http://geocinema.ge/ka/movies/3539,http://geocinema.ge/uploads/nophoto.png,ok
3536,აკადემიკოსი ივანე ბერიტაშვილი - 80,1964,,კომპანია ”ქართული ტელეფილმი”,9,,გივი ვეფხვაძე,,გივი ვეფხვაძე,,,,,,http://geocinema.ge/ka/movies/3536,http://geocinema.ge/uploads/nophoto.png,ok
3540,აკადემიკოსი მუსხელიშვილი,1968,დოკუმენტური,საქართველოს სამეცნიერო–პოპულარული და დოკუმენტური ფილმების სტუდია,21,,შერგილ შონია,ნელი დოლიძე,თეიმურაზ ჭოხონელიძე,,ვახტანგ კუხიანიძე,გიორგი ლომიძე,,,http://geocinema.ge/ka/movies/3540,http://geocinema.ge/uploads/nophoto.png,ok
1094,სულის შარავანდი,2009,,"სტუდია ""იაკამი""",5,,ლია დაუშვილი,სოფიო დაუშვილი,აკაკი დაუშვილი,,,,გელა ჯალიაშვილი,"გიორგი მურადოვი, კარლო ქართველიშვილი, ბესარიონ თარხნიშვილი, ზურაბ მაისურაძე",http://geocinema.ge/ka/movies/1094,http://geocinema.ge/uploads/nophoto.png,ok
3511,თვალსაზრისით,1975,დოკუმენტური,საქართველოს სამეცნიერო–პოპულარული და დოკუმენტური ფილმების სტუდია,19,,"ნელი დოლიძე, თეიმურაზ ჭოხონელიძე",ნელი დოლიძე,თეიმურაზ ჭოხონელიძე,,,ალექსანდრე ძაგანია,,,http://geocinema.ge/ka/movies/3511,http://geocinema.ge/uploads/nophoto.png,ok
3475,"იჩქარეთ, გააკეთეთ სიკეთე",1975,დოკუმენტური,საქართველოს სამეცნიერო–პოპულარული და დოკუმენტური ფილმების სტუდია,28,,ლეონიდ (ლეო) ბაქრაძე,ლეონიდ გურევიჩი,ანატოლი შაფრანი,,,სტანისლავ ბიცი,,,http://geocinema.ge/ka/movies/3475,http://geocinema.ge/uploads/nophoto.png,ok
1095,მეტამორფოზა,2010,,"სტუდია ""იაკამი""",16,,ლია დაუშვილი,სოფიო დაუშვილი,აკაკი დაუშვილი,,,,ვასილ ბაბუაშვილი,"კარლო ქართველიშვილი, დაჩი მაისურაძე, გიორგი მურადოვი",http://geocinema.ge/ka/movies/1095,http://geocinema.ge/uploads/nophoto.png,ok
3545,პოემა ქვებზე,1975,დოკუმენტური,საქართველოს სამეცნიერო–პოპულარული და დოკუმენტური ფილმების სტუდია,9,,ჯემალ გურგენიძე,ჯემალ გურგენიძე,გურიელ (გურამ) როგავა,ა. ვოლკოვი,,ა. სტეფანოვი,,,http://geocinema.ge/ka/movies/3545,http://geocinema.ge/uploads/nophoto.png,ok
3473,გული,1979,,კომპანია ”ქართული ტელეფილმი”,45,,ლეონიდ (ლეო) ბაქრაძე,ლეონიდ გურევიჩი,"კრისტიან ვალდესი, ანატოლი შაფრანი",,,სტანისლავ ბიცი,ოლღა ტროფიმოვა,,http://geocinema.ge/ka/movies/3473,http://geocinema.ge/uploads/nophoto.png,ok
3472,მრავალჟამიერი,1980,დოკუმენტური,საქართველოს სამეცნიერო–პოპულარული და დოკუმენტური ფილმების სტუდია,30,,ლეონიდ (ლეო) ბაქრაძე,ლეონიდ გურევიჩი,"კრისტიან ვალდესი, ანატოლი შაფრანი, რამაზ კაკულია",,,სტანისლავ ბიცი,ოლღა ტროფიმოვა,,http://geocinema.ge/ka/movies/3472,http://geocinema.ge/uploads/nophoto.png,ok
3512,მახარბეკ ტუგანოვი,1971,დოკუმენტური,საქართველოს სამეცნიერო–პოპულარული და დოკუმენტური ფილმების სტუდია,20,,ვლადიმერ ვალიშვილი,ა. ვალიევი,,,,გიორგი ლომიძე,,,http://geocinema.ge/ka/movies/3512,http://geocinema.ge/uploads/nophoto.png,ok
7073,სებასტიანის ისტორია,2010,,თეატრისა და კინოს უნივერსიტეტი,4,,ნინო (II) ჩხეიძე,ნინო (II) ჩხეიძე,,,,თენგიზ (II) ასიტაშვილი,თინათინ ებრალიძე,,http://geocinema.ge/ka/movies/7073,http://geocinema.ge/uploads/nophoto.png,ok
3434,ეთერი,2007,,,12,,ხათუნა ხუნდაძე,ხათუნა ხუნდაძე,ლევან კანტიძე,,,,მერაბ ახვლედიანი,,http://geocinema.ge/ka/movies/3434,http://geocinema.ge/uploads/nophoto.png,ok
7317,ხელოვანთა კადრები,2005,,,28,,შოთა  კალანდაძე,,,,,,,"სოფიკო ჭიაურელი, რამაზ ჩხიკვაძე, თენგიზ (ჩუბჩიკა) მირზაშვილი, მზია მაღლაკელიძე, ედმონდ კალანდაძე",http://geocinema.ge/ka/movies/7317,http://geocinema.ge/uploads/xelovanta kadrebi.jpg,ok
7101,ხაბარდა,1931,,"სს ""სახკინმრეწვი""",63,,მიხეილ ჭიაურელი,მიხეილ ჭიაურელი,ანტონ პოლიკევიჩი,,,,,"ნიკო გოცირიძე, შ. ასათიანი, პ. ჭყონია",http://geocinema.ge/ka/movies/7101,http://geocinema.ge/uploads/Khabarda.jpg,ok
7100,"წარსულის საშინელებანი - მეორე სერია - ""ათასის ფასად""",1925,დრამა,"სს ""სახკინმრეწვი""",50,,,,,,,,,,http://geocinema.ge/ka/movies/7100,http://geocinema.ge/uploads/ზომაშეცვლილი/წარსულის კოშმარები.jpg,ok
7326,წარსული სიყვარულის გახსენება,2009,,,16,,შოთა  კალანდაძე,,,,,,,"დოდო ჭიჭინაძე, ლიანა ასათიანი, მზია მაღლაკელიძე, მერაბ თაბუკაშვილი, ლევან ლანჩავა, თიკო ბერძენიშვილი",http://geocinema.ge/ka/movies/7326,http://geocinema.ge/uploads/warsuli siyvarulis.jpg,ok
7324,კადრები კოსმოსში,2008,,,16,,შოთა  კალანდაძე,,,,,,,"კახი კავსაძე, რეზო ესაძე, ნანკა კალატოზიშვილი, დოდო ჭიჭინაძე, სოფიკო ჭიაურელი, მზია მაღლაკელიძე, რამაზ ნოზაძე, ნინო ბურდული",http://geocinema.ge/ka/movies/7324,http://geocinema.ge/uploads/Kadrebi.jpg,ok
7319,ზურაბ ნიჟარაძე სახელოსნოში - ნოველების სერია,2008,,,30,,შოთა  კალანდაძე,,,,,,,"ზურაბ(პიკო) ნიჟარაძე, ლელა წურწუმია",http://geocinema.ge/ka/movies/7319,http://geocinema.ge/uploads/zurab.jpg,ok
7322,პატარა კინო ისტორიები,2008,,,28,,შოთა  კალანდაძე,,,,,,,"ნანკა კალატოზიშვილი, ლიკა ქავჟარაძე, მარინა კახიანი, როლანდ ოქროპირიძე, ლევან ჯიბღაშვილი, მაკა შალიკაშვილი",http://geocinema.ge/ka/movies/7322,http://geocinema.ge/uploads/patara kino.jpg,ok
7349,ამბავი ღალატზე,2005,,,12,,შოთა  კალანდაძე,,,,,,,"მარინა კახიანი, ნათია მაქაცარია, ირაკლი კეიდია",http://geocinema.ge/ka/movies/7349,http://geocinema.ge/uploads/Ambavi .jpg,ok
